Timeline,Start time,Duration,Row,Instance number,DEFENSE,HALF COURT ACTIONS,HALF COURT OFFENSE,OFFENSE,ON COURT,Result,TRANSITION,Ungrouped,Notes,Flags
Game #4 - Cincinnati 11-22-23 (FINAL),89.61763333333333,19.266900000666666,OFFENSE,1,,,P/R,,"#24 Abram, #13 Kelly, #14 Reeves, #12 Claude, #11 Ndongo",TO,,,,
Game #4 - Cincinnati 11-22-23 (FINAL),123.818,10.016766666666669,OFFENSE,2,,,P/R,,"#24 Abram, #13 Kelly, #14 Reeves, #12 Claude, #11 Ndongo",TO,,,,
Game #4 - Cincinnati 11-22-23 (FINAL),190.118766667,3.016733333000019,OFFENSE,3,,,,,"#24 Abram, #13 Kelly, #14 Reeves, #12 Claude, #11 Ndongo",TO,TRANSITION,,,
Game #4 - Cincinnati 11-22-23 (FINAL),199.718866667,19.116833333000017,OFFENSE,4,,,,,"#24 Abram, #13 Kelly, #14 Reeves, #12 Claude, #11 Ndongo",,,,,
Game #4 - Cincinnati 11-22-23 (FINAL),239.58603333333335,13.200066666666658,OFFENSE,5,,,ISO,"SLOB Off, Forced Foul","#24 Abram, #13 Kelly, #14 Reeves, #12 Claude, #11 Ndongo",X2F,,"Left Short Midrange 2, Reeves #14, ",,
Game #4 - Cincinnati 11-22-23 (FINAL),272.03606666666667,7.7502666666666755,OFFENSE,6,,,ISO,,"#24 Abram, #13 Kelly, #14 Reeves, #12 Claude, #11 Ndongo",FT - MK,,,,
Game #4 - Cincinnati 11-22-23 (FINAL),368.09262691600264,5.602894708653764,OFFENSE,7,,,ISO,,"#24 Abram, #13 Kelly, #14 Reeves, #12 Claude, #11 Ndongo",FT - MK,,,,
Game #4 - Cincinnati 11-22-23 (FINAL),433.2379666666667,18.450333333333333,OFFENSE,8,,,ISO,,"#24 Abram, #13 Kelly, #14 Reeves, #12 Claude, #11 Ndongo",O2,,"Deep Right Wing 2, Abram #24, ",,
Game #4 - Cincinnati 11-22-23 (FINAL),464.95503333333335,11.833466666666652,OFFENSE,9,,,P/R,Forced Foul,"#24 Abram, #13 Kelly, #14 Reeves, #12 Claude, #11 Ndongo",X2F,,"At Rim, Kelly #13, ",,New Flag
Game #4 - Cincinnati 11-22-23 (FINAL),495.78856666666667,4.75,OFFENSE,10,,,P/R,,"#24 Abram, #13 Kelly, #14 Reeves, #12 Claude, #11 Ndongo",FT - MK,,,,
Game #4 - Cincinnati 11-22-23 (FINAL),510.28856666666667,5.249966666666694,OFFENSE,11,,,P/R,,"#24 Abram, #13 Kelly, #14 Reeves, #12 Claude, #11 Ndongo",FT - MK,,,,
Game #4 - Cincinnati 11-22-23 (FINAL),536.9224666666667,24.78363333333334,OFFENSE,12,,,ISO,,"#24 Abram, #13 Kelly, #14 Reeves, #12 Claude, #11 Ndongo",X2,,"Right Short Midrange 2, Kelly #13, ",,
Game #4 - Cincinnati 11-22-23 (FINAL),569.3727666666666,25.000233333333426,OFFENSE,13,,,OTHER,BLOB Off,"#24 Abram, #13 Kelly, #12 Claude, #14 Reeves, #11 Ndongo",TO,,,,
Game #4 - Cincinnati 11-22-23 (FINAL),637.290233334,17.833466665999936,OFFENSE,14,,,P/R,,,X3,,"Left Wing 3, Kelly #13, ",,
Game #4 - Cincinnati 11-22-23 (FINAL),887.1938171676546,19.298897040338716,OFFENSE,15,,,CUT,,"#1 Sturdivant, #13 Kelly, #3 Coleman, #12 Claude, #10 Dowuona",O2,,"At Rim, Claude #12, ",,
Game #4 - Cincinnati 11-22-23 (FINAL),927.2265,14.57007387365229,OFFENSE,16,,,,,"#1 Sturdivant, #13 Kelly, #3 Coleman, #12 Claude, #10 Dowuona",,,,,
Game #4 - Cincinnati 11-22-23 (FINAL),949.23281575,13.377517583999975,OFFENSE,17,,,SLOB,SLOB Off,"#1 Sturdivant, #13 Kelly, #3 Coleman, #23 Sacko, #10 Dowuona",TO,,,,
Game #4 - Cincinnati 11-22-23 (FINAL),1000.2604333333334,21.45046666666667,OFFENSE,18,,,P/R,,"#1 Sturdivant, #13 Kelly, #3 Coleman, #23 Sacko, #10 Dowuona",TO,,,,
Game #4 - Cincinnati 11-22-23 (FINAL),1048.127866667,5.416766667000047,OFFENSE,19,,,,Transition O,"#1 Sturdivant, #13 Kelly, #3 Coleman, #23 Sacko, #10 Dowuona",O2,TRANSITION,"At Rim, Kelly #13, ",,
Game #4 - Cincinnati 11-22-23 (FINAL),1128.8287,18.733600000000024,OFFENSE,20,,,P/R,,"#1 Sturdivant, #11 Ndongo, #3 Coleman, #23 Sacko, #10 Dowuona",X2,,"Deep Right Wing 2, Sturdivant #1, ",,
Game #4 - Cincinnati 11-22-23 (FINAL),1158.9624,13.48343333400021,OFFENSE,21,,,DK/MVMT,,"#1 Sturdivant, #11 Ndongo, #3 Coleman, #23 Sacko, #10 Dowuona",X3,,"Left Wing 3, Coleman #3, ",,
Game #4 - Cincinnati 11-22-23 (FINAL),1421.4318666666666,33.76693333333333,OFFENSE,22,,,OTHER,Press O,"#1 Sturdivant, #11 Ndongo, #3 Coleman, #4 Murphy, #10 Dowuona",X2,,"Ndongo #11, Paint, ",,
Game #4 - Cincinnati 11-22-23 (FINAL),1478.015733334,11.966766666000012,OFFENSE,23,,,P/R,Forced Foul,"#1 Sturdivant, #11 Ndongo, #3 Coleman, #4 Murphy, #10 Dowuona",O2F,,"At Rim, Ndongo #11, ",,
Game #4 - Cincinnati 11-22-23 (FINAL),1521.2326333333333,11.5,OFFENSE,24,,,P/R,,"#1 Sturdivant, #11 Ndongo, #3 Coleman, #10 Dowuona, #4 Murphy",FT - MK,,,,
Game #4 - Cincinnati 11-22-23 (FINAL),1557.5999,17.93356666700015,OFFENSE,25,,,P/R,GT Off Reb,"#24 Abram, #11 Ndongo, #14 Reeves, #4 Murphy, #12 Claude",X3,,"Left Wing 3, Murphy #4, ",,
Game #4 - Cincinnati 11-22-23 (FINAL),1575.533466667,3.6832999996665876,OFFENSE,26,,,OREB,,"#24 Abram, #11 Ndongo, #14 Reeves, #12 Claude, #4 Murphy",X2F,,"Ndongo #11, At Rim, ",,
Game #4 - Cincinnati 11-22-23 (FINAL),1613.2338,12.0,OFFENSE,27,,,OREB,,"#24 Abram, #11 Ndongo, #14 Reeves, #4 Murphy, #12 Claude",FT - MI,,,,
Game #4 - Cincinnati 11-22-23 (FINAL),1636.7338,6.267000000000053,OFFENSE,28,,,OREB,,"#24 Abram, #11 Ndongo, #14 Reeves, #4 Murphy, #12 Claude",FT - MI,,,,
Game #4 - Cincinnati 11-22-23 (FINAL),1727.3182333333334,30.25036666666665,OFFENSE,29,,,P/R,,"#24 Abram, #13 Kelly, #14 Reeves, #11 Ndongo, #12 Claude",TO,,,,
Game #4 - Cincinnati 11-22-23 (FINAL),1789.7522666666666,14.000033333333477,OFFENSE,30,,,,Forced Foul,"#24 Abram, #13 Kelly, #14 Reeves, #23 Sacko, #12 Claude",,,,,
Game #4 - Cincinnati 11-22-23 (FINAL),1821.2193666666667,35.01693333333333,OFFENSE,31,,,OTHER,SLOB Off,"#24 Abram, #13 Kelly, #14 Reeves, #23 Sacko, #12 Claude",TO,,,,
Game #4 - Cincinnati 11-22-23 (FINAL),1941.3873,15.60016666699994,OFFENSE,32,,,P/R,,"#24 Abram, #13 Kelly, #14 Reeves, #23 Sacko, #10 Dowuona",X2,,"Paint, Abram #24, ",,
Game #4 - Cincinnati 11-22-23 (FINAL),1963.4708666666668,11.56680000033316,OFFENSE,33,,,P/R,,"#24 Abram, #13 Kelly, #14 Reeves, #23 Sacko, #10 Dowuona",O3,,"Right Wing 3, Reeves #14, ",,
Game #4 - Cincinnati 11-22-23 (FINAL),1993.8712,9.700066666999874,OFFENSE,34,,,P/R,,"#24 Abram, #13 Kelly, #14 Reeves, #23 Sacko, #10 Dowuona",X2,,"Left Deep Midrange 2, Abram #24, ",,
Game #4 - Cincinnati 11-22-23 (FINAL),2017.9714,18.450199999999995,OFFENSE,35,,,DK/MVMT,,"#24 Abram, #13 Kelly, #14 Reeves, #23 Sacko, #10 Dowuona",O3,,"Left Corner 3, Sacko #23, ",,
Game #4 - Cincinnati 11-22-23 (FINAL),2263.373966667,5.766733333000047,OFFENSE,36,,,,"Forced Foul, Transition O","#24 Abram, #13 Kelly, #14 Reeves, #23 Sacko, #10 Dowuona",X2F,TRANSITION,"At Rim, Reeves #14, ",,
Game #4 - Cincinnati 11-22-23 (FINAL),2294.8967414996355,5.300642458695165,OFFENSE,37,,,,,"#24 Abram, #13 Kelly, #14 Reeves, #23 Sacko, #10 Dowuona",FT - MK,TRANSITION,,,
Game #4 - Cincinnati 11-22-23 (FINAL),2312.0940105406685,5.503210417294213,OFFENSE,38,,,,,"#24 Abram, #13 Kelly, #14 Reeves, #23 Sacko, #10 Dowuona",FT - MK,TRANSITION,,,
Game #4 - Cincinnati 11-22-23 (FINAL),2404.0086666666666,22.116933333333236,OFFENSE,39,,,P/R,,"#1 Sturdivant, #13 Kelly, #14 Reeves, #23 Sacko, #10 Dowuona",X2,,"At Rim, Sturdivant #1, ",,New Flag
Game #4 - Cincinnati 11-22-23 (FINAL),2449.0258,25.083599999999933,OFFENSE,40,,,ISO,Forced Foul,"#1 Sturdivant, #13 Kelly, #14 Reeves, #23 Sacko, #10 Dowuona",X2F,,"Right Short Midrange 2, Sturdivant #1, ",,
Game #4 - Cincinnati 11-22-23 (FINAL),2498.3594,6.26700000000028,OFFENSE,41,,,ISO,,"#1 Sturdivant, #13 Kelly, #14 Reeves, #23 Sacko, #10 Dowuona",FT - MK,,,,
Game #4 - Cincinnati 11-22-23 (FINAL),2523.3764,6.500233333333199,OFFENSE,42,,,ISO,,"#1 Sturdivant, #13 Kelly, #14 Reeves, #23 Sacko, #10 Dowuona",FT - MK,,,,
Game #4 - Cincinnati 11-22-23 (FINAL),2566.360366667,15.033466666333425,OFFENSE,43,,,P/R,Forced Foul,"#2 George, #13 Kelly, #14 Reeves, #23 Sacko, #11 Ndongo",O2F,,"Nail Area 2, Kelly #13, ",,
Game #4 - Cincinnati 11-22-23 (FINAL),2785.794345748296,6.502823541686666,OFFENSE,44,,,P/R,,"#2 George, #13 Kelly, #14 Reeves, #23 Sacko, #11 Ndongo",FT - MK,,,,
Game #4 - Cincinnati 11-22-23 (FINAL),2811.696233333333,23.483566666666775,OFFENSE,45,,,P/R,,"#2 George, #13 Kelly, #14 Reeves, #23 Sacko, #11 Ndongo",X2,,"Deep Left Wing 2, Kelly #13, ",,
Game #4 - Cincinnati 11-22-23 (FINAL),2920.596413498978,5.8014827090037215,OFFENSE,46,,,OTHER,,"#2 George, #13 Kelly, #14 Reeves, #23 Sacko, #11 Ndongo",FT - MK,,,,
Game #4 - Cincinnati 11-22-23 (FINAL),2941.696865874325,6.999561125646778,OFFENSE,47,,,OTHER,,"#2 George, #13 Kelly, #14 Reeves, #23 Sacko, #11 Ndongo",FT - MI,,,,
Game #4 - Cincinnati 11-22-23 (FINAL),2966.5648333333334,19.250266666666448,OFFENSE,48,,,P/R,GT Off Reb,"#2 George, #13 Kelly, #14 Reeves, #11 Ndongo, #3 Coleman",X2,,"Paint, Kelly #13, ",,
Game #4 - Cincinnati 11-22-23 (FINAL),2985.8151,4.0000333340003635,OFFENSE,49,,,OREB,Forced Foul,"#2 George, #13 Kelly, #14 Reeves, #3 Coleman, #11 Ndongo",X2F,,"At Rim, Kelly #13, ",,
Game #4 - Cincinnati 11-22-23 (FINAL),3015.0819333333334,6.5001333333334514,OFFENSE,50,,,OREB,,"#2 George, #13 Kelly, #14 Reeves, #3 Coleman, #11 Ndongo",FT - MI,,,,
Game #4 - Cincinnati 11-22-23 (FINAL),3028.5821,8.25,OFFENSE,51,,,OREB,,"#2 George, #13 Kelly, #14 Reeves, #3 Coleman, #11 Ndongo",FT - MK,,,,
Game #4 - Cincinnati 11-22-23 (FINAL),3061.9991666666665,30.317000000333337,OFFENSE,52,,,ISO,Forced Foul,"#2 George, #13 Kelly, #14 Reeves, #3 Coleman, #11 Ndongo",,,,,
Game #4 - Cincinnati 11-22-23 (FINAL),3137.332933333333,7.5,OFFENSE,53,,,OTHER,,"#2 George, #13 Kelly, #14 Reeves, #3 Coleman, #11 Ndongo",FT - MK,,,,
Game #4 - Cincinnati 11-22-23 (FINAL),3164.100266666667,5.516633333333175,OFFENSE,54,,,OTHER,,"#2 George, #13 Kelly, #14 Reeves, #3 Coleman, #11 Ndongo",FT - MK,,,,
Game #4 - Cincinnati 11-22-23 (FINAL),3184.033766667,13.983433332999994,OFFENSE,55,,,POST,,"#2 George, #13 Kelly, #14 Reeves, #3 Coleman, #11 Ndongo",X2,,"Right Short Midrange 2, Ndongo #11, ",,
Game #4 - Cincinnati 11-22-23 (FINAL),3210.3006333333333,29.550366666666832,OFFENSE,56,,,P/R,GT Off Reb,"#2 George, #13 Kelly, #14 Reeves, #3 Coleman, #11 Ndongo",X3,,"Left Corner 3, Coleman #3, ",,
Game #4 - Cincinnati 11-22-23 (FINAL),3239.851,2.75,OFFENSE,57,,,OREB,,"#2 George, #13 Kelly, #14 Reeves, #3 Coleman, #11 Ndongo",O2,,"At Rim, Ndongo #11, ",,
Game #4 - Cincinnati 11-22-23 (FINAL),3364.8523333333333,21.5,OFFENSE,58,,,,,"#24 Abram, #13 Kelly, #14 Reeves, #23 Sacko, #11 Ndongo",,,,,
Game #4 - Cincinnati 11-22-23 (FINAL),3438.079348332646,15.241251667353936,OFFENSE,59,,,BLOB,BLOB Off,"#24 Abram, #13 Kelly, #14 Reeves, #23 Sacko, #11 Ndongo",X2,,"Paint, Abram #24, ",,
Game #4 - Cincinnati 11-22-23 (FINAL),3462.5395999999996,25.58806666666669,OFFENSE,60,,,DK/MVMT,,"#24 Abram, #13 Kelly, #14 Reeves, #23 Sacko, #11 Ndongo",X2,,"Paint, Abram #24, ",,
Game #4 - Cincinnati 11-22-23 (FINAL),3694.3806932506486,24.408806749684572,OFFENSE,61,,,DK/MVMT,Press O,"#24 Abram, #13 Kelly, #14 Reeves, #23 Sacko, #11 Ndongo",TO,,,,
Game #4 - Cincinnati 11-22-23 (FINAL),3793.081633832665,24.0254661673348,OFFENSE,62,,,POST,Forced Foul,"#24 Abram, #13 Kelly, #14 Reeves, #3 Coleman, #11 Ndongo",O2F,,"Paint, Reeves #14, ",,
Game #4 - Cincinnati 11-22-23 (FINAL),3833.8572,7.500233333333199,OFFENSE,63,,,POST,,"#24 Abram, #13 Kelly, #14 Reeves, #3 Coleman, #11 Ndongo",FT - MK,,,,
Game #4 - Cincinnati 11-22-23 (FINAL),3924.4815776246564,17.90054762599175,OFFENSE,64,,,DK/MVMT,,"#24 Abram, #13 Kelly, #10 Dowuona, #3 Coleman, #11 Ndongo",TO,,,,
Game #4 - Cincinnati 11-22-23 (FINAL),4043.2828004993235,15.793599500676464,OFFENSE,65,,,ISO,,"#24 Abram, #3 Coleman, #10 Dowuona, #3 Coleman, #11 Ndongo",TO,,,,
Game #4 - Cincinnati 11-22-23 (FINAL),4093.5304666666666,3.7463333336668256,OFFENSE,66,,,,Transition O,"#24 Abram, #3 Coleman, #10 Dowuona, #3 Coleman, #11 Ndongo",TO,TRANSITION,,,
Game #4 - Cincinnati 11-22-23 (FINAL),4107.060266666333,32.67366666700036,OFFENSE,67,,,ISO,,"#24 Abram, #3 Coleman, #3 Coleman, #10 Dowuona, #11 Ndongo",X2,,"Deep Right Wing 2, Abram #24, ",,
Game #4 - Cincinnati 11-22-23 (FINAL),4353.080327333313,30.4994726670202,OFFENSE,68,,,P/R,Press O,"#1 Sturdivant, #3 Coleman, #10 Dowuona, #14 Reeves, #12 Claude",X2,,"Paint, Sturdivant #1, ",,
Game #4 - Cincinnati 11-22-23 (FINAL),4394.196599999999,26.783633333334365,OFFENSE,69,,,P/R,,"#1 Sturdivant, #3 Coleman, #10 Dowuona, #14 Reeves, #12 Claude",X2,,"Paint, Claude #12, ",,
Game #4 - Cincinnati 11-22-23 (FINAL),4463.814033333333,16.18346666666639,OFFENSE,70,,,P/R,,"#1 Sturdivant, #3 Coleman, #13 Kelly, #14 Reeves, #12 Claude",O2,,"At Rim, Kelly #13, ",,
Game #4 - Cincinnati 11-22-23 (FINAL),4487.493333333333,18.387766667000506,OFFENSE,71,,,DK/MVMT,,"#1 Sturdivant, #3 Coleman, #13 Kelly, #14 Reeves, #12 Claude",X3,,"Left Corner 3, Reeves #14, ",,
Game #4 - Cincinnati 11-22-23 (FINAL),4527.941766666667,13.023033333665808,OFFENSE,72,,,P/R,,"#1 Sturdivant, #3 Coleman, #13 Kelly, #14 Reeves, #12 Claude",X3,,"Straightaway 3, Kelly #13, ",,
Game #4 - Cincinnati 11-22-23 (FINAL),4558.181666666333,19.41686666700025,OFFENSE,73,,,ISO,,"#1 Sturdivant, #3 Coleman, #13 Kelly, #14 Reeves, #12 Claude",X2,,"At Rim, Kelly #13, ",,
Game #4 - Cincinnati 11-22-23 (FINAL),4882.551633333333,14.883500000000822,OFFENSE,74,,,P/R,GT Off Reb,"#2 George, #4 Murphy, #23 Sacko, #14 Reeves, #11 Ndongo",X2,,"At Rim, George #2, ",,
Game #4 - Cincinnati 11-22-23 (FINAL),4897.435133333333,5.433466666999266,OFFENSE,75,,,OREB,,"#2 George, #4 Murphy, #23 Sacko, #14 Reeves, #11 Ndongo",X2,,"At Rim, Ndongo #11, ",,
Game #4 - Cincinnati 11-22-23 (FINAL),4919.635233333333,21.643933333332825,OFFENSE,76,,,ISO,SLOB Off,"#2 George, #4 Murphy, #23 Sacko, #14 Reeves, #11 Ndongo",X2,,"Deep Left Wing 2, Ndongo #11, ",,
Game #4 - Cincinnati 11-22-23 (FINAL),5010.486333333333,15.26680000000033,OFFENSE,77,,,P/R,,"#2 George, #4 Murphy, #23 Sacko, #14 Reeves, #11 Ndongo",TO,,,,
Game #4 - Cincinnati 11-22-23 (FINAL),5037.519933333333,10.95010000000002,OFFENSE,78,,,,Transition O,"#2 George, #4 Murphy, #23 Sacko, #14 Reeves, #11 Ndongo",O2,TRANSITION,"At Rim, Reeves #14, ",,
Game #4 - Cincinnati 11-22-23 (FINAL),5069.903600000333,8.26683333299934,OFFENSE,79,,,,Transition O,"#2 George, #4 Murphy, #23 Sacko, #14 Reeves, #11 Ndongo",TO,TRANSITION,,,
Game #4 - Cincinnati 11-22-23 (FINAL),5143.7377,19.66690000000017,OFFENSE,80,,,P/R,,"#2 George, #4 Murphy, #23 Sacko, #14 Reeves, #11 Ndongo",X2,,"Deep Left Wing 2, Reeves #14, ",,
Game #4 - Cincinnati 11-22-23 (FINAL),5180.6214,6.266766666332842,OFFENSE,81,,,,Forced Foul,"#2 George, #4 Murphy, #23 Sacko, #14 Reeves, #11 Ndongo",,,,,
Game #4 - Cincinnati 11-22-23 (FINAL),5200.904933333333,27.32049999999981,OFFENSE,82,,,P/R,,"#2 George, #4 Murphy, #10 Dowuona, #14 Reeves, #23 Sacko",O2,,"Right Deep Midrange 2, Reeves #14, ",,
Game #4 - Cincinnati 11-22-23 (FINAL),5239.838666666334,10.51679999999942,OFFENSE,83,,,,Transition O,"#2 George, #4 Murphy, #10 Dowuona, #14 Reeves, #23 Sacko",X3,,"Straightaway 3, Sacko #23, ",,
Game #4 - Cincinnati 11-22-23 (FINAL),5262.472266666333,6.133333334000781,OFFENSE,84,,,,Forced Foul,"#2 George, #4 Murphy, #10 Dowuona, #14 Reeves, #23 Sacko",,,,,
Game #4 - Cincinnati 11-22-23 (FINAL),5439.974033333333,26.15026666666654,OFFENSE,85,,,DHO/HOFF,SLOB Off,"#2 George, #4 Murphy, #10 Dowuona, #14 Reeves, #23 Sacko",O3,,"Left Corner 3, Murphy #4, ",,
Game #4 - Cincinnati 11-22-23 (FINAL),5487.174500000333,6.683333333000519,OFFENSE,86,,,,Transition O,"#2 George, #4 Murphy, #10 Dowuona, #14 Reeves, #23 Sacko",X2,TRANSITION,"At Rim, George #2, ",,
Game #4 - Cincinnati 11-22-23 (FINAL),5502.607933333333,21.10030000000006,OFFENSE,87,,,P/R,BLOB Off,"#2 George, #4 Murphy, #10 Dowuona, #14 Reeves, #23 Sacko",X3,,"Right Corner 3, Sacko #23, ",,
Game #4 - Cincinnati 11-22-23 (FINAL),5530.091633333333,13.900066666666135,OFFENSE,88,,,P/R,,"#2 George, #4 Murphy, #10 Dowuona, #14 Reeves, #23 Sacko",O3,,"George #2, Left Wing 3, ",,
Game #4 - Cincinnati 11-22-23 (FINAL),5574.025433333333,11.95010000000002,OFFENSE,89,,,P/R,,"#2 George, #4 Murphy, #10 Dowuona, #14 Reeves, #23 Sacko",O2,,"Right Short Midrange 2, George #2, ",,
Game #4 - Cincinnati 11-22-23 (FINAL),5689.326133333333,28.400733333000062,OFFENSE,90,,,P/R,,"#1 Sturdivant, #4 Murphy, #11 Ndongo, #13 Kelly, #23 Sacko",O2,,"At Rim, Ndongo #11, ",,
Game #4 - Cincinnati 11-22-23 (FINAL),5739.343700000333,11.70013333299994,OFFENSE,91,,,P/R,,"#1 Sturdivant, #4 Murphy, #11 Ndongo, #13 Kelly, #23 Sacko",X3,,"Left Wing 3, Kelly #13, ",,
Game #4 - Cincinnati 11-22-23 (FINAL),5819.7778,20.80023333333338,OFFENSE,92,,,P/R,,"#2 George, #4 Murphy, #11 Ndongo, #13 Kelly, #23 Sacko",TO,,,,
Game #4 - Cincinnati 11-22-23 (FINAL),6040.577472666308,13.919460667025305,OFFENSE,93,,,OFF BALL SCREEN,,"#2 George, #4 Murphy, #11 Ndongo, #13 Kelly, #23 Sacko",TO,,,,
Game #4 - Cincinnati 11-22-23 (FINAL),6087.628166666666,15.152599999666563,OFFENSE,94,,,P/R,,"#2 George, #4 Murphy, #11 Ndongo, #13 Kelly, #23 Sacko",TO,,,,
Game #4 - Cincinnati 11-22-23 (FINAL),6198.015133333333,18.216833333000068,OFFENSE,95,,,P/R,GT Off Reb,"#2 George, #4 Murphy, #11 Ndongo, #23 Sacko",X3,,"Left Wing 3, Murphy #4, ",,
Game #4 - Cincinnati 11-22-23 (FINAL),6216.231966666333,4.016666666999299,OFFENSE,96,,,OREB,,"#2 George, #4 Murphy, #11 Ndongo, #23 Sacko",TO,,,,
Game #4 - Cincinnati 11-22-23 (FINAL),6267.032499999999,23.75026666633312,OFFENSE,97,,,P/R,,"#2 George, #4 Murphy, #11 Ndongo, #23 Sacko",X3,,"Right Wing 3, Murphy #4, ",,
Game #4 - Cincinnati 11-22-23 (FINAL),6342.25,12.800033333332976,OFFENSE,98,,,P/R,,"#2 George, #4 Murphy, #11 Ndongo, #23 Sacko",O3,,"Right Wing 3, George #2, ",,
Game #4 - Cincinnati 11-22-23 (FINAL),6373.5669333333335,6.566799999999603,OFFENSE,99,,,,Transition O,"#2 George, #4 Murphy, #11 Ndongo, #23 Sacko",TO,TRANSITION,,,
Game #4 - Cincinnati 11-22-23 (FINAL),75.1305,14.487133333333333,DEFENSE,1,,,OFF BALL SCREEN,,"#24 Abram, #13 Kelly, #14 Reeves, #12 Claude, #11 Ndongo",X3,,,,
Game #4 - Cincinnati 11-22-23 (FINAL),108.884533334,14.933466666000001,DEFENSE,2,,,P/R,,"#24 Abram, #13 Kelly, #14 Reeves, #12 Claude, #11 Ndongo",X3,,,,
Game #4 - Cincinnati 11-22-23 (FINAL),150.33476666666667,13.933733333333322,DEFENSE,3,,,POST,,"#24 Abram, #13 Kelly, #14 Reeves, #12 Claude, #11 Ndongo",,,,,
Game #4 - Cincinnati 11-22-23 (FINAL),179.5185,10.600266667,DEFENSE,4,BLOB Def,,BLOB,,"#24 Abram, #13 Kelly, #14 Reeves, #12 Claude, #11 Ndongo",X3,,,,
Game #4 - Cincinnati 11-22-23 (FINAL),193.1355,4.83329999999998,DEFENSE,5,,,,,"#24 Abram, #13 Kelly, #14 Reeves, #12 Claude, #11 Ndongo",O2,TRANSITION,,,
Game #4 - Cincinnati 11-22-23 (FINAL),373.6955216246564,21.600536165343954,DEFENSE,6,D Foul,,ISO,,"#24 Abram, #13 Kelly, #14 Reeves, #12 Claude, #11 Ndongo",X2F,,,,
Game #4 - Cincinnati 11-22-23 (FINAL),412.7377,5.0,DEFENSE,7,,,ISO,,"#24 Abram, #13 Kelly, #14 Reeves, #12 Claude, #11 Ndongo",FT - MK,,,,
Game #4 - Cincinnati 11-22-23 (FINAL),426.9879666666667,6.25,DEFENSE,8,,,ISO,,"#24 Abram, #13 Kelly, #14 Reeves, #12 Claude, #11 Ndongo",FT - MI,,,,
Game #4 - Cincinnati 11-22-23 (FINAL),451.6883,13.26673333333332,DEFENSE,9,,,P/R,,"#24 Abram, #13 Kelly, #14 Reeves, #12 Claude, #11 Ndongo",X3,,,,
Game #4 - Cincinnati 11-22-23 (FINAL),515.5385333333334,21.38393333333329,DEFENSE,10,,,P/R,,"#24 Abram, #13 Kelly, #14 Reeves, #12 Claude, #11 Ndongo",O3,,,,
Game #4 - Cincinnati 11-22-23 (FINAL),618.6067,18.683533334000003,DEFENSE,11,,,P/R,,"#1 Sturdivant, #13 Kelly, #14 Reeves, #12 Claude, #10 Dowuona",X3,,,,
Game #4 - Cincinnati 11-22-23 (FINAL),869.5970384586499,17.596778709004752,DEFENSE,12,,,P/R,,"#1 Sturdivant, #13 Kelly, #3 Coleman, #12 Claude, #10 Dowuona",O2,,,,
Game #4 - Cincinnati 11-22-23 (FINAL),906.4927142079933,9.733785792006643,DEFENSE,13,,,,,"#1 Sturdivant, #13 Kelly, #3 Coleman, #12 Claude, #10 Dowuona",X3,TRANSITION,,,
Game #4 - Cincinnati 11-22-23 (FINAL),976.2930953336648,23.96733799966853,DEFENSE,14,,,P/R,,"#1 Sturdivant, #13 Kelly, #3 Coleman, #10 Dowuona, #23 Sacko",O3,,,,
Game #4 - Cincinnati 11-22-23 (FINAL),1021.7109,26.416966666999997,DEFENSE,15,,,ISO,,"#1 Sturdivant, #13 Kelly, #3 Coleman, #23 Sacko, #10 Dowuona",TO,,,,
Game #4 - Cincinnati 11-22-23 (FINAL),1063.594733334,22.700166666000086,DEFENSE,16,D Foul,,,,"#1 Sturdivant, #13 Kelly, #3 Coleman, #23 Sacko, #10 Dowuona",,,,,
Game #4 - Cincinnati 11-22-23 (FINAL),1101.5449333333333,27.28376666666668,DEFENSE,17,BLOB Def,,BLOB,,"#1 Sturdivant, #11 Ndongo, #3 Coleman, #23 Sacko, #10 Dowuona",O2,,,,
Game #4 - Cincinnati 11-22-23 (FINAL),1147.5623,11.400099999999838,DEFENSE,18,,,P/R,,"#1 Sturdivant, #11 Ndongo, #3 Coleman, #23 Sacko, #10 Dowuona",TO,,,,
Game #4 - Cincinnati 11-22-23 (FINAL),1172.445833334,11.266766665999967,DEFENSE,19,Transition D,,,,"#1 Sturdivant, #11 Ndongo, #3 Coleman, #23 Sacko, #10 Dowuona",O3,TRANSITION,,,
Game #4 - Cincinnati 11-22-23 (FINAL),1455.1988,22.81693333400017,DEFENSE,20,,,POST,,"#1 Sturdivant, #11 Ndongo, #3 Coleman, #4 Murphy, #10 Dowuona",TO,,,,
Game #4 - Cincinnati 11-22-23 (FINAL),1535.983,21.616899999999987,DEFENSE,21,,,P/R,,"#1 Sturdivant, #11 Ndongo, #3 Coleman, #4 Murphy, #10 Dowuona",O2,,,,
Game #4 - Cincinnati 11-22-23 (FINAL),1643.1508333333334,18.033500000666663,DEFENSE,22,Opp Off Reb,,OFF BALL SCREEN,,"#24 Abram, #11 Ndongo, #14 Reeves, #4 Murphy, #12 Claude",X3,,,,
Game #4 - Cincinnati 11-22-23 (FINAL),1661.184333334,19.133499999333253,DEFENSE,23,,,P/R,,"#24 Abram, #11 Ndongo, #14 Reeves, #4 Murphy, #12 Claude",X2F,,,,
Game #4 - Cincinnati 11-22-23 (FINAL),1697.068,9.0,DEFENSE,24,,,P/R,,"#24 Abram, #11 Ndongo, #14 Reeves, #4 Murphy, #12 Claude",FT - MI,,,,
Game #4 - Cincinnati 11-22-23 (FINAL),1718.318233334,8.99999999933334,DEFENSE,25,,,P/R,,"#24 Abram, #11 Ndongo, #14 Reeves, #4 Murphy, #12 Claude",FT - MK,,,,
Game #4 - Cincinnati 11-22-23 (FINAL),1776.1021666666666,13.650100000000066,DEFENSE,26,,,P/R,,"#24 Abram, #13 Kelly, #14 Reeves, #23 Sacko, #12 Claude",O3,,,,
Game #4 - Cincinnati 11-22-23 (FINAL),1883.0942124573185,14.775820876014905,DEFENSE,27,,,OFF BALL SCREEN,,"#24 Abram, #13 Kelly, #14 Reeves, #23 Sacko, #10 Dowuona",X2F,,,,
Game #4 - Cincinnati 11-22-23 (FINAL),1918.3869333333334,12.25003333333325,DEFENSE,28,,,OFF BALL SCREEN,,"#24 Abram, #13 Kelly, #14 Reeves, #23 Sacko, #10 Dowuona",FT - MK,,,,
Game #4 - Cincinnati 11-22-23 (FINAL),1937.3869666666667,4.000333333333401,DEFENSE,29,,,,,"#24 Abram, #13 Kelly, #14 Reeves, #23 Sacko, #10 Dowuona",FT - MI,,,,
Game #4 - Cincinnati 11-22-23 (FINAL),1956.987466667,6.483399999666744,DEFENSE,30,Transition D,,,,"#24 Abram, #13 Kelly, #14 Reeves, #23 Sacko, #10 Dowuona",TO,TRANSITION,,,
Game #4 - Cincinnati 11-22-23 (FINAL),1975.037666667,18.833533333000105,DEFENSE,31,,,P/R,,"#24 Abram, #13 Kelly, #14 Reeves, #23 Sacko, #10 Dowuona",X3,,,,
Game #4 - Cincinnati 11-22-23 (FINAL),2003.571266667,14.400133332999985,DEFENSE,32,,,DK/MVMT,,"#24 Abram, #13 Kelly, #14 Reeves, #23 Sacko, #10 Dowuona",X3,,,,
Game #4 - Cincinnati 11-22-23 (FINAL),2247.0982629993186,16.275703667681228,DEFENSE,33,,,OFF BALL SCREEN,,"#24 Abram, #13 Kelly, #14 Reeves, #23 Sacko, #10 Dowuona",X2,,,,
Game #4 - Cincinnati 11-22-23 (FINAL),2317.5972209579627,27.26091237603714,DEFENSE,34,Opp Off Reb,,OFF BALL SCREEN,,"#1 Sturdivant, #13 Kelly, #14 Reeves, #23 Sacko, #10 Dowuona",X3,,,,
Game #4 - Cincinnati 11-22-23 (FINAL),2344.858133334,8.433366665999984,DEFENSE,35,D Foul,,,,"#1 Sturdivant, #13 Kelly, #14 Reeves, #23 Sacko, #10 Dowuona",,,,,
Game #4 - Cincinnati 11-22-23 (FINAL),2382.5415,21.4671666666668,DEFENSE,36,BLOB Def,,OFF BALL SCREEN,,"#1 Sturdivant, #13 Kelly, #14 Reeves, #23 Sacko, #10 Dowuona",O3,,,,
Game #4 - Cincinnati 11-22-23 (FINAL),2426.1256,22.90020000000004,DEFENSE,37,,,P/R,,"#1 Sturdivant, #14 Reeves, #13 Kelly, #23 Sacko, #10 Dowuona",O2,,,,
Game #4 - Cincinnati 11-22-23 (FINAL),2534.5933666666665,30.7503333333334,DEFENSE,38,,,P/R,,"#2 George, #13 Kelly, #14 Reeves, #23 Sacko, #11 Ndongo",O2,,,,
Game #4 - Cincinnati 11-22-23 (FINAL),2792.297169289983,19.399064043350336,DEFENSE,39,,,P/R,,"#2 George, #13 Kelly, #14 Reeves, #23 Sacko, #11 Ndongo",O2,,,,
Game #4 - Cincinnati 11-22-23 (FINAL),2835.1798,9.383400000000165,DEFENSE,40,Transition D,,,,"#2 George, #13 Kelly, #14 Reeves, #23 Sacko, #11 Ndongo",X2,TRANSITION,,,
Game #4 - Cincinnati 11-22-23 (FINAL),2861.3132,22.683733333333294,DEFENSE,41,BLOB Def,,DK/MVMT,,"#2 George, #13 Kelly, #14 Reeves, #23 Sacko, #11 Ndongo",X3,,,,
Game #4 - Cincinnati 11-22-23 (FINAL),2948.6964269999717,17.86840633336169,DEFENSE,42,,,P/R,,"#2 George, #13 Kelly, #11 Ndongo, #3 Coleman, #14 Reeves",O3,,,,
Game #4 - Cincinnati 11-22-23 (FINAL),3036.8321,17.150333333333037,DEFENSE,43,,,P/R,,"#2 George, #13 Kelly, #14 Reeves, #3 Coleman, #11 Ndongo",O2,,,,
Game #4 - Cincinnati 11-22-23 (FINAL),3169.6169,14.416866666999795,DEFENSE,44,,,P/R,,"#2 George, #13 Kelly, #14 Reeves, #3 Coleman, #11 Ndongo",X2,,,,
Game #4 - Cincinnati 11-22-23 (FINAL),3198.0172,12.283433333333505,DEFENSE,45,,,DK/MVMT,,"#2 George, #13 Kelly, #14 Reeves, #3 Coleman, #11 Ndongo",O3,,,,
Game #4 - Cincinnati 11-22-23 (FINAL),3346.3827382906375,17.7195950426958,DEFENSE,46,,,P/R,,"#24 Abram, #13 Kelly, #14 Reeves, #23 Sacko, #11 Ndongo",O2,,,,
Game #4 - Cincinnati 11-22-23 (FINAL),3453.3206,9.218999999999596,DEFENSE,47,,,CUT,,"#24 Abram, #13 Kelly, #14 Reeves, #23 Sacko, #11 Ndongo",O2,,,,
Game #4 - Cincinnati 11-22-23 (FINAL),3488.1276666666663,17.276166666666995,DEFENSE,48,,,POST,,"#24 Abram, #13 Kelly, #14 Reeves, #23 Sacko, #11 Ndongo",O3,,,,
Game #4 - Cincinnati 11-22-23 (FINAL),3718.789500000333,22.435599999666465,DEFENSE,49,D Foul,,POST,,"#24 Abram, #13 Kelly, #14 Reeves, #23 Sacko, #11 Ndongo",X2F,,,,
Game #4 - Cincinnati 11-22-23 (FINAL),3766.920258458333,5.457972291660099,DEFENSE,50,,,POST,,"#24 Abram, #13 Kelly, #14 Reeves, #23 Sacko, #11 Ndongo",FT - MK,,,,
Game #4 - Cincinnati 11-22-23 (FINAL),3782.977659750332,10.103974082333025,DEFENSE,51,,,POST,,"#24 Abram, #13 Kelly, #14 Reeves, #23 Sacko, #11 Ndongo",FT - MI,,,,
Game #4 - Cincinnati 11-22-23 (FINAL),3863.4519,29.229917499646945,DEFENSE,52,D Foul,,POST,,"#24 Abram, #13 Kelly, #10 Dowuona, #3 Coleman, #11 Ndongo",O2F,,,,
Game #4 - Cincinnati 11-22-23 (FINAL),3920.182196458669,4.299381165987597,DEFENSE,53,,,POST,,"#24 Abram, #13 Kelly, #10 Dowuona, #3 Coleman, #11 Ndongo",FT - MK,,,,
Game #4 - Cincinnati 11-22-23 (FINAL),3948.875266666333,13.004659291295411,DEFENSE,54,D Foul,,,,"#24 Abram, #13 Kelly, #10 Dowuona, #3 Coleman, #11 Ndongo",,,,,
Game #4 - Cincinnati 11-22-23 (FINAL),3972.5808335830015,13.311399750331475,DEFENSE,55,"BLOB Def, D Foul",,DK/MVMT,,"#24 Abram, #13 Kelly, #10 Dowuona, #3 Coleman, #11 Ndongo",X3F,,,,
Game #4 - Cincinnati 11-22-23 (FINAL),4009.281614666327,5.1975314579858605,DEFENSE,56,,,DK/MVMT,,"#24 Abram, #13 Kelly, #10 Dowuona, #3 Coleman, #11 Ndongo",FT - MK,,,,
Game #4 - Cincinnati 11-22-23 (FINAL),4020.6807747906396,5.8967383746785345,DEFENSE,57,,,DK/MVMT,,"#24 Abram, #13 Kelly, #10 Dowuona, #3 Coleman, #11 Ndongo",FT - MI,,,,
Game #4 - Cincinnati 11-22-23 (FINAL),4038.781864999313,4.500935500010655,DEFENSE,58,,,DK/MVMT,,"#24 Abram, #13 Kelly, #10 Dowuona, #3 Coleman, #11 Ndongo",FT - MK,,,,
Game #4 - Cincinnati 11-22-23 (FINAL),4078.6099999999997,14.920466666666925,DEFENSE,59,,,OFF BALL SCREEN,,"#24 Abram, #3 Coleman, #10 Dowuona, #3 Coleman, #11 Ndongo",X2,,,,
Game #4 - Cincinnati 11-22-23 (FINAL),4097.276800000333,9.783466665999185,DEFENSE,60,Transition D,,,,"#24 Abram, #3 Coleman, #10 Dowuona, #3 Coleman, #11 Ndongo",O2,TRANSITION,,,
Game #4 - Cincinnati 11-22-23 (FINAL),4139.733933333333,9.010000000000218,DEFENSE,61,Transition D,,,,"#24 Abram, #3 Coleman, #10 Dowuona, #3 Coleman, #11 Ndongo",O3,TRANSITION,,,
Game #4 - Cincinnati 11-22-23 (FINAL),4383.579800000333,10.616799999666,DEFENSE,62,,,,Transition O,"#1 Sturdivant, #3 Coleman, #10 Dowuona, #14 Reeves, #12 Claude",O3,TRANSITION,,,
Game #4 - Cincinnati 11-22-23 (FINAL),4420.980233333334,9.38339999999971,DEFENSE,63,Transition D,,,,"#3 Coleman, #14 Reeves, #1 Sturdivant, #12 Claude, #10 Dowuona",O3,TRANSITION,,,
Game #4 - Cincinnati 11-22-23 (FINAL),4479.9974999999995,7.495833333333394,DEFENSE,64,Transition D,,,,"#1 Sturdivant, #3 Coleman, #13 Kelly, #14 Reeves, #12 Claude",O3,TRANSITION,,,
Game #4 - Cincinnati 11-22-23 (FINAL),4505.881100000333,22.24439999966671,DEFENSE,65,,,DK/MVMT,,"#1 Sturdivant, #3 Coleman, #13 Kelly, #14 Reeves, #12 Claude",O2,,,,
Game #4 - Cincinnati 11-22-23 (FINAL),4540.964800000333,17.216866665999987,DEFENSE,66,,,P/R,,"#1 Sturdivant, #3 Coleman, #13 Kelly, #14 Reeves, #12 Claude",O2,,,,
Game #4 - Cincinnati 11-22-23 (FINAL),4577.598533333333,15.016155667000021,DEFENSE,67,Transition D,,,,"#1 Sturdivant, #3 Coleman, #13 Kelly, #14 Reeves, #12 Claude",X2F,TRANSITION,,,
Game #4 - Cincinnati 11-22-23 (FINAL),4831.667833333333,4.0,DEFENSE,68,,,,,"#1 Sturdivant, #3 Coleman, #13 Kelly, #14 Reeves, #12 Claude",FT - MK,TRANSITION,,,
Game #4 - Cincinnati 11-22-23 (FINAL),4843.6678999999995,8.0,DEFENSE,69,,,,,"#1 Sturdivant, #3 Coleman, #13 Kelly, #14 Reeves, #12 Claude",FT - MK,TRANSITION,,,
Game #4 - Cincinnati 11-22-23 (FINAL),4857.3848,25.16683333333276,DEFENSE,70,BLOB Def,,P/R,,"#2 George, #4 Murphy, #23 Sacko, #14 Reeves, #11 Ndongo",O3,,,,
Game #4 - Cincinnati 11-22-23 (FINAL),4941.279166666666,13.45659999966665,DEFENSE,71,D Foul,,OTHER,,"#2 George, #4 Murphy, #23 Sacko, #14 Reeves, #11 Ndongo",X2F,,,,
Game #4 - Cincinnati 11-22-23 (FINAL),4984.235733333333,12.000366666667105,DEFENSE,72,,,OTHER,,"#2 George, #4 Murphy, #23 Sacko, #14 Reeves, #11 Ndongo",FT - MK,,,,
Game #4 - Cincinnati 11-22-23 (FINAL),5006.2361,4.250233333333199,DEFENSE,73,,,OTHER,,"#2 George, #4 Murphy, #23 Sacko, #14 Reeves, #11 Ndongo",FT - MK,,,,
Game #4 - Cincinnati 11-22-23 (FINAL),5025.753166666333,11.766766667000411,DEFENSE,74,"Transition D, Opp Off Reb",,,,"#2 George, #4 Murphy, #23 Sacko, #14 Reeves, #11 Ndongo",X3,TRANSITION,,,
Game #4 - Cincinnati 11-22-23 (FINAL),5048.470033333333,21.433566667000377,DEFENSE,75,,,P/R,,"#2 George, #4 Murphy, #23 Sacko, #14 Reeves, #11 Ndongo",X2,,,,
Game #4 - Cincinnati 11-22-23 (FINAL),5114.437033333334,23.633966666999186,DEFENSE,76,Opp Off Reb,,P/R,,"#2 George, #4 Murphy, #23 Sacko, #14 Reeves, #11 Ndongo",X3,,,,
Game #4 - Cincinnati 11-22-23 (FINAL),5138.071000000333,5.666699999666889,DEFENSE,77,,,OREB,,"#2 George, #2 George, #4 Murphy, #23 Sacko, #14 Reeves, #11 Ndongo",O2,,,,
Game #4 - Cincinnati 11-22-23 (FINAL),5163.4046,13.36680000033357,DEFENSE,78,Opp Off Reb,,POST,,"#2 George, #4 Murphy, #23 Sacko, #14 Reeves, #11 Ndongo",X3,,,,
Game #4 - Cincinnati 11-22-23 (FINAL),5176.771400000333,3.8499999996665792,DEFENSE,79,,,OREB,,"#2 George, #4 Murphy, #23 Sacko, #14 Reeves, #11 Ndongo",X2,,,,
Game #4 - Cincinnati 11-22-23 (FINAL),5228.225433333333,11.613233333000608,DEFENSE,80,,,POST,,"#2 George, #4 Murphy, #10 Dowuona, #14 Reeves, #23 Sacko",X3,,,,
Game #4 - Cincinnati 11-22-23 (FINAL),5250.355466666333,12.116799999999785,DEFENSE,81,,,DK/MVMT,,"#2 George, #4 Murphy, #10 Dowuona, #14 Reeves, #23 Sacko",X3,,,,
Game #4 - Cincinnati 11-22-23 (FINAL),5466.1242999999995,21.05020000033346,DEFENSE,82,,,P/R,,"#2 George, #4 Murphy, #10 Dowuona, #14 Reeves, #23 Sacko",X2,,,,
Game #4 - Cincinnati 11-22-23 (FINAL),5523.708233333333,6.38340000000062,DEFENSE,83,Transition D,,,,"#2 George, #4 Murphy, #10 Dowuona, #14 Reeves, #23 Sacko",X3,TRANSITION,,,
Game #4 - Cincinnati 11-22-23 (FINAL),5543.9917,30.033733333333657,DEFENSE,84,,,P/R,,"#2 George, #4 Murphy, #10 Dowuona, #14 Reeves, #23 Sacko",X3,,,,
Game #4 - Cincinnati 11-22-23 (FINAL),5585.975533333333,25.05026666699996,DEFENSE,85,Opp Off Reb,,P/R,,"#2 George, #4 Murphy, #10 Dowuona, #14 Reeves, #23 Sacko",X3,,,,
Game #4 - Cincinnati 11-22-23 (FINAL),5611.025800000333,3.5333666659998926,DEFENSE,86,D Foul,,OREB,,"#2 George, #4 Murphy, #10 Dowuona, #14 Reeves, #23 Sacko",X2F,,,,
Game #4 - Cincinnati 11-22-23 (FINAL),5646.825833333333,6.25,DEFENSE,87,,,OREB,,"#2 George, #4 Murphy, #10 Dowuona, #14 Reeves, #23 Sacko",FT - MK,,,,
Game #4 - Cincinnati 11-22-23 (FINAL),5682.576133333333,6.75,DEFENSE,88,,,OREB,,"#2 George, #4 Murphy, #10 Dowuona, #14 Reeves, #23 Sacko",FT - MK,,,,
Game #4 - Cincinnati 11-22-23 (FINAL),5717.726866666333,21.616833334000148,DEFENSE,89,,,P/R,,"#1 Sturdivant, #4 Murphy, #11 Ndongo, #13 Kelly, #23 Sacko",X3,,,,
Game #4 - Cincinnati 11-22-23 (FINAL),5751.043833333333,11.95010000000002,DEFENSE,90,D Foul,,POST,,"#1 Sturdivant, #4 Murphy, #11 Ndongo, #13 Kelly, #23 Sacko",X2F,,,,
Game #4 - Cincinnati 11-22-23 (FINAL),5786.2773,5.000233333333199,DEFENSE,91,,,POST,,"#1 Sturdivant, #4 Murphy, #11 Ndongo, #13 Kelly, #23 Sacko",FT - MK,,,,
Game #4 - Cincinnati 11-22-23 (FINAL),5809.777533333333,10.000266666666903,DEFENSE,92,,,POST,,"#1 Sturdivant, #4 Murphy, #11 Ndongo, #13 Kelly, #23 Sacko",FT - MK,,,,
Game #4 - Cincinnati 11-22-23 (FINAL),6008.8830368326635,31.694435833644093,DEFENSE,93,,,P/R,,"#2 George, #11 Ndongo, #4 Murphy, #13 Kelly, #23 Sacko",X2,,,,
Game #4 - Cincinnati 11-22-23 (FINAL),6066.513633333333,21.114533333333384,DEFENSE,94,,,DK/MVMT,,"#2 George, #4 Murphy, #11 Ndongo, #13 Kelly, #23 Sacko",O3,,,,
Game #4 - Cincinnati 11-22-23 (FINAL),6102.780766666333,25.066866666999886,DEFENSE,95,D Foul,,P/R,,"#2 George, #4 Murphy, #11 Ndongo, #13 Kelly, #23 Sacko",X2F,,,,
Game #4 - Cincinnati 11-22-23 (FINAL),6152.279195583002,5.300483750316744,DEFENSE,96,,,P/R,,"#2 George, #4 Murphy, #11 Ndongo, #13 Kelly, #23 Sacko",FT - MK,,,,
Game #4 - Cincinnati 11-22-23 (FINAL),6171.514833333333,5.816766667000593,DEFENSE,97,,,P/R,,"#2 George, #4 Murphy, #11 Ndongo, #13 Kelly, #23 Sacko",FT - MI,,,,
Game #4 - Cincinnati 11-22-23 (FINAL),6220.248633333333,21.633633333000034,DEFENSE,98,,,P/R,,"#2 George, #4 Murphy, #23 Sacko, #11 Ndongo",X2,,,,
Game #4 - Cincinnati 11-22-23 (FINAL),6252.132233333334,14.90026666666563,DEFENSE,99,BLOB Def,,BLOB,,"#2 George, #4 Murphy, #11 Ndongo, #23 Sacko",X3,,,,
Game #4 - Cincinnati 11-22-23 (FINAL),6290.7827666663325,10.483366667000155,DEFENSE,100,D Foul,,ISO,,"#2 George, #4 Murphy, #11 Ndongo, #23 Sacko",X2F,,,,
Game #4 - Cincinnati 11-22-23 (FINAL),6325.016133333333,4.500300000000607,DEFENSE,101,,,ISO,,"#2 George, #4 Murphy, #11 Ndongo, #23 Sacko",FT - MI,,,,
Game #4 - Cincinnati 11-22-23 (FINAL),6338.5,3.75,DEFENSE,102,,,ISO,,"#2 George, #4 Murphy, #11 Ndongo, #23 Sacko",FT - MK,,,,
Game #4 - Cincinnati 11-22-23 (FINAL),6355.050033333333,18.516900000000533,DEFENSE,103,,,ISO,,"#2 George, #4 Murphy, #11 Ndongo, #23 Sacko",X2,,,,
Game #4 - Cincinnati 11-22-23 (FINAL),74.0241,582.0183333333333,Game,1,,,,,,,,,,
Game #4 - Cincinnati 11-22-23 (FINAL),868.7566333333333,316.4841,Game,2,,,,,,,,,,
Game #4 - Cincinnati 11-22-23 (FINAL),1415.9983333333332,632.5005000000003,Game,3,,,,,,,,,,
Game #4 - Cincinnati 11-22-23 (FINAL),2243.222133333333,340.09490000000005,Game,4,,,,,,,,,,
Game #4 - Cincinnati 11-22-23 (FINAL),2778.0406333333335,488.3439999999996,Game,5,,,,,,,,,,
Game #4 - Cincinnati 11-22-23 (FINAL),3346.4040333333332,160.49980000000005,Game,6,,,,,,,,,,
Game #4 - Cincinnati 11-22-23 (FINAL),3693.8747999999996,455.95260000000053,Game,7,,,,,,,,,,
Game #4 - Cincinnati 11-22-23 (FINAL),4348.461066666667,245.80503333333309,Game,8,,,,,,,,,,
Game #4 - Cincinnati 11-22-23 (FINAL),4826.370933333334,447.5133999999998,Game,9,,,,,,,,,,
Game #4 - Cincinnati 11-22-23 (FINAL),5433.007133333333,409.1775000000007,Game,10,,,,,,,,,,
Game #4 - Cincinnati 11-22-23 (FINAL),6009.884333333333,380.47453333333306,Game,11,,,,,,,,,,
Game #4 - Cincinnati 11-22-23 (FINAL),81.867633334,8.0,OPP 3PT Shot,1,,,,,,,,,,
Game #4 - Cincinnati 11-22-23 (FINAL),115.818,8.0,OPP 3PT Shot,2,,,,,,,,,,
Game #4 - Cincinnati 11-22-23 (FINAL),182.11873333333332,8.0,OPP 3PT Shot,3,,,,,,,,,,
Game #4 - Cincinnati 11-22-23 (FINAL),456.20503333333335,8.0,OPP 3PT Shot,4,,,,,,,,,,
Game #4 - Cincinnati 11-22-23 (FINAL),527.672466667,8.0,OPP 3PT Shot,5,,,,,,,,,,
Game #4 - Cincinnati 11-22-23 (FINAL),629.0235666666666,8.0,OPP 3PT Shot,6,,,,,,,,,,
Game #4 - Cincinnati 11-22-23 (FINAL),906.6744885,8.0,OPP 3PT Shot,7,,,,,,,,,,
Game #4 - Cincinnati 11-22-23 (FINAL),991.760437042,8.0,OPP 3PT Shot,8,,,,,,,,,,
Game #4 - Cincinnati 11-22-23 (FINAL),1173.9626,8.0,OPP 3PT Shot,9,,,,,,,,,,
Game #4 - Cincinnati 11-22-23 (FINAL),1653.043203708,8.0,OPP 3PT Shot,10,,,,,,,,,,
Game #4 - Cincinnati 11-22-23 (FINAL),1780.4856,8.0,OPP 3PT Shot,11,,,,,,,,,,
Game #4 - Cincinnati 11-22-23 (FINAL),1985.871166667,8.0,OPP 3PT Shot,12,,,,,,,,,,
Game #4 - Cincinnati 11-22-23 (FINAL),2009.9714,8.0,OPP 3PT Shot,13,,,,,,,,,,
Game #4 - Cincinnati 11-22-23 (FINAL),2334.5414,8.0,OPP 3PT Shot,14,,,,,,,,,,
Game #4 - Cincinnati 11-22-23 (FINAL),2395.492033334,8.0,OPP 3PT Shot,15,,,,,,,,,,
Game #4 - Cincinnati 11-22-23 (FINAL),2872.746933334,8.0,OPP 3PT Shot,16,,,,,,,,,,
Game #4 - Cincinnati 11-22-23 (FINAL),2957.314833334,8.0,OPP 3PT Shot,17,,,,,,,,,,
Game #4 - Cincinnati 11-22-23 (FINAL),3200.534033334,8.0,OPP 3PT Shot,18,,,,,,,,,,
Game #4 - Cincinnati 11-22-23 (FINAL),3496.387166666333,8.0,OPP 3PT Shot,19,,,,,,,,,,
Game #4 - Cincinnati 11-22-23 (FINAL),3975.892164875333,8.0,OPP 3PT Shot,20,,,,,,,,,,
Game #4 - Cincinnati 11-22-23 (FINAL),4139.477366666333,8.0,OPP 3PT Shot,21,,,,,,,,,,
Game #4 - Cincinnati 11-22-23 (FINAL),4384.929900000333,8.0,OPP 3PT Shot,22,,,,,,,,,,
Game #4 - Cincinnati 11-22-23 (FINAL),4421.592286750333,8.0,OPP 3PT Shot,23,,,,,,,,,,
Game #4 - Cincinnati 11-22-23 (FINAL),4478.993337083333,8.0,OPP 3PT Shot,24,,,,,,,,,,
Game #4 - Cincinnati 11-22-23 (FINAL),4874.051633333333,8.0,OPP 3PT Shot,25,,,,,,,,,,
Game #4 - Cincinnati 11-22-23 (FINAL),5026.1032,8.0,OPP 3PT Shot,26,,,,,,,,,,
Game #4 - Cincinnati 11-22-23 (FINAL),5129.3043333333335,8.0,OPP 3PT Shot,27,,,,,,,,,,
Game #4 - Cincinnati 11-22-23 (FINAL),5168.388033333333,8.0,OPP 3PT Shot,28,,,,,,,,,,
Game #4 - Cincinnati 11-22-23 (FINAL),5232.005333333333,8.0,OPP 3PT Shot,29,,,,,,,,,,
Game #4 - Cincinnati 11-22-23 (FINAL),5254.305533333333,8.0,OPP 3PT Shot,30,,,,,,,,,,
Game #4 - Cincinnati 11-22-23 (FINAL),5522.158233333334,8.0,OPP 3PT Shot,31,,,,,,,,,,
Game #4 - Cincinnati 11-22-23 (FINAL),5566.211243583333,8.0,OPP 3PT Shot,32,,,,,,,,,,
Game #4 - Cincinnati 11-22-23 (FINAL),5604.161064417332,8.0,OPP 3PT Shot,33,,,,,,,,,,
Game #4 - Cincinnati 11-22-23 (FINAL),5731.277033333334,8.0,OPP 3PT Shot,34,,,,,,,,,,
Game #4 - Cincinnati 11-22-23 (FINAL),6078.878192041333,8.0,OPP 3PT Shot,35,,,,,,,,,,
Game #4 - Cincinnati 11-22-23 (FINAL),6257.499100000334,8.0,OPP 3PT Shot,36,,,,,,,,,,
Game #4 - Cincinnati 11-22-23 (FINAL),189.2021,8.0,OPP 2PT Shot,1,,,,,,,,,,
Game #4 - Cincinnati 11-22-23 (FINAL),387.178618124,8.0,OPP 2PT Shot,2,,,,,,,,,,
Game #4 - Cincinnati 11-22-23 (FINAL),880.047380876,8.0,OPP 2PT Shot,3,,,,,,,,,,
Game #4 - Cincinnati 11-22-23 (FINAL),1120.7287,8.0,OPP 2PT Shot,4,,,,,,,,,,
Game #4 - Cincinnati 11-22-23 (FINAL),1549.583233334,8.0,OPP 2PT Shot,5,,,,,,,,,,
Game #4 - Cincinnati 11-22-23 (FINAL),1671.801166667,8.0,OPP 2PT Shot,6,,,,,,,,,,
Game #4 - Cincinnati 11-22-23 (FINAL),1890.1034,8.0,OPP 2PT Shot,7,,,,,,,,,,
Game #4 - Cincinnati 11-22-23 (FINAL),2256.709833375,8.0,OPP 2PT Shot,8,,,,,,,,,,
Game #4 - Cincinnati 11-22-23 (FINAL),2440.7591666666667,8.0,OPP 2PT Shot,9,,,,,,,,,,
Game #4 - Cincinnati 11-22-23 (FINAL),2556.5933666666665,8.0,OPP 2PT Shot,10,,,,,,,,,,
Game #4 - Cincinnati 11-22-23 (FINAL),2803.946233334,8.0,OPP 2PT Shot,11,,,,,,,,,,
Game #4 - Cincinnati 11-22-23 (FINAL),2836.5632,8.0,OPP 2PT Shot,12,,,,,,,,,,
Game #4 - Cincinnati 11-22-23 (FINAL),3045.721081166,8.0,OPP 2PT Shot,13,,,,,,,,,,
Game #4 - Cincinnati 11-22-23 (FINAL),3177.267066666667,8.0,OPP 2PT Shot,14,,,,,,,,,,
Game #4 - Cincinnati 11-22-23 (FINAL),3356.5913466253332,8.0,OPP 2PT Shot,15,,,,,,,,,,
Game #4 - Cincinnati 11-22-23 (FINAL),3454.539601583333,8.0,OPP 2PT Shot,16,,,,,,,,,,
Game #4 - Cincinnati 11-22-23 (FINAL),3732.975132875333,8.0,OPP 2PT Shot,17,,,,,,,,,,
Game #4 - Cincinnati 11-22-23 (FINAL),3884.8054999583333,8.0,OPP 2PT Shot,18,,,,,,,,,,
Game #4 - Cincinnati 11-22-23 (FINAL),4086.530486624333,8.0,OPP 2PT Shot,19,,,,,,,,,,
Game #4 - Cincinnati 11-22-23 (FINAL),4097.8269,8.0,OPP 2PT Shot,20,,,,,,,,,,
Game #4 - Cincinnati 11-22-23 (FINAL),4519.625527041333,8.0,OPP 2PT Shot,21,,,,,,,,,,
Game #4 - Cincinnati 11-22-23 (FINAL),4549.414966666333,8.0,OPP 2PT Shot,22,,,,,,,,,,
Game #4 - Cincinnati 11-22-23 (FINAL),5062.520266666334,8.0,OPP 2PT Shot,23,,,,,,,,,,
Game #4 - Cincinnati 11-22-23 (FINAL),5133.971000000333,8.0,OPP 2PT Shot,24,,,,,,,,,,
Game #4 - Cincinnati 11-22-23 (FINAL),5173.621400000333,8.0,OPP 2PT Shot,25,,,,,,,,,,
Game #4 - Cincinnati 11-22-23 (FINAL),5480.407833333333,8.0,OPP 2PT Shot,26,,,,,,,,,,
Game #4 - Cincinnati 11-22-23 (FINAL),5606.542466666333,8.0,OPP 2PT Shot,27,,,,,,,,,,
Game #4 - Cincinnati 11-22-23 (FINAL),5753.527233333333,8.0,OPP 2PT Shot,28,,,,,,,,,,
Game #4 - Cincinnati 11-22-23 (FINAL),6033.890542333333,8.0,OPP 2PT Shot,29,,,,,,,,,,
Game #4 - Cincinnati 11-22-23 (FINAL),6118.347633333333,8.0,OPP 2PT Shot,30,,,,,,,,,,
Game #4 - Cincinnati 11-22-23 (FINAL),6234.582200000334,8.0,OPP 2PT Shot,31,,,,,,,,,,
Game #4 - Cincinnati 11-22-23 (FINAL),6292.266133333333,8.0,OPP 2PT Shot,32,,,,,,,,,,
Game #4 - Cincinnati 11-22-23 (FINAL),6366.8169333333335,8.0,OPP 2PT Shot,33,,,,,,,,,,
Game #4 - Cincinnati 11-22-23 (FINAL),244.269433334,8.0,FGA - Reeves #14,1,,,,,,,,,,
Game #4 - Cincinnati 11-22-23 (FINAL),1966.2709666666667,8.0,FGA - Reeves #14,2,,,,,,,,,,
Game #4 - Cincinnati 11-22-23 (FINAL),2262.040666667,8.0,FGA - Reeves #14,3,,,,,,,,,,
Game #4 - Cincinnati 11-22-23 (FINAL),3807.520563333333,8.0,FGA - Reeves #14,4,,,,,,,,,,
Game #4 - Cincinnati 11-22-23 (FINAL),4497.726671833333,8.0,FGA - Reeves #14,5,,,,,,,,,,
Game #4 - Cincinnati 11-22-23 (FINAL),5040.953366666333,8.0,FGA - Reeves #14,6,,,,,,,,,,
Game #4 - Cincinnati 11-22-23 (FINAL),5155.304533333333,8.0,FGA - Reeves #14,7,,,,,,,,,,
Game #4 - Cincinnati 11-22-23 (FINAL),5220.475455375333,8.0,FGA - Reeves #14,8,,,,,,,,,,
Game #4 - Cincinnati 11-22-23 (FINAL),443.63826666666665,8.0,FGA - Abram #24,1,,,,,,,,,,
Game #4 - Cincinnati 11-22-23 (FINAL),1949.8041,8.0,FGA - Abram #24,2,,,,,,,,,,
Game #4 - Cincinnati 11-22-23 (FINAL),1995.6879666666666,8.0,FGA - Abram #24,3,,,,,,,,,,
Game #4 - Cincinnati 11-22-23 (FINAL),3445.5706,8.0,FGA - Abram #24,4,,,,,,,,,,
Game #4 - Cincinnati 11-22-23 (FINAL),3480.627698125333,8.0,FGA - Abram #24,5,,,,,,,,,,
Game #4 - Cincinnati 11-22-23 (FINAL),4131.9839631253335,8.0,FGA - Abram #24,6,,,,,,,,,,
Game #4 - Cincinnati 11-22-23 (FINAL),467.7885,8.0,FGA - Kelly #13,1,,,,,,,,,,
Game #4 - Cincinnati 11-22-23 (FINAL),553.7728,8.0,FGA - Kelly #13,2,,,,,,,,,,
Game #4 - Cincinnati 11-22-23 (FINAL),643.1237,8.0,FGA - Kelly #13,3,,,,,,,,,,
Game #4 - Cincinnati 11-22-23 (FINAL),1046.027933334,8.0,FGA - Kelly #13,4,,,,,,,,,,
Game #4 - Cincinnati 11-22-23 (FINAL),2571.1438333333335,8.0,FGA - Kelly #13,5,,,,,,,,,,
Game #4 - Cincinnati 11-22-23 (FINAL),2826.9131,8.0,FGA - Kelly #13,6,,,,,,,,,,
Game #4 - Cincinnati 11-22-23 (FINAL),2978.764040167,8.0,FGA - Kelly #13,7,,,,,,,,,,
Game #4 - Cincinnati 11-22-23 (FINAL),2981.5485,8.0,FGA - Kelly #13,8,,,,,,,,,,
Game #4 - Cincinnati 11-22-23 (FINAL),4472.480833333333,8.0,FGA - Kelly #13,9,,,,,,,,,,
Game #4 - Cincinnati 11-22-23 (FINAL),4533.2814,8.0,FGA - Kelly #13,10,,,,,,,,,,
Game #4 - Cincinnati 11-22-23 (FINAL),4571.0651333333335,8.0,FGA - Kelly #13,11,,,,,,,,,,
Game #4 - Cincinnati 11-22-23 (FINAL),5743.033137209333,8.0,FGA - Kelly #13,12,,,,,,,,,,
Game #4 - Cincinnati 11-22-23 (FINAL),899.437063792,8.0,FGA - Claude #12,1,,,,,,,,,,
Game #4 - Cincinnati 11-22-23 (FINAL),4413.921771000333,8.0,FGA - Claude #12,2,,,,,,,,,,
Game #4 - Cincinnati 11-22-23 (FINAL),1138.4955666666667,8.0,FGA - Sturdivant #1,1,,,,,,,,,,
Game #4 - Cincinnati 11-22-23 (FINAL),2418.892233334,8.0,FGA - Sturdivant #1,2,,,,,,,,,,
Game #4 - Cincinnati 11-22-23 (FINAL),2465.1094,8.0,FGA - Sturdivant #1,3,,,,,,,,,,
Game #4 - Cincinnati 11-22-23 (FINAL),4375.756505458333,8.0,FGA - Sturdivant #1,4,,,,,,,,,,
Game #4 - Cincinnati 11-22-23 (FINAL),1164.4458,8.0,FGA - Coleman #3,1,,,,,,,,,,
Game #4 - Cincinnati 11-22-23 (FINAL),1447.432166667,8.0,FGA - Ndongo #11,1,,,,,,,,,,
Game #4 - Cincinnati 11-22-23 (FINAL),1481.2325,8.0,FGA - Ndongo #11,2,,,,,,,,,,
Game #4 - Cincinnati 11-22-23 (FINAL),1571.716766667,8.0,FGA - Ndongo #11,3,,,,,,,,,,
Game #4 - Cincinnati 11-22-23 (FINAL),3190.500533334,8.0,FGA - Ndongo #11,4,,,,,,,,,,
Game #4 - Cincinnati 11-22-23 (FINAL),3234.851,8.0,FGA - Ndongo #11,5,,,,,,,,,,
Game #4 - Cincinnati 11-22-23 (FINAL),4933.779190209333,8.0,FGA - Ndongo #11,6,,,,,,,,,,
Game #4 - Cincinnati 11-22-23 (FINAL),5710.476833333333,8.0,FGA - Ndongo #11,7,,,,,,,,,,
Game #4 - Cincinnati 11-22-23 (FINAL),1568.1667333333332,8.0,FGA - Murphy #4,1,,,,,,,,,,
Game #4 - Cincinnati 11-22-23 (FINAL),5457.624300000333,8.0,FGA - Murphy #4,2,,,,,,,,,,
Game #4 - Cincinnati 11-22-23 (FINAL),6207.652179458333,8.0,FGA - Murphy #4,3,,,,,,,,,,
Game #4 - Cincinnati 11-22-23 (FINAL),6282.932700000333,8.0,FGA - Murphy #4,4,,,,,,,,,,
Game #4 - Cincinnati 11-22-23 (FINAL),2024.656580208,8.0,FGA - Sacko #23,1,,,,,,,,,,
Game #4 - Cincinnati 11-22-23 (FINAL),4892.9852,8.0,FGA - Sacko #23,2,,,,,,,,,,
Game #4 - Cincinnati 11-22-23 (FINAL),5241.888733333333,8.0,FGA - Sacko #23,3,,,,,,,,,,
Game #4 - Cincinnati 11-22-23 (FINAL),5516.391533333333,8.0,FGA - Sacko #23,4,,,,,,,,,,
Game #4 - Cincinnati 11-22-23 (FINAL),3083.5495,8.0,FGA - George #2,1,,,,,,,,,,
Game #4 - Cincinnati 11-22-23 (FINAL),4891.035133333333,8.0,FGA - George #2,2,,,,,,,,,,
Game #4 - Cincinnati 11-22-23 (FINAL),5485.341233333333,8.0,FGA - George #2,3,,,,,,,,,,
Game #4 - Cincinnati 11-22-23 (FINAL),5535.481704083333,8.0,FGA - George #2,4,,,,,,,,,,
Game #4 - Cincinnati 11-22-23 (FINAL),5578.225533333333,8.0,FGA - George #2,5,,,,,,,,,,
Game #4 - Cincinnati 11-22-23 (FINAL),6345.5334,8.0,FGA - George #2,6,,,,,,,,,,