Timeline,Start time,Duration,Row,Instance number,DEFENSE,Fouls,Free Throws,HALF COURT ACTIONS,Inbounds,Location Zone,OFFENSE,ON COURT,PLAYERS,Rebounds,Result,SHOT AREA,Shot Type,Shot by Clemson University,Shot by Georgia Institute of Technology,Shots,TRANSITION,Turnovers,Ungrouped,Notes,Flags
Game #17 - Clemson 1-16-24 (Final),68.85493329100004,26.10920004233327,OFFENSE,1,,,,"DHO/HOFF, DHO/HOFF",,,Forced Foul,"#13 Kelly, #2 George, #10 Dowuona, #11 Ndongo, #14 Reeves",Ndongo #11,,X2F,Paint,,,,,,,,,
Game #17 - Clemson 1-16-24 (Final),116.22923333333333,5.5002999999999815,OFFENSE,2,,,,DHO/HOFF,,,,"#13 Kelly, #2 George, #10 Dowuona, #11 Ndongo, #14 Reeves",,,FT - MI,,,,,,,,,,
Game #17 - Clemson 1-16-24 (Final),132.97956666666667,6.25,OFFENSE,3,,,,DHO/HOFF,,,,"#13 Kelly, #2 George, #10 Dowuona, #11 Ndongo, #14 Reeves",,,FT - MK,,,,,,,,,,
Game #17 - Clemson 1-16-24 (Final),161.60836666666668,22.636699999999962,OFFENSE,4,,,,POST,,,,"#13 Kelly, #2 George, #10 Dowuona, #11 Ndongo, #14 Reeves",Kelly #13,,X2,Paint,,,,,,,,,
Game #17 - Clemson 1-16-24 (Final),260.75286283333287,21.230003834000456,OFFENSE,5,,,,P/R,,,,"#13 Kelly, #2 George, #10 Dowuona, #11 Ndongo, #14 Reeves",Reeves #14,,O3,Left Corner 3,,,,,,,,,
Game #17 - Clemson 1-16-24 (Final),309.00849570833327,32.841670959,OFFENSE,6,,,,DK/MVMT,,,,"#13 Kelly, #2 George, #10 Dowuona, #11 Ndongo, #14 Reeves",George #2,,X3,Left Wing 3,,,,,,,,,
Game #17 - Clemson 1-16-24 (Final),365.6503666666666,10.050166666666655,OFFENSE,7,,,,,,,Transition O,"#13 Kelly, #2 George, #10 Dowuona, #11 Ndongo, #14 Reeves",George #2,,X3,Straightaway 3,,,,,TRANSITION,,,,
Game #17 - Clemson 1-16-24 (Final),394.2174,12.900133333333315,OFFENSE,8,,,,ISO,,,,"#13 Kelly, #2 George, #10 Dowuona, #11 Ndongo, #14 Reeves",George #2,,O3,Left Wing 3,,,,,,,,,
Game #17 - Clemson 1-16-24 (Final),438.8019666673333,8.914733332666628,OFFENSE,9,,,,,,,Transition O,"#13 Kelly, #2 George, #10 Dowuona, #11 Ndongo, #14 Reeves",,,,,,,,,,,,,
Game #17 - Clemson 1-16-24 (Final),451.47023333333334,25.157833333333315,OFFENSE,10,,,,POST,,,"BLOB Off, GT Off Reb","#13 Kelly, #1 Sturdivant, #12 Claude, #11 Ndongo, #14 Reeves",Sturdivant #1,,X3,Straightaway 3,,,,,,,,,
Game #17 - Clemson 1-16-24 (Final),476.62806666666665,9.87639999999999,OFFENSE,11,,,,DK/MVMT,,,,"#13 Kelly, #1 Sturdivant, #12 Claude, #11 Ndongo, #14 Reeves",Kelly #13,,X3,Left Wing 3,,,,,,,,,
Game #17 - Clemson 1-16-24 (Final),498.9119666666667,24.776766666666617,OFFENSE,12,,,,POST,,,,"#13 Kelly, #1 Sturdivant, #12 Claude, #11 Ndongo, #14 Reeves",Sturdivant #1,,O3,Straightaway 3,,,,,,,,,
Game #17 - Clemson 1-16-24 (Final),543.5582000006666,23.225000000000023,OFFENSE,13,,,,ISO,,,,"#13 Kelly, #1 Sturdivant, #12 Claude, #11 Ndongo, #14 Reeves",Reeves #14,,X2,Nail Area 2,,,,,,,,,
Game #17 - Clemson 1-16-24 (Final),579.3979333336666,23.292599999666663,OFFENSE,14,,,,DK/MVMT,,,,"#13 Kelly, #1 Sturdivant, #12 Claude, #11 Ndongo, #14 Reeves",Sturdivant #1,,X3,Straightaway 3,,,,,,,,,
Game #17 - Clemson 1-16-24 (Final),611.3855666666666,21.543166666666707,OFFENSE,15,,,,POST,,,,"#13 Kelly, #1 Sturdivant, #12 Claude, #11 Ndongo, #14 Reeves",Ndongo #11,,X2,At Rim,,,,,,,,,
Game #17 - Clemson 1-16-24 (Final),644.0811333336666,19.60789945800002,OFFENSE,16,,,,P/R,,,,"#13 Kelly, #1 Sturdivant, #12 Claude, #11 Ndongo, #14 Reeves",,,TO,,,,,,,,,,
Game #17 - Clemson 1-16-24 (Final),698.7572333333334,16.94660000066665,OFFENSE,17,,,,OFF BALL SCREEN,,,,"#2 George, #1 Sturdivant, #5 Gapare, #10 Dowuona, #3 Coleman",Coleman #3,,O3,Right Wing 3,,,,,,,,,
Game #17 - Clemson 1-16-24 (Final),736.1989333333332,19.771033333333435,OFFENSE,18,,,,,,,Forced Foul,"#2 George, #1 Sturdivant, #5 Gapare, #10 Dowuona, #3 Coleman",,,,,,,,,,,,,
Game #17 - Clemson 1-16-24 (Final),763.4073333339999,11.634366666000005,OFFENSE,19,,,,P/R,,,,"#2 George, #1 Sturdivant, #5 Gapare, #10 Dowuona, #3 Coleman",George #2,,X2,Deep Left Wing 2,,,,,,,,,
Game #17 - Clemson 1-16-24 (Final),788.7677,15.533733333999862,OFFENSE,20,,,,P/R,,,GT Off Reb,"#2 George, #1 Sturdivant, #5 Gapare, #10 Dowuona, #3 Coleman",Gapare #5,,X3,Left Corner 3,,,,,,,,,
Game #17 - Clemson 1-16-24 (Final),832.5305333339999,8.751633332999972,OFFENSE,21,,,,OFF BALL SCREEN,,,,"#2 George, #1 Sturdivant, #5 Gapare, #11 Ndongo, #3 Coleman",Sturdivant #1,,X3,Straightaway 3,,,,,,,,,
Game #17 - Clemson 1-16-24 (Final),875.0852333333333,19.8064000006666,OFFENSE,22,,,,DK/MVMT,,,,"#2 George, #1 Sturdivant, #5 Gapare, #11 Ndongo, #3 Coleman",George #2,,X2,At Rim,,,,,,,,,
Game #17 - Clemson 1-16-24 (Final),914.4995333333333,18.576700000666733,OFFENSE,23,,,,DK/MVMT,,,GT Off Reb,"#2 George, #1 Sturdivant, #5 Gapare, #11 Ndongo, #3 Coleman",Coleman #3,,X3,Right Corner 3,,,,,,,,,
Game #17 - Clemson 1-16-24 (Final),933.076233334,4.351166665999926,OFFENSE,24,,,,OREB,,,,"#2 George, #1 Sturdivant, #5 Gapare, #11 Ndongo, #3 Coleman",George #2,,O3,Left Wing 3,,,,,,,,,
Game #17 - Clemson 1-16-24 (Final),959.794366667,30.318866666333406,OFFENSE,25,,,,DK/MVMT,,,,"#2 George, #1 Sturdivant, #5 Gapare, #11 Ndongo, #3 Coleman",Gapare #5,,X3,Right Wing 3,,,,,,,,,
Game #17 - Clemson 1-16-24 (Final),1022.511833334,24.66649999933327,OFFENSE,26,,,,DK/MVMT,,,,"#2 George, #1 Sturdivant, #5 Gapare, #11 Ndongo, #3 Coleman",Ndongo #11,,X3,Straightaway 3,,,,,,,,,
Game #17 - Clemson 1-16-24 (Final),1067.792833334,18.56936666599995,OFFENSE,27,,,,DK/MVMT,,,,"#2 George, #1 Sturdivant, #5 Gapare, #11 Ndongo, #3 Coleman",Gapare #5,,X3,Left Wing 3,,,,,,,,,
Game #17 - Clemson 1-16-24 (Final),1130.7541,24.751133333333428,OFFENSE,28,,,,ISO,,,,"#13 Kelly, #2 George, #12 Claude, #11 Ndongo, #14 Reeves",George #2,,O2,Right Short Midrange 2,,,,,,,,,
Game #17 - Clemson 1-16-24 (Final),1215.0275980403326,15.927324460334148,OFFENSE,29,,,,DHO/HOFF,,,GT Off Reb,"#13 Kelly, #2 George, #12 Claude, #11 Ndongo, #14 Reeves",Kelly #13,,X2,Deep Left Wing 2,,,,,,,,,
Game #17 - Clemson 1-16-24 (Final),1230.9549225006667,3.8661441659996854,OFFENSE,30,,,,OREB,,,,"#13 Kelly, #2 George, #12 Claude, #11 Ndongo, #14 Reeves",Ndongo #11,,O2,Paint,,,,,,,,,
Game #17 - Clemson 1-16-24 (Final),1253.8280666666665,17.46343333333334,OFFENSE,31,,,,P/R,,,,"#13 Kelly, #2 George, #12 Claude, #11 Ndongo, #14 Reeves",Reeves #14,,O3,Left Corner 3,,,,,,,,,
Game #17 - Clemson 1-16-24 (Final),1296.0976333336666,6.99466666633316,OFFENSE,32,,,,,,,Transition O,"#13 Kelly, #2 George, #12 Claude, #11 Ndongo, #14 Reeves",Kelly #13,,O3,Right Corner 3,,,,,TRANSITION,,,,
Game #17 - Clemson 1-16-24 (Final),1320.8049999999998,18.164600000666724,OFFENSE,33,,,,P/R,,,,"#13 Kelly, #2 George, #12 Claude, #11 Ndongo, #14 Reeves",Kelly #13,,X3,Straightaway 3,,,,,,,,,
Game #17 - Clemson 1-16-24 (Final),1385.2880999999998,17.222000000333537,OFFENSE,34,,,,P/R,,,GT Off Reb,"#13 Kelly, #2 George, #12 Claude, #11 Ndongo, #14 Reeves",Ndongo #11,,X2,Paint,,,,,,,,,
Game #17 - Clemson 1-16-24 (Final),1402.5101000003333,2.0720666669999446,OFFENSE,35,,,,OREB,,,GT Off Reb,"#13 Kelly, #2 George, #12 Claude, #11 Ndongo, #14 Reeves",Claude #12,,X2,At Rim,,,,,,,,,
Game #17 - Clemson 1-16-24 (Final),1404.5821666673332,5.175533332666419,OFFENSE,36,,,,OREB,,,,"#13 Kelly, #2 George, #12 Claude, #11 Ndongo, #14 Reeves",Ndongo #11,,O2,Paint,,,,,,,,,
Game #17 - Clemson 1-16-24 (Final),1443.1513999999997,11.047399999999925,OFFENSE,37,,,,CUT,,,,"#13 Kelly, #2 George, #12 Claude, #11 Ndongo, #14 Reeves",Kelly #13,,O2,At Rim,,,,,,,,,
Game #17 - Clemson 1-16-24 (Final),1487.369366667333,10.980766665999909,OFFENSE,38,,,,,,,,"#13 Kelly, #2 George, #12 Claude, #11 Ndongo, #14 Reeves",,,,,,,,,,,,,
Game #17 - Clemson 1-16-24 (Final),1517.2933333333333,18.25833333366677,OFFENSE,39,,,,POST,,,,"#11 Ndongo, #12 Claude, #3 Coleman, #14 Reeves, #13 Kelly",,,TO,,,,,,,,,,
Game #17 - Clemson 1-16-24 (Final),1545.7316666666666,11.528333333333421,OFFENSE,40,,,,,,,,"#11 Ndongo, #12 Claude, #3 Coleman, #14 Reeves, #13 Kelly",,,,,,,,,,,,,
Game #17 - Clemson 1-16-24 (Final),1618.0918344996662,26.58456550033361,OFFENSE,41,,,,DK/MVMT,,,SLOB Off,"#13 Kelly, #2 George, #12 Claude, #11 Ndongo, #14 Reeves",Kelly #13,,X2,Nail Area 2,,,,,,,,,
Game #17 - Clemson 1-16-24 (Final),1647.4906319159995,23.479901417333622,OFFENSE,42,,,,ISO,,,,"#13 Kelly, #2 George, #12 Claude, #11 Ndongo, #14 Reeves",Kelly #13,,O2,Paint,,,,,,,,,
Game #17 - Clemson 1-16-24 (Final),1693.5003666666662,31.150400000000445,OFFENSE,43,,,,DK/MVMT,,,,"#13 Kelly, #2 George, #12 Claude, #11 Ndongo, #14 Reeves",Reeves #14,,X3,Straightaway 3,,,,,,,,,
Game #17 - Clemson 1-16-24 (Final),1794.5881919579988,26.874141375334148,OFFENSE,44,,,,POST,,,Forced Foul,"#13 Kelly, #2 George, #12 Claude, #11 Ndongo, #14 Reeves",Claude #12,,X2F,At Rim,,,,,,,,,
Game #17 - Clemson 1-16-24 (Final),1849.0596666666665,5.25,OFFENSE,45,,,,POST,,,,"#13 Kelly, #2 George, #12 Claude, #11 Ndongo, #14 Reeves",,,FT - MK,,,,,,,,,,
Game #17 - Clemson 1-16-24 (Final),1866.3096666666665,5.260266666666666,OFFENSE,46,,,,POST,,,,"#13 Kelly, #2 George, #12 Claude, #11 Ndongo, #14 Reeves",,,FT - MK,,,,,,,,,,
Game #17 - Clemson 1-16-24 (Final),1968.9040333333332,27.634833333333063,OFFENSE,47,,,,DK/MVMT,,,,"#13 Kelly, #2 George, #12 Claude, #3 Coleman, #14 Reeves",George #2,,O2,Paint,,,,,,,,,
Game #17 - Clemson 1-16-24 (Final),2013.6893999996664,28.26773333366691,OFFENSE,48,,,,P/R,,,,"#13 Kelly, #2 George, #12 Claude, #3 Coleman, #14 Reeves",George #2,,X3,Left Wing 3,,,,,,,,,
Game #17 - Clemson 1-16-24 (Final),2055.4155666666666,23.817466666666405,OFFENSE,49,,,,DK/MVMT,,,,"#13 Kelly, #2 George, #12 Claude, #3 Coleman, #14 Reeves",Coleman #3,,O3,Left Corner 3,,,,,,,,,
Game #17 - Clemson 1-16-24 (Final),2132.958866667,15.550133333000304,OFFENSE,50,,,,P/R,,,,"#1 Sturdivant, #2 George, #12 Claude, #3 Coleman, #11 Ndongo",Ndongo #11,,O2,At Rim,,,,,,,,,
Game #17 - Clemson 1-16-24 (Final),2203.4594666666667,24.500400000333684,OFFENSE,51,,,,,,,,"#1 Sturdivant, #2 George, #12 Claude, #3 Coleman, #11 Ndongo",,,,,,,,,,,,,
Game #17 - Clemson 1-16-24 (Final),2236.9766000000004,11.83393333299955,OFFENSE,52,,,,POST,,,BLOB Off,"#1 Sturdivant, #2 George, #12 Claude, #3 Coleman, #11 Ndongo",Ndongo #11,,O2,At Rim,,,,,,,,,
Game #17 - Clemson 1-16-24 (Final),2278.4140333333335,24.277320750333274,OFFENSE,53,,,,P/R,,,,"#1 Sturdivant, #2 George, #12 Claude, #3 Coleman, #11 Ndongo",,,TO,,,,,,,,,,
Game #17 - Clemson 1-16-24 (Final),2367.3104005416662,31.088166125000498,OFFENSE,54,,,,ISO,,,,"#1 Sturdivant, #2 George, #12 Claude, #14 Reeves, #11 Ndongo",Sturdivant #1,,O3,Left Wing 3,,,,,,,,,
Game #17 - Clemson 1-16-24 (Final),2454.0497333333333,28.983700000333556,OFFENSE,55,,,,POST,,,GT Off Reb,"#1 Sturdivant, #2 George, #12 Claude, #14 Reeves, #11 Ndongo",Kelly #13,,X3,Left Wing 3,,,,,,,,,
Game #17 - Clemson 1-16-24 (Final),2483.033433333667,1.3333333329992456,OFFENSE,56,,,,OREB,,,GT Off Reb,"#1 Sturdivant, #2 George, #12 Claude, #14 Reeves, #11 Ndongo",Ndongo #11,,X2,At Rim,,,,,,,,,
Game #17 - Clemson 1-16-24 (Final),2484.366766666666,5.075000000000728,OFFENSE,57,,,,OREB,,,Forced Foul,"#1 Sturdivant, #2 George, #12 Claude, #14 Reeves, #11 Ndongo",,,X2F,,,,,,,,,,
Game #17 - Clemson 1-16-24 (Final),2496.972866666667,1.7693915829977414,OFFENSE,58,,,,OREB,,,,"#1 Sturdivant, #2 George, #12 Claude, #14 Reeves, #11 Ndongo",,,FT - MK,,,,,,,,,,
Game #17 - Clemson 1-16-24 (Final),2508.952927374665,4.970272625668258,OFFENSE,59,,,,OREB,,,,"#1 Sturdivant, #2 George, #12 Claude, #14 Reeves, #11 Ndongo",,,FT - MI,,,,,,,,,,
Game #17 - Clemson 1-16-24 (Final),2568.9571333333333,27.55029999999988,OFFENSE,60,,,,ISO,,,,"#1 Sturdivant, #13 Kelly, #12 Claude, #14 Reeves, #11 Ndongo",Sturdivant #1,,O2,Paint,,,,,,,,,
Game #17 - Clemson 1-16-24 (Final),2627.8413,11.150099999999838,OFFENSE,61,,,,P/R,,,,"#1 Sturdivant, #13 Kelly, #12 Claude, #14 Reeves, #11 Ndongo",Sturdivant #1,,O3,Right Wing 3,,,,,,,,,
Game #17 - Clemson 1-16-24 (Final),2679.5419,26.26195691733301,OFFENSE,62,,,,POST,,,,"#1 Sturdivant, #13 Kelly, #12 Claude, #14 Reeves, #11 Ndongo",,,TO,,,,,,,,,,
Game #17 - Clemson 1-16-24 (Final),2808.8514525826668,24.825780750667036,OFFENSE,63,,,,P/R,,,GT Off Reb,"#1 Sturdivant, #13 Kelly, #12 Claude, #14 Reeves, #11 Ndongo",Sturdivant #1,,X3,Straightaway 3,,,,,,,,,
Game #17 - Clemson 1-16-24 (Final),2843.9274333333333,23.766866666999704,OFFENSE,64,,,,,,,"SLOB Off, Forced Foul","#1 Sturdivant, #13 Kelly, #12 Claude, #14 Reeves, #11 Ndongo",Kelly #13,,,Left Wing 3,,,,,,,,,
Game #17 - Clemson 1-16-24 (Final),2874.944433333333,22.53350000000046,OFFENSE,65,,,,DK/MVMT,,,,"#1 Sturdivant, #13 Kelly, #12 Claude, #14 Reeves, #11 Ndongo",Sturdivant #1,,O2,Left Deep Midrange 2,,,,,,,,,
Game #17 - Clemson 1-16-24 (Final),2939.4950333333327,25.683566666666593,OFFENSE,66,,,,DK/MVMT,,,,"#1 Sturdivant, #13 Kelly, #12 Claude, #14 Reeves, #11 Ndongo",Reeves #14,,O3,Left Corner 3,,,,,,,,,
Game #17 - Clemson 1-16-24 (Final),3000.894166666666,32.26696666666703,OFFENSE,67,,,,ISO,,,,"#1 Sturdivant, #13 Kelly, #12 Claude, #14 Reeves, #11 Ndongo",Sturdivant #1,,X3,Straightaway 3,,,,,,,,,
Game #17 - Clemson 1-16-24 (Final),3083.895066666666,17.06676666666681,OFFENSE,68,,,,POST,,,,"#13 Kelly, #12 Claude, #14 Reeves, #11 Ndongo, #2 George",,,TO,,,,,,,,,,
Game #17 - Clemson 1-16-24 (Final),3159.0957666666654,18.17482879199997,OFFENSE,69,,,,P/R,,,,"#13 Kelly, #12 Claude, #14 Reeves, #11 Ndongo, #2 George",,,TO,,,,,,,,,,
Game #17 - Clemson 1-16-24 (Final),3209.1967333333323,8.700100000333805,OFFENSE,70,,,,,,,Transition O,"#2 George, #13 Kelly, #12 Claude, #14 Reeves, #11 Ndongo",,,TO,,,,,,TRANSITION,,,,
Game #17 - Clemson 1-16-24 (Final),3307.752739999665,16.131093333667195,OFFENSE,71,,,,ISO,,,,"#2 George, #13 Kelly, #12 Claude, #14 Reeves, #11 Ndongo",Kelly #13,,O2,Right Short Midrange 2,,,,,,,,,
Game #17 - Clemson 1-16-24 (Final),3393.9147792916665,24.183620708332455,OFFENSE,72,,,,POST,,,,"#1 Sturdivant, #2 George, #12 Claude, #14 Reeves, #11 Ndongo",Ndongo #11,,X2,At Rim,,,,,,,,,
Game #17 - Clemson 1-16-24 (Final),3436.362133333332,15.715900999333826,OFFENSE,73,,,,ISO,,,Forced Foul,"#1 Sturdivant, #2 George, #12 Claude, #14 Reeves, #11 Ndongo",,,,,,,,,,,,,
Game #17 - Clemson 1-16-24 (Final),3469.3198999999995,11.70013333299994,OFFENSE,74,,,,ISO,,,BLOB Off,"#13 Kelly, #2 George, #12 Claude, #14 Reeves, #11 Ndongo",Kelly #13,,X2,At Rim,,,,,,,,,
Game #17 - Clemson 1-16-24 (Final),3502.386866666666,17.816833333333307,OFFENSE,75,,,,P/R,,,Forced Foul,"#13 Kelly, #2 George, #12 Claude, #14 Reeves, #11 Ndongo",,,,,,,,,,,,,
Game #17 - Clemson 1-16-24 (Final),3539.1583293739986,19.396970626001348,OFFENSE,76,,,,ISO,,,BLOB Off,"#13 Kelly, #2 George, #12 Claude, #14 Reeves, #11 Ndongo",Kelly #13,,X3,Straightaway 3,,,,,,,,,
Game #17 - Clemson 1-16-24 (Final),3610.292166666666,15.197299999999814,OFFENSE,77,,,,DK/MVMT,,,Forced Foul,"#13 Kelly, #2 George, #1 Sturdivant, #14 Reeves, #11 Ndongo",Sturdivant #1,,X3F,Left Wing 3,,,,,,,,,
Game #17 - Clemson 1-16-24 (Final),3652.389799999999,7.25,OFFENSE,78,,,,DK/MVMT,,,,"#13 Kelly, #2 George, #1 Sturdivant, #14 Reeves, #11 Ndongo",Souare #30,,FT - MK,,,,,,,,,,
Game #17 - Clemson 1-16-24 (Final),3669.257938625664,4.695654708333677,OFFENSE,79,,,,DK/MVMT,,,,"#13 Kelly, #2 George, #1 Sturdivant, #14 Reeves, #11 Ndongo",,,FT - MK,,,,,,,,,,
Game #17 - Clemson 1-16-24 (Final),3684.757227584332,7.614897582667254,OFFENSE,80,,,,DK/MVMT,,,,"#13 Kelly, #2 George, #1 Sturdivant, #14 Reeves, #11 Ndongo",,,FT - MK,,,,,,,,,,
Game #17 - Clemson 1-16-24 (Final),3763.597383499331,15.86461650066758,OFFENSE,81,,,,OFF BALL SCREEN,,,,"#13 Kelly, #2 George, #1 Sturdivant, #14 Reeves, #11 Ndongo",Reeves #14,,O3,Right Wing 3,,,,,,,,,
Game #17 - Clemson 1-16-24 (Final),3879.8207584583342,19.331833333333634,OFFENSE,82,,,,ISO,,,,"#13 Kelly, #2 George, #1 Sturdivant, #14 Reeves, #11 Ndongo",George #2,,O3,Right Wing 3,,,,,,,,,
Game #17 - Clemson 1-16-24 (Final),3940.8940420416634,8.802313499666525,OFFENSE,83,,,,DHO/HOFF,,,,"#1 Sturdivant, #11 Ndongo, #2 George, #13 Kelly, #14 Reeves",,,O3,,,,,,,,,,
Game #17 - Clemson 1-16-24 (Final),4093.794158458335,12.26679999999942,OFFENSE,84,,,,P/R,,,,"#11 Ndongo, #13 Kelly, #14 Reeves, #12 Claude, #2 George",Claude #12,,O2,At Rim,,,,,,,,,
Game #17 - Clemson 1-16-24 (Final),4154.537191791668,9.257633333333615,OFFENSE,85,,,,POST,,,Forced Foul,"#11 Ndongo, #13 Kelly, #14 Reeves, #12 Claude, #2 George",,,X2F,,,,,,,,,,
Game #17 - Clemson 1-16-24 (Final),4202.920604832668,4.501418166667463,OFFENSE,86,,,,POST,,,,"#11 Ndongo, #13 Kelly, #14 Reeves, #12 Claude, #2 George",,,FT - MI,,,,,,,,,,
Game #17 - Clemson 1-16-24 (Final),4226.575191791668,13.187200000666962,OFFENSE,87,,,,P/R,,,Forced Foul,"#11 Ndongo, #13 Kelly, #14 Reeves, #12 Claude, #2 George",,,X2F,,,,,,,,,,
Game #17 - Clemson 1-16-24 (Final),4273.818795125667,3.4025099163336563,OFFENSE,88,,,,P/R,,,,"#11 Ndongo, #13 Kelly, #14 Reeves, #12 Claude, #2 George",,,FT - MK,,,,,,,,,,
Game #17 - Clemson 1-16-24 (Final),4293.619667917001,4.1998895416672894,OFFENSE,89,,,,P/R,,,,"#11 Ndongo, #13 Kelly, #14 Reeves, #12 Claude, #2 George",,,FT - MK,,,,,,,,,,
Game #17 - Clemson 1-16-24 (Final),4315.563225125335,25.75036666633332,OFFENSE,90,,,,POST,,,,"#11 Ndongo, #13 Kelly, #14 Reeves, #12 Claude, #2 George",Reeves #14,,O3,Left Corner 3,,,,,,,,,
Game #17 - Clemson 1-16-24 (Final),4366.380658458334,30.28360000000066,OFFENSE,91,,,,POST,,,Forced Foul,"#11 Ndongo, #13 Kelly, #14 Reeves, #12 Claude, #2 George",,,X2F,,,,,,,,,,
Game #17 - Clemson 1-16-24 (Final),4430.524203541335,3.9984247493321163,OFFENSE,92,,,,POST,,,,"#11 Ndongo, #13 Kelly, #14 Reeves, #12 Claude, #2 George",,,FT - MK,,,,,,,,,,
Game #17 - Clemson 1-16-24 (Final),4449.121679749668,3.900260583333875,OFFENSE,93,,,,POST,,,,"#11 Ndongo, #13 Kelly, #14 Reeves, #12 Claude, #2 George",,,FT - MK,,,,,,,,,,
Game #17 - Clemson 1-16-24 (Final),4474.5051251250015,20.777066666666542,OFFENSE,94,,,,POST,,,Forced Foul,"#11 Ndongo, #13 Kelly, #14 Reeves, #12 Claude, #2 George",Claude #12,,X2F,At Rim,,,,,,,,,
Game #17 - Clemson 1-16-24 (Final),4528.815925125002,3.0,OFFENSE,95,,,,POST,,,,"#11 Ndongo, #13 Kelly, #14 Reeves, #12 Claude, #2 George",,,FT - MK,,,,,,,,,,
Game #17 - Clemson 1-16-24 (Final),4541.618355624333,6.000517791667335,OFFENSE,96,,,,POST,,,,"#11 Ndongo, #13 Kelly, #14 Reeves, #12 Claude, #2 George",,,FT - MK,,,,,,,,,,
Game #17 - Clemson 1-16-24 (Final),4572.899658458335,24.257748332999654,OFFENSE,97,,,,POST,,,,"#11 Ndongo, #13 Kelly, #14 Reeves, #12 Claude, #2 George",,,TO,,,,,,,,,,
Game #17 - Clemson 1-16-24 (Final),4741.057258458334,27.0,OFFENSE,98,,,,DK/MVMT,,,,"#1 Sturdivant, #13 Kelly, #14 Reeves, #12 Claude, #2 George",,,TO,,,,,,,,,,
Game #17 - Clemson 1-16-24 (Final),4906.079720790667,29.08230279200143,OFFENSE,99,,,,P/R,,,,"#1 Sturdivant, #5 Gapare, #14 Reeves, #12 Claude, #2 George",,,TO,,,,,,,,,,
Game #17 - Clemson 1-16-24 (Final),4969.842948583335,22.01790000033361,OFFENSE,100,,,,ISO,,,GT Off Reb,"#1 Sturdivant, #5 Gapare, #14 Reeves, #12 Claude, #2 George",Kelly #13,,X2,Paint,,,,,,,,,
Game #17 - Clemson 1-16-24 (Final),4991.8608485836685,2.500033333000829,OFFENSE,101,,,,OREB,,,,"#1 Sturdivant, #5 Gapare, #14 Reeves, #12 Claude, #2 George",Kelly #13,,O2,At Rim,,,,,,,,,
Game #17 - Clemson 1-16-24 (Final),5075.6284485836695,11.249999999667125,OFFENSE,102,,,,OTHER,,,Forced Foul,"#13 Kelly, #3 Coleman, #14 Reeves, #12 Claude, #2 George",,,X2F,,,,,,,,,,
Game #17 - Clemson 1-16-24 (Final),5115.882466041667,3.299437083000157,OFFENSE,103,,,,OTHER,,,,"#13 Kelly, #3 Coleman, #14 Reeves, #12 Claude, #2 George",,,FT - MI,,,,,,,,,,
Game #17 - Clemson 1-16-24 (Final),5128.980954541003,4.003641458999482,OFFENSE,104,,,,OTHER,,,,"#13 Kelly, #3 Coleman, #14 Reeves, #12 Claude, #2 George",,,FT - MK,,,,,,,,,,
Game #17 - Clemson 1-16-24 (Final),5156.1459819166685,23.680433333334804,OFFENSE,105,,,,ISO,,,,"#13 Kelly, #3 Coleman, #14 Reeves, #12 Claude, #2 George",Kelly #13,,O2,At Rim,,,,,,,,,
Game #17 - Clemson 1-16-24 (Final),5202.396481916669,5.284474833000786,OFFENSE,106,,,,,,,,"#13 Kelly, #3 Coleman, #14 Reeves, #12 Claude, #2 George",,,,,,,,,,,,,
Game #17 - Clemson 1-16-24 (Final),5271.284020625335,15.729894624668304,OFFENSE,107,,,,P/R,,,,"#13 Kelly, #3 Coleman, #14 Reeves, #12 Claude, #2 George",George #2,,O2,Right Short Midrange 2,,,,,,,,,
Game #17 - Clemson 1-16-24 (Final),5304.697548583668,20.83353333300147,OFFENSE,108,,,,ISO,,,,"#13 Kelly, #3 Coleman, #14 Reeves, #12 Claude, #2 George",George #2,,O2,Deep Left Wing 2,,,,,,,,,
Game #17 - Clemson 1-16-24 (Final),5396.701256708668,35.86023883366761,OFFENSE,109,,,,DK/MVMT,,,Press O,"#13 Kelly, #1 Sturdivant, #14 Reeves, #12 Claude, #2 George",,,X2,,,,,,,,,,
Game #17 - Clemson 1-16-24 (Final),5550.3157190833335,15.224246917001437,OFFENSE,110,,,,OTHER,,,"Press O, Forced Foul","#13 Kelly, #3 Coleman, #14 Reeves, #1 Sturdivant, #2 George",,,X2F,,,,,,,,,,
Game #17 - Clemson 1-16-24 (Final),5641.417035250668,7.198478541331497,OFFENSE,111,,,,OTHER,,,,"#13 Kelly, #3 Coleman, #14 Reeves, #1 Sturdivant, #2 George",,,FT - MK,,,,,,,,,,
Game #17 - Clemson 1-16-24 (Final),5733.117372083332,8.096840749667535,OFFENSE,112,,,,OTHER,,,,"#13 Kelly, #3 Coleman, #14 Reeves, #1 Sturdivant, #12 Claude",,,FT - MK,,,,,,,,,,
Game #17 - Clemson 1-16-24 (Final),1.9615333333333353,18.156033333333312,DEFENSE,1,D Foul,,,POST,,,,"#13 Kelly, #2 George, #10 Dowuona, #11 Ndongo, #14 Reeves",,,X2F,,,,,,,,,,
Game #17 - Clemson 1-16-24 (Final),47.54919199999989,5.201196456999639,DEFENSE,2,,,,POST,,,,"#13 Kelly, #2 George, #10 Dowuona, #11 Ndongo, #14 Reeves",,,FT - MK,,,,,,,,,,
Game #17 - Clemson 1-16-24 (Final),65.65471145799953,3.200221833000512,DEFENSE,3,,,,POST,,,,"#13 Kelly, #2 George, #10 Dowuona, #11 Ndongo, #14 Reeves",,,FT - MK,,,,,,,,,,
Game #17 - Clemson 1-16-24 (Final),139.22956666666667,22.378800000000012,DEFENSE,4,,,,DHO/HOFF,,,,"#13 Kelly, #2 George, #10 Dowuona, #11 Ndongo, #14 Reeves",,,O2,,,,,,,,,,New Flag
Game #17 - Clemson 1-16-24 (Final),194.45178445833326,13.880182208333395,DEFENSE,5,D Foul,,,DHO/HOFF,,,,"#13 Kelly, #2 George, #10 Dowuona, #11 Ndongo, #14 Reeves",,,X3F,,,,,,,,,,New Flag
Game #17 - Clemson 1-16-24 (Final),230.3153333333333,3.0003000000000384,DEFENSE,6,,,,DHO/HOFF,,,,"#13 Kelly, #2 George, #10 Dowuona, #11 Ndongo, #14 Reeves",,,FT - MK,,,,,,,,,,
Game #17 - Clemson 1-16-24 (Final),242.31563333333335,3.5,DEFENSE,7,,,,DHO/HOFF,,,,"#13 Kelly, #2 George, #10 Dowuona, #11 Ndongo, #14 Reeves",,,FT - MK,,,,,,,,,,
Game #17 - Clemson 1-16-24 (Final),256.75324120766675,3.999621625666123,DEFENSE,8,,,,DHO/HOFF,,,,"#13 Kelly, #2 George, #10 Dowuona, #11 Ndongo, #14 Reeves",,,FT - MK,,,,,,,,,,
Game #17 - Clemson 1-16-24 (Final),281.98286666733327,11.250100000000032,DEFENSE,9,Opp Off Reb,,,P/R,,,,"#13 Kelly, #2 George, #10 Dowuona, #11 Ndongo, #14 Reeves",,,X2,,,,,,,,,,
Game #17 - Clemson 1-16-24 (Final),293.23296666733336,13.533500000000004,DEFENSE,10,Opp Off Reb,,,ISO,,,,"#13 Kelly, #2 George, #10 Dowuona, #11 Ndongo, #14 Reeves",,,X3,,,,,,,,,,
Game #17 - Clemson 1-16-24 (Final),306.76646666733336,2.2420290409999666,DEFENSE,11,,,,OREB,,,,"#13 Kelly, #2 George, #10 Dowuona, #11 Ndongo, #14 Reeves",,,O2,,,,,,,,,,New Flag
Game #17 - Clemson 1-16-24 (Final),341.85016666733327,20.866899999999987,DEFENSE,12,Opp Off Reb,,,DHO/HOFF,,,,"#13 Kelly, #2 George, #10 Dowuona, #11 Ndongo, #14 Reeves",,,X3,,,,,,,,,,
Game #17 - Clemson 1-16-24 (Final),362.71706666733326,2.9332999993333715,DEFENSE,13,,,,OREB,,,,"#13 Kelly, #2 George, #10 Dowuona, #11 Ndongo, #14 Reeves",,,X2,,,,,,,,,,
Game #17 - Clemson 1-16-24 (Final),375.7005333333333,18.516866666666715,DEFENSE,14,,,,OFF BALL SCREEN,,,,"#13 Kelly, #2 George, #10 Dowuona, #11 Ndongo, #14 Reeves",,,TO,,,,,,,,,,
Game #17 - Clemson 1-16-24 (Final),407.1175333333333,26.750800000000027,DEFENSE,15,Opp Off Reb,,,DK/MVMT,,,,"#13 Kelly, #2 George, #10 Dowuona, #11 Ndongo, #14 Reeves",,,X2,,,,,,,,,,
Game #17 - Clemson 1-16-24 (Final),433.86833333333334,4.933633333999978,DEFENSE,16,,,,OREB,,,,"#13 Kelly, #2 George, #10 Dowuona, #11 Ndongo, #14 Reeves",,,X3,,,,,,,,,,
Game #17 - Clemson 1-16-24 (Final),486.50446666666664,12.407500000000027,DEFENSE,17,,,,DHO/HOFF,,,,"#13 Kelly, #1 Sturdivant, #12 Claude, #11 Ndongo, #14 Reeves",,,O2,,,,,,,,,,New Flag
Game #17 - Clemson 1-16-24 (Final),523.6887333333333,19.869466667333313,DEFENSE,18,,,,P/R,,,,"#13 Kelly, #1 Sturdivant, #12 Claude, #11 Ndongo, #14 Reeves",,,X2,,,,,,,,,,
Game #17 - Clemson 1-16-24 (Final),566.7832000006666,12.614733333000004,DEFENSE,19,,,,POST,,,,"#13 Kelly, #1 Sturdivant, #12 Claude, #11 Ndongo, #14 Reeves",,,O2,,,,,,,,,,
Game #17 - Clemson 1-16-24 (Final),602.6905333333333,8.6950333333333,DEFENSE,20,Transition D,,,,,,,"#13 Kelly, #1 Sturdivant, #12 Claude, #11 Ndongo, #14 Reeves",,,X3,,,,,,TRANSITION,,,,
Game #17 - Clemson 1-16-24 (Final),632.9287333333333,11.152400000333273,DEFENSE,21,,,,DHO/HOFF,,,,"#13 Kelly, #1 Sturdivant, #12 Claude, #11 Ndongo, #14 Reeves",,,X2,,,,,,,,,,
Game #17 - Clemson 1-16-24 (Final),663.6890327916666,7.611733875000027,DEFENSE,22,"D Foul, Transition D",,,,,,,"#13 Kelly, #1 Sturdivant, #12 Claude, #11 Ndongo, #14 Reeves",,,X2F,,,,,,TRANSITION,,,,
Game #17 - Clemson 1-16-24 (Final),672.3951155406661,4.501788208332755,DEFENSE,23,,,,,,,,"#13 Kelly, #1 Sturdivant, #12 Claude, #11 Ndongo, #14 Reeves",,,FT - MI,,,,,,TRANSITION,,,,
Game #17 - Clemson 1-16-24 (Final),689.194325749333,8.398976083667094,DEFENSE,24,,,,,,,,"#13 Kelly, #1 Sturdivant, #12 Claude, #11 Ndongo, #14 Reeves",,,FT - MK,,,,,,TRANSITION,,,,
Game #17 - Clemson 1-16-24 (Final),715.9538333333334,20.245099999999866,DEFENSE,25,Zone D,,,ZONE,,,,"#2 George, #1 Sturdivant, #5 Gapare, #10 Dowuona, #3 Coleman",,,O2,,,,,,,,,,
Game #17 - Clemson 1-16-24 (Final),775.0416999999999,11.451000000000022,DEFENSE,26,Opp Off Reb,,,P/R,,,,"#2 George, #1 Sturdivant, #5 Gapare, #10 Dowuona, #3 Coleman",,,X2,,,,,,,,,,
Game #17 - Clemson 1-16-24 (Final),786.4926999999999,2.275000000000091,DEFENSE,27,,,,OREB,,,,"#2 George, #1 Sturdivant, #5 Gapare, #10 Dowuona, #3 Coleman",,,O2,,,,,,,,,,
Game #17 - Clemson 1-16-24 (Final),841.2821666669998,14.274599999666862,DEFENSE,28,,,,POST,,,,"#2 George, #1 Sturdivant, #5 Gapare, #11 Ndongo, #3 Coleman",,,TO,,,,,,,,,,
Game #17 - Clemson 1-16-24 (Final),894.891633334,15.533433332999948,DEFENSE,29,Opp Off Reb,,,POST,,,,"#2 George, #1 Sturdivant, #5 Gapare, #11 Ndongo, #3 Coleman",,,X2,,,,,,,,,,
Game #17 - Clemson 1-16-24 (Final),910.4544,4.045133333333297,DEFENSE,30,,,,OREB,,,,"#2 George, #1 Sturdivant, #5 Gapare, #11 Ndongo, #3 Coleman",,,O3,,,,,,,,,,New Flag
Game #17 - Clemson 1-16-24 (Final),937.4273999999999,22.366966667000042,DEFENSE,31,Zone D,,,ZONE,,,,"#2 George, #1 Sturdivant, #5 Gapare, #11 Ndongo, #3 Coleman, #13 Kelly, #2 George, #12 Claude, #11 Ndongo, #14 Reeves, #13 Kelly, #2 George, #12 Claude, #11 Ndongo, #14 Reeves",,,X3,,,,,,,,", , ",,
Game #17 - Clemson 1-16-24 (Final),990.1132333333334,28.575733333666676,DEFENSE,32,"Opp Off Reb, Zone D",,,ZONE,,,,"#2 George, #1 Sturdivant, #5 Gapare, #11 Ndongo, #3 Coleman",,,X2,,,,,,,,,,
Game #17 - Clemson 1-16-24 (Final),1018.688966667,2.202199999999948,DEFENSE,33,Opp Off Reb,,,OREB,,,,"#2 George, #1 Sturdivant, #5 Gapare, #11 Ndongo, #3 Coleman",,,X2,,,,,,,,,,
Game #17 - Clemson 1-16-24 (Final),1020.891166667,1.6206666670000232,DEFENSE,34,,,,OREB,,,,"#2 George, #1 Sturdivant, #5 Gapare, #11 Ndongo, #3 Coleman",,,O2,,,,,,,,,,
Game #17 - Clemson 1-16-24 (Final),1047.1783333333333,20.614500000666567,DEFENSE,35,,,,P/R,,,,"#2 George, #1 Sturdivant, #5 Gapare, #11 Ndongo, #3 Coleman",,,X2,,,,,,,,,,
Game #17 - Clemson 1-16-24 (Final),1086.3622,9.333716040998752,DEFENSE,36,,,,,,,,"#2 George, #1 Sturdivant, #5 Gapare, #11 Ndongo, #3 Coleman",,,,,,,,,,,,,
Game #17 - Clemson 1-16-24 (Final),1101.5313300833327,29.222769916667403,DEFENSE,37,,,,DK/MVMT,,,,"#13 Kelly, #2 George, #12 Claude, #11 Ndongo, #14 Reeves",,,O2,,,,,,,,,,
Game #17 - Clemson 1-16-24 (Final),1155.5052333333333,37.94066666666663,DEFENSE,38,,,,DK/MVMT,,,,"#13 Kelly, #2 George, #12 Claude, #11 Ndongo, #14 Reeves",,,X3,,,,,,,,,,
Game #17 - Clemson 1-16-24 (Final),1234.8210666666664,19.007000000000062,DEFENSE,39,,,,POST,,,,"#13 Kelly, #2 George, #12 Claude, #11 Ndongo, #14 Reeves",,,X2,,,,,,,,,,
Game #17 - Clemson 1-16-24 (Final),1271.2914999999998,24.80613333366682,DEFENSE,40,,,,P/R,,,,"#13 Kelly, #2 George, #12 Claude, #11 Ndongo, #14 Reeves",,,TO,,,,,,,,,,
Game #17 - Clemson 1-16-24 (Final),1303.0922999999998,17.71270000000004,DEFENSE,41,,,,P/R,,,,"#13 Kelly, #2 George, #12 Claude, #11 Ndongo, #14 Reeves",,,O3,,,,,,,,,,
Game #17 - Clemson 1-16-24 (Final),1338.9696000006666,18.501966666000044,DEFENSE,42,D Foul,,,P/R,,,,"#13 Kelly, #2 George, #12 Claude, #11 Ndongo, #14 Reeves",,,X3,,,,,,,,,,
Game #17 - Clemson 1-16-24 (Final),1363.4416999999999,21.846399999999903,DEFENSE,43,BLOB Def,,,DK/MVMT,,,,"#13 Kelly, #2 George, #12 Claude, #11 Ndongo, #14 Reeves",,,X3,,,,,,,,,,
Game #17 - Clemson 1-16-24 (Final),1409.7576999999997,17.368400000000292,DEFENSE,44,,,,POST,,,,"#13 Kelly, #2 George, #12 Claude, #11 Ndongo, #14 Reeves",,,TO,,,,,,,,,,
Game #17 - Clemson 1-16-24 (Final),1454.1987999999997,28.71219999999994,DEFENSE,45,,,,DK/MVMT,,,,"#13 Kelly, #2 George, #12 Claude, #11 Ndongo, #14 Reeves",,,O2,,,,,,,,,,
Game #17 - Clemson 1-16-24 (Final),1535.551666667,10.179999999666506,DEFENSE,46,,,,,,,,"#11 Ndongo, #12 Claude, #3 Coleman, #14 Reeves, #13 Kelly",,,O2,,,,,,TRANSITION,,,,
Game #17 - Clemson 1-16-24 (Final),1670.9705333333332,19.229866666333237,DEFENSE,47,Opp Off Reb,,,POST,,,,"#13 Kelly, #2 George, #12 Claude, #11 Ndongo, #14 Reeves",,,X2,,,,,,,,,,
Game #17 - Clemson 1-16-24 (Final),1690.2003999996664,3.299966666999808,DEFENSE,48,,,,OREB,,,,"#13 Kelly, #2 George, #12 Claude, #11 Ndongo, #14 Reeves",,,O2,,,,,,,,,,
Game #17 - Clemson 1-16-24 (Final),1724.6507666666666,18.15009999999984,DEFENSE,49,D Foul,,,POST,,,,"#13 Kelly, #2 George, #12 Claude, #11 Ndongo, #14 Reeves",,,X2F,,,,,,,,,,
Game #17 - Clemson 1-16-24 (Final),1771.692478666666,4.702130500666499,DEFENSE,50,,,,POST,,,,"#13 Kelly, #2 George, #12 Claude, #11 Ndongo, #14 Reeves",,,FT - MK,,,,,,,,,,
Game #17 - Clemson 1-16-24 (Final),1790.9857666666667,3.6024252913321106,DEFENSE,51,,,,POST,,,,"#13 Kelly, #2 George, #12 Claude, #11 Ndongo, #14 Reeves",,,FT - MK,,,,,,,,,,
Game #17 - Clemson 1-16-24 (Final),1871.5699333333332,17.783566666333172,DEFENSE,52,Opp Off Reb,,,DHO/HOFF,,,,"#13 Kelly, #2 George, #12 Claude, #11 Ndongo, #14 Reeves",,,X2,,,,,,,,,,
Game #17 - Clemson 1-16-24 (Final),1889.3534999996664,7.600100000000111,DEFENSE,53,D Foul,,,,,,,"#13 Kelly, #2 George, #12 Claude, #11 Ndongo, #14 Reeves",,,,,,,,,,,,,
Game #17 - Clemson 1-16-24 (Final),1922.3372333333332,17.066733333333104,DEFENSE,54,"BLOB Def, D Foul",,,DK/MVMT,,,,"#13 Kelly, #2 George, #12 Claude, #3 Coleman, #14 Reeves",,,O2F,,,,,,,,,,
Game #17 - Clemson 1-16-24 (Final),1963.4040333333332,5.5,DEFENSE,55,,,,DK/MVMT,,,,"#13 Kelly, #2 George, #12 Claude, #3 Coleman, #14 Reeves",,,FT - MK,,,,,,,,,,
Game #17 - Clemson 1-16-24 (Final),1996.5388666666663,17.150533333000112,DEFENSE,56,,,,OFF BALL SCREEN,,,,"#13 Kelly, #2 George, #12 Claude, #3 Coleman, #14 Reeves",,,O3,,,,,,,,,,
Game #17 - Clemson 1-16-24 (Final),2041.9571333333333,8.516733333332922,DEFENSE,57,Transition D,,,,,,,"#13 Kelly, #2 George, #12 Claude, #3 Coleman, #14 Reeves",,,O2,,,,,,TRANSITION,,,,
Game #17 - Clemson 1-16-24 (Final),2079.233033333333,22.968166666333673,DEFENSE,58,Opp Off Reb,,,DK/MVMT,,,,"#13 Kelly, #2 George, #12 Claude, #3 Coleman, #14 Reeves",,,X3,,,,,,,,,,
Game #17 - Clemson 1-16-24 (Final),2102.2011999996666,7.65003333366667,DEFENSE,59,D Foul,,,POST,,,,"#13 Kelly, #2 George, #12 Claude, #3 Coleman, #14 Reeves",,,X2F,,,,,,,,,,
Game #17 - Clemson 1-16-24 (Final),2113.1841,7.75,DEFENSE,60,,,,OREB,,,,"#13 Kelly, #2 George, #12 Claude, #3 Coleman, #14 Reeves",,,FT - MK,,,,,,,,,,
Game #17 - Clemson 1-16-24 (Final),2118.196766666667,13.5,DEFENSE,61,,,,OREB,,,,"#13 Kelly, #2 George, #12 Claude, #3 Coleman, #14 Reeves",,,FT - MK,,,,,,,,,,
Game #17 - Clemson 1-16-24 (Final),2148.5090000000005,10.168311207999977,DEFENSE,62,Zone D,,,,,,,"#1 Sturdivant, #2 George, #12 Claude, #3 Coleman, #11 Ndongo",,,,,,,,,,,,,
Game #17 - Clemson 1-16-24 (Final),2173.942466666667,14.750333333333401,DEFENSE,63,"BLOB Def, D Foul",,,BLOB,,,,"#1 Sturdivant, #2 George, #12 Claude, #3 Coleman, #11 Ndongo",,,TO,,,,,,,,,,
Game #17 - Clemson 1-16-24 (Final),2248.810533333,15.91686666700025,DEFENSE,64,"Zone D, Opp Off Reb",,,ZONE,,,,"#1 Sturdivant, #2 George, #12 Claude, #3 Coleman, #11 Ndongo",,,X3,,,,,,,,,,
Game #17 - Clemson 1-16-24 (Final),2264.7274,3.1938666666665085,DEFENSE,65,,,,OREB,,,,"#1 Sturdivant, #2 George, #12 Claude, #3 Coleman, #11 Ndongo",,,O2,,,,,,,,,,
Game #17 - Clemson 1-16-24 (Final),2302.6913540836667,9.5396459159997,DEFENSE,66,D Foul,,,POST,,,,"#1 Sturdivant, #2 George, #12 Claude, #3 Coleman, #11 Ndongo",,,X2F,,,,,,,,,,
Game #17 - Clemson 1-16-24 (Final),2344.241358041333,4.5117150833330015,DEFENSE,67,,,,POST,,,,"#1 Sturdivant, #2 George, #12 Claude, #3 Coleman, #11 Ndongo",,,FT - MK,,,,,,,,,,
Game #17 - Clemson 1-16-24 (Final),2363.352724583332,3.957675958334221,DEFENSE,68,,,,POST,,,,"#1 Sturdivant, #2 George, #12 Claude, #3 Coleman, #11 Ndongo",,,FT - MI,,,,,,,,,,
Game #17 - Clemson 1-16-24 (Final),2398.3985666666667,27.47989095899993,DEFENSE,69,D Foul,,,POST,,,,"#1 Sturdivant, #2 George, #12 Claude, #14 Reeves, #11 Ndongo",,,,,,,,,,,,,
Game #17 - Clemson 1-16-24 (Final),2443.898933333333,10.150800000000345,DEFENSE,70,BLOB Def,,,POST,,,,"#1 Sturdivant, #2 George, #12 Claude, #14 Reeves, #11 Ndongo",,,O2,,,,,,,,,,
Game #17 - Clemson 1-16-24 (Final),2513.7232000000004,25.2003000003333,DEFENSE,71,,,,DK/MVMT,,,,"#1 Sturdivant, #13 Kelly, #12 Claude, #14 Reeves, #11 Ndongo",,,X3,,,,,,,,,,
Game #17 - Clemson 1-16-24 (Final),2559.4568333333336,9.500299999999697,DEFENSE,72,BLOB Def,,,POST,,,,"#1 Sturdivant, #13 Kelly, #12 Claude, #14 Reeves, #11 Ndongo",,,O2,,,,,,,,,,
Game #17 - Clemson 1-16-24 (Final),2596.507433333333,31.333866666666836,DEFENSE,73,,,,POST,,,,"#1 Sturdivant, #13 Kelly, #12 Claude, #14 Reeves, #11 Ndongo",,,X2,,,,,,,,,,
Game #17 - Clemson 1-16-24 (Final),2638.9914,23.55029999999988,DEFENSE,74,,,,POST,,,,"#1 Sturdivant, #13 Kelly, #12 Claude, #14 Reeves, #11 Ndongo",,,O2,,,,,,,,,,
Game #17 - Clemson 1-16-24 (Final),2721.552853248665,28.6899467513349,DEFENSE,75,D Foul,,,DK/MVMT,,,,"#1 Sturdivant, #13 Kelly, #12 Claude, #14 Reeves, #11 Ndongo",,,X2F,,,,,,,,,,
Game #17 - Clemson 1-16-24 (Final),2786.1564196246654,3.9978390423329984,DEFENSE,76,,,,DK/MVMT,,,,"#1 Sturdivant, #13 Kelly, #12 Claude, #14 Reeves, #11 Ndongo",,,FT - MK,,,,,,,,,,
Game #17 - Clemson 1-16-24 (Final),2805.553820583,3.297631999666919,DEFENSE,77,,,,DK/MVMT,,,,"#1 Sturdivant, #13 Kelly, #12 Claude, #14 Reeves, #11 Ndongo",,,FT - MK,,,,,,,,,,
Game #17 - Clemson 1-16-24 (Final),2897.4779333333336,30.967033332999563,DEFENSE,78,Opp Off Reb,,,P/R,,,,"#1 Sturdivant, #13 Kelly, #12 Claude, #14 Reeves, #11 Ndongo",,,X3,,,,,,,,,,
Game #17 - Clemson 1-16-24 (Final),2928.444966666333,11.050066666999555,DEFENSE,79,,,,POST,,,,"#1 Sturdivant, #13 Kelly, #12 Claude, #14 Reeves, #11 Ndongo",,,O2,,,,,,,,,,
Game #17 - Clemson 1-16-24 (Final),2965.1785999999993,22.521200000001045,DEFENSE,80,,,,POST,,,,"#1 Sturdivant, #13 Kelly, #12 Claude, #14 Reeves, #11 Ndongo",,,TO,,,,,,,,,,
Game #17 - Clemson 1-16-24 (Final),3033.161133333333,31.716999999999643,DEFENSE,81,,,,ISO,,,,"#1 Sturdivant, #13 Kelly, #12 Claude, #14 Reeves, #11 Ndongo",,,X3,,,,,,,,,,
Game #17 - Clemson 1-16-24 (Final),3100.961833333333,6.300033333332976,DEFENSE,82,"D Foul, Transition D",,,,,,,"#13 Kelly, #12 Claude, #14 Reeves, #11 Ndongo, #2 George",,,X2F,,,,,,TRANSITION,,,,
Game #17 - Clemson 1-16-24 (Final),3139.1558564166644,3.854476916668318,DEFENSE,83,,,,,,,,"#13 Kelly, #12 Claude, #14 Reeves, #11 Ndongo, #2 George",,,FT - MK,,,,,,TRANSITION,,,,
Game #17 - Clemson 1-16-24 (Final),3154.8565787906646,4.239187876000869,DEFENSE,84,,,,,,,,"#13 Kelly, #12 Claude, #14 Reeves, #11 Ndongo, #2 George",,,FT - MK,,,,,,TRANSITION,,,,
Game #17 - Clemson 1-16-24 (Final),3192.8578334993317,16.338899834000586,DEFENSE,85,,,,P/R,,,,"#2 George, #13 Kelly, #12 Claude, #14 Reeves, #11 Ndongo",,,X2,,,,,,,,,,
Game #17 - Clemson 1-16-24 (Final),3254.5569306239986,2.4694910416674247,DEFENSE,86,D Foul,,,POST,,,,"#2 George, #13 Kelly, #12 Claude, #14 Reeves, #11 Ndongo",,,X2F,,,,,,,,,,
Game #17 - Clemson 1-16-24 (Final),3283.857962332331,4.098682792001455,DEFENSE,87,,,,POST,,,,"#2 George, #13 Kelly, #12 Claude, #14 Reeves, #11 Ndongo",,,FT - MK,,,,,,,,,,
Game #17 - Clemson 1-16-24 (Final),3303.557822541665,4.194917458000418,DEFENSE,88,,,,POST,,,,"#2 George, #13 Kelly, #12 Claude, #14 Reeves, #11 Ndongo",,,FT - MI,,,,,,,,,,
Game #17 - Clemson 1-16-24 (Final),3323.8838333333324,13.132033333333311,DEFENSE,89,D Foul,,,OTHER,,,,"#1 Sturdivant, #13 Kelly, #12 Claude, #14 Reeves, #11 Ndongo",,,X2F,,,,,,,,,,
Game #17 - Clemson 1-16-24 (Final),3360.3554999999997,4.310633333666374,DEFENSE,90,,,,OTHER,,,,"#1 Sturdivant, #13 Kelly, #12 Claude, #14 Reeves, #11 Ndongo",,,FT - MI,,,,,,,,,,
Game #17 - Clemson 1-16-24 (Final),3389.354491457998,4.5602878336685535,DEFENSE,91,,,,OTHER,,,,"#1 Sturdivant, #13 Kelly, #12 Claude, #14 Reeves, #11 Ndongo",,,FT - MI,,,,,,,,,,
Game #17 - Clemson 1-16-24 (Final),3418.098399999999,18.26373333333322,DEFENSE,92,,,,POST,,,,"#1 Sturdivant, #2 George, #12 Claude, #14 Reeves, #11 Ndongo",,,O2,,,,,,,,,,
Game #17 - Clemson 1-16-24 (Final),3481.0200333329994,21.366833333666364,DEFENSE,93,,,,DK/MVMT,,,,"#13 Kelly, #2 George, #12 Claude, #14 Reeves, #11 Ndongo",,,O2,,,,,,,,,,
Game #17 - Clemson 1-16-24 (Final),3558.5553,25.387799999999515,DEFENSE,94,,,,POST,,,,"#13 Kelly, #2 George, #12 Claude, #14 Reeves, #11 Ndongo",,,O2,,,,,,,,,,
Game #17 - Clemson 1-16-24 (Final),3692.6220999999987,8.935378708000826,DEFENSE,95,,,,,,,,"#13 Kelly, #5 Gapare, #1 Sturdivant, #14 Reeves, #11 Ndongo",,,,,,,,,,,,,
Game #17 - Clemson 1-16-24 (Final),3708.801947498998,40.40068583399989,DEFENSE,96,"BLOB Def, Press D",,,DK/MVMT,,,,"#13 Kelly, #5 Gapare, #1 Sturdivant, #14 Reeves, #11 Ndongo",,,X2,,,,,,,,,,
Game #17 - Clemson 1-16-24 (Final),3782.168499999999,31.90615845800221,DEFENSE,97,"Press D, Opp Off Reb",,,POST,,,,"#13 Kelly, #5 Gapare, #1 Sturdivant, #14 Reeves, #11 Ndongo",,,X2,,,,,,,,,,
Game #17 - Clemson 1-16-24 (Final),3814.074658458001,8.266766666999501,DEFENSE,98,D Foul,,,OTHER,,,,"#13 Kelly, #5 Gapare, #1 Sturdivant, #14 Reeves, #11 Ndongo",,,X2F,,,,,,,,,,
Game #17 - Clemson 1-16-24 (Final),3853.771932083334,3.2959788336675047,DEFENSE,99,,,,OTHER,,,,"#13 Kelly, #5 Gapare, #1 Sturdivant, #14 Reeves, #11 Ndongo",,,FT - MK,,,,,,,,,,
Game #17 - Clemson 1-16-24 (Final),3875.1708904586676,4.64986799966664,DEFENSE,100,,,,OTHER,,,,"#13 Kelly, #5 Gapare, #1 Sturdivant, #14 Reeves, #11 Ndongo",,,FT - MK,,,,,,,,,,
Game #17 - Clemson 1-16-24 (Final),3914.4395251250007,14.25,DEFENSE,101,"Press D, D Foul",,,OTHER,,,,"#13 Kelly, #2 George, #1 Sturdivant, #14 Reeves, #11 Ndongo",,,X2F,,,,,,,,,,
Game #17 - Clemson 1-16-24 (Final),3956.706325125001,7.250299999999697,DEFENSE,102,,,,OTHER,,,,"#13 Kelly, #2 George, #1 Sturdivant, #14 Reeves, #11 Ndongo",,,FT - MK,,,,,,,,,,
Game #17 - Clemson 1-16-24 (Final),3967.8488917916675,13.283466666666754,DEFENSE,103,Press D,,,OTHER,,,,"#11 Ndongo, #13 Kelly, #14 Reeves, #1 Sturdivant, #2 George",,,TO,,,,,,,,,,
Game #17 - Clemson 1-16-24 (Final),3984.0763917916684,10.5,DEFENSE,104,,,,,,,,"#11 Ndongo, #13 Kelly, #14 Reeves, #12 Claude, #2 George",,,,,,,,,,,,,
Game #17 - Clemson 1-16-24 (Final),4027.3267251250018,18.500266667332653,DEFENSE,105,"SLOB Def, Opp Off Reb",,,DK/MVMT,,,,"#11 Ndongo, #13 Kelly, #14 Reeves, #12 Claude, #2 George",,,X2,,,,,,,,,,
Game #17 - Clemson 1-16-24 (Final),4045.8269917923344,1.674659917000099,DEFENSE,106,D Foul,,,OREB,,,,"#11 Ndongo, #13 Kelly, #14 Reeves, #12 Claude, #2 George",,,X2F,,,,,,,,,,
Game #17 - Clemson 1-16-24 (Final),4071.5016251250017,4.75900000033289,DEFENSE,107,,,,OREB,,,,"#11 Ndongo, #13 Kelly, #14 Reeves, #12 Claude, #2 George",,,FT - MK,,,,,,,,,,
Game #17 - Clemson 1-16-24 (Final),4089.277291791668,2.250200000667064,DEFENSE,108,,,,OREB,,,,"#11 Ndongo, #13 Kelly, #14 Reeves, #12 Claude, #2 George",,,FT - MK,,,,,,,,,,
Game #17 - Clemson 1-16-24 (Final),4106.060958458334,23.716866666666647,DEFENSE,109,,,,DK/MVMT,,,,"#11 Ndongo, #13 Kelly, #14 Reeves, #12 Claude, #2 George",,,O2,,,,,,,,,,
Game #17 - Clemson 1-16-24 (Final),4207.422022999335,19.153168792332508,DEFENSE,110,,,,POST,,,,"#11 Ndongo, #13 Kelly, #14 Reeves, #12 Claude, #2 George",,,O2,,,,,,,,,,
Game #17 - Clemson 1-16-24 (Final),4297.819557458668,17.743667666666624,DEFENSE,111,,,,OFF BALL SCREEN,,,,"#11 Ndongo, #13 Kelly, #14 Reeves, #12 Claude, #2 George",,,X3,,,,,,,,,,
Game #17 - Clemson 1-16-24 (Final),4341.313591791668,21.645333333333838,DEFENSE,112,Opp Off Reb,,,POST,,,,"#11 Ndongo, #13 Kelly, #14 Reeves, #12 Claude, #2 George",,,X2,,,,,,,,,,
Game #17 - Clemson 1-16-24 (Final),4362.958925125002,3.421733333332668,DEFENSE,113,,,,OREB,,,,"#11 Ndongo, #13 Kelly, #14 Reeves, #12 Claude, #2 George",,,X2,,,,,,,,,,
Game #17 - Clemson 1-16-24 (Final),4453.021940333002,21.48318479199952,DEFENSE,114,,,,POST,,,,"#11 Ndongo, #13 Kelly, #14 Reeves, #12 Claude, #2 George",,,O2,,,,,,,,,,
Game #17 - Clemson 1-16-24 (Final),4549.922764499333,20.010260626001582,DEFENSE,115,Opp Off Reb,,,DK/MVMT,,,,"#11 Ndongo, #13 Kelly, #14 Reeves, #12 Claude, #2 George",,,X3,,,,,,,,,,
Game #17 - Clemson 1-16-24 (Final),4569.933025125335,2.9666333329996633,DEFENSE,116,,,,OREB,,,,"#11 Ndongo, #13 Kelly, #14 Reeves, #12 Claude, #2 George",,,O2,,,,,,,,,,
Game #17 - Clemson 1-16-24 (Final),4624.517348584,16.61640987433566,DEFENSE,117,D Foul,,,POST,,,,"#11 Ndongo, #13 Kelly, #14 Reeves, #12 Claude, #2 George",,,X2F,,,,,,,,,,
Game #17 - Clemson 1-16-24 (Final),4710.918258458335,4.0,DEFENSE,118,,,,POST,,,,"#11 Ndongo, #13 Kelly, #14 Reeves, #12 Claude, #2 George",,,FT - MI,,,,,,,,,,
Game #17 - Clemson 1-16-24 (Final),4727.684758458335,9.75,DEFENSE,119,,,,POST,,,,"#11 Ndongo, #13 Kelly, #14 Reeves, #12 Claude, #2 George",,,FT - MK,,,,,,,,,,
Game #17 - Clemson 1-16-24 (Final),4771.419325125002,12.58522345900019,DEFENSE,120,,,,OTHER,,,,"#1 Sturdivant, #5 Gapare, #14 Reeves, #12 Claude, #10 Dowuona",,,X3,,,,,,,,,,
Game #17 - Clemson 1-16-24 (Final),4786.483727084002,22.753754832667255,DEFENSE,121,Opp Off Reb,,,DK/MVMT,,,,"#1 Sturdivant, #5 Gapare, #14 Reeves, #12 Claude, #2 George",,,X3,,,,,,,,,,
Game #17 - Clemson 1-16-24 (Final),4809.237481916669,3.2833333333328483,DEFENSE,122,D Foul,,,OREB,,,,"#1 Sturdivant, #5 Gapare, #14 Reeves, #12 Claude, #2 George",,,X2F,,,,,,,,,,
Game #17 - Clemson 1-16-24 (Final),4834.791415250003,3.5,DEFENSE,123,,,,OREB,,,,"#1 Sturdivant, #5 Gapare, #14 Reeves, #12 Claude, #2 George",,,FT - MI,,,,,,,,,,
Game #17 - Clemson 1-16-24 (Final),4846.041515250003,7.316800000666262,DEFENSE,124,Opp Off Reb,,,OREB,,,,"#1 Sturdivant, #5 Gapare, #14 Reeves, #12 Claude, #2 George",,,FT - MI,,,,,,,,,,
Game #17 - Clemson 1-16-24 (Final),4853.358315250669,16.916866666000715,DEFENSE,125,D Foul,,,POST,,,,"#1 Sturdivant, #5 Gapare, #14 Reeves, #12 Claude, #2 George",,,X2F,,,,,,,,,,
Game #17 - Clemson 1-16-24 (Final),4890.842048583336,3.516666666666424,DEFENSE,126,,,,POST,,,,"#1 Sturdivant, #5 Gapare, #14 Reeves, #12 Claude, #2 George",,,FT - MK,,,,,,,,,,
Game #17 - Clemson 1-16-24 (Final),4901.184972040668,4.894748749999053,DEFENSE,127,,,,POST,,,,"#1 Sturdivant, #5 Gapare, #14 Reeves, #12 Claude, #2 George",,,FT - MK,,,,,,,,,,
Game #17 - Clemson 1-16-24 (Final),4935.162023582669,9.997291667999889,DEFENSE,128,Transition D,,,,,,,"#1 Sturdivant, #5 Gapare, #14 Reeves, #12 Claude, #2 George",,,X2,,,,,,TRANSITION,,,,
Game #17 - Clemson 1-16-24 (Final),4994.360881916669,25.566966667000088,DEFENSE,129,D Foul,,,DHO/HOFF,,,,"#1 Sturdivant, #5 Gapare, #14 Reeves, #12 Claude, #2 George",,,X2F,,,,,,,,,,
Game #17 - Clemson 1-16-24 (Final),5045.183208333334,5.7965124166676105,DEFENSE,130,,,,DHO/HOFF,,,,"#1 Sturdivant, #5 Gapare, #14 Reeves, #12 Claude, #2 George",,,FT - MK,,,,,,,,,,
Game #17 - Clemson 1-16-24 (Final),5060.984649625001,4.096605834001821,DEFENSE,131,,,,DHO/HOFF,,,,"#1 Sturdivant, #5 Gapare, #14 Reeves, #12 Claude, #2 George",,,FT - MK,,,,,,,,,,
Game #17 - Clemson 1-16-24 (Final),5132.984596000002,23.161385916666404,DEFENSE,132,,,,POST,,,,"#13 Kelly, #3 Coleman, #14 Reeves, #12 Claude, #2 George",,,X2,,,,,,,,,,
Game #17 - Clemson 1-16-24 (Final),5179.826415250003,22.570066666665298,DEFENSE,133,,,,DK/MVMT,,,,"#13 Kelly, #3 Coleman, #14 Reeves, #12 Claude, #2 George",,,X3,,,,,,,,,,
Game #17 - Clemson 1-16-24 (Final),5287.013915250003,17.683633333665057,DEFENSE,134,,,,P/R,,,,"#13 Kelly, #3 Coleman, #14 Reeves, #12 Claude, #2 George",,,O2,,,,,,,,,,
Game #17 - Clemson 1-16-24 (Final),5332.500975458335,17.959486833000483,DEFENSE,135,,,,POST,,,,"#13 Kelly, #3 Coleman, #14 Reeves, #12 Claude, #2 George",,,X2,,,,,,,,,,
Game #17 - Clemson 1-16-24 (Final),5436.019581916669,16.893691041999773,DEFENSE,136,"D Foul, Opp Off Reb",,,OTHER,,,,"#13 Kelly, #3 Coleman, #14 Reeves, #12 Claude, #5 Gapare",,,X2F,,,,,,,,,,
Game #17 - Clemson 1-16-24 (Final),5513.163939625336,8.066800000333387,DEFENSE,137,,,,OTHER,,,,"#13 Kelly, #3 Coleman, #14 Reeves, #12 Claude, #5 Gapare",,,FT - MK,,,,,,,,,,
Game #17 - Clemson 1-16-24 (Final),5534.021959417336,3.5980757909983367,DEFENSE,138,,,,OTHER,,,,"#13 Kelly, #3 Coleman, #14 Reeves, #12 Claude, #5 Gapare",,,FT - MK,,,,,,,,,,
Game #17 - Clemson 1-16-24 (Final),0.0,447.9007333333333,GAME,1,,,,,,,,,,,,,,,,,,,,,
Game #17 - Clemson 1-16-24 (Final),447.9007333333333,222.95596666666665,GAME,2,,,,,,,,,,,,,,,,,,,,,
Game #17 - Clemson 1-16-24 (Final),671.3007666666666,426.3517333333335,GAME,3,,,,,,,,,,,,,,,,,,,,,
Game #17 - Clemson 1-16-24 (Final),1097.6525000000001,265.78919999999994,GAME,4,,,,,,,,,,,,,,,,,,,,,
Game #17 - Clemson 1-16-24 (Final),1364.4433,280.4177333333332,GAME,5,,,,,,,,,,,,,,,,,,,,,
Game #17 - Clemson 1-16-24 (Final),1644.8610333333331,406.75430000000006,GAME,6,,,,,,,,,,,,,,,,,,,,,
Game #17 - Clemson 1-16-24 (Final),2051.615333333333,61.56876666666676,GAME,7,,,,,,,,,,,,,,,,,,,,,
Game #17 - Clemson 1-16-24 (Final),2115.199766666667,157.89636666666638,GAME,8,,,,,,,,,,,,,,,,,,,,,
Game #17 - Clemson 1-16-24 (Final),2273.0961333333335,220.90463333333264,GAME,9,,,,,,,,,,,,,,,,,,,,,
Game #17 - Clemson 1-16-24 (Final),2494.000766666666,497.7662,GAME,10,,,,,,,,,,,,,,,,,,,,,
Game #17 - Clemson 1-16-24 (Final),2991.766966666666,471.641333333333,GAME,11,,,,,,,,,,,,,,,,,,,,,
Game #17 - Clemson 1-16-24 (Final),3463.408299999999,243.9385999999995,GAME,12,,,,,,,,,,,,,,,,,,,,,
Game #17 - Clemson 1-16-24 (Final),3707.3468999999986,51.22206666666625,GAME,13,,,,,,,,,,,,,,,,,,,,,
Game #17 - Clemson 1-16-24 (Final),3758.568966666665,23.599533333333966,GAME,14,,,,,,,,,,,,,,,,,,,,,
Game #17 - Clemson 1-16-24 (Final),3783.1670251250007,125.2497000000003,GAME,15,,,,,,,,,,,,,,,,,,,,,
Game #17 - Clemson 1-16-24 (Final),3908.416725125001,59.17410000000018,GAME,16,,,,,,,,,,,,,,,,,,,,,
Game #17 - Clemson 1-16-24 (Final),3967.590825125001,14.164866666666967,GAME,17,,,,,,,,#1 Sturdivant,,,,,,,,,,,,,
Game #17 - Clemson 1-16-24 (Final),3981.755691791668,756.6589999999997,GAME,18,,,,,,,,,,,,,,,,,,,,,
Game #17 - Clemson 1-16-24 (Final),4738.414691791668,33.00463333333391,GAME,19,,,,,,,,,,,,,,,,,,,,,
Game #17 - Clemson 1-16-24 (Final),4773.027748583335,12.545233333333272,GAME,20,,,,,,,,,,,,,,,,,,,,,
Game #17 - Clemson 1-16-24 (Final),4785.572981916668,544.1272666666682,GAME,21,,,,,,,,,,,,,,,,,,,,,
Game #17 - Clemson 1-16-24 (Final),5329.700248583336,106.3193333333329,GAME,22,,,,,,,,,,,,,,,,,,,,,
Game #17 - Clemson 1-16-24 (Final),5437.169472958669,109.92129999999997,GAME,23,,,,,,,,,,,,,,,,,,,,,
Game #17 - Clemson 1-16-24 (Final),5547.090772958669,196.9400333333324,GAME,24,,,,,,,,,,,,,,,,,,,,,
Game #17 - Clemson 1-16-24 (Final),12.117574957333318,8.0,OPP 2PT Shot,1,,,,,,,,,,,,,,,,,,,,,
Game #17 - Clemson 1-16-24 (Final),154.1083710833333,8.0,OPP 2PT Shot,2,,,,,,,,,,,,,,,,,,,,,
Game #17 - Clemson 1-16-24 (Final),286.6496333333333,8.0,OPP 2PT Shot,3,,,,,,,,,,,,,,,,,,,,,
Game #17 - Clemson 1-16-24 (Final),302.6998000003333,8.0,OPP 2PT Shot,4,,,,,,,,,,,,,,,,,,,,,
Game #17 - Clemson 1-16-24 (Final),358.13376666733325,8.0,OPP 2PT Shot,5,,,,,,,,,,,,,,,,,,,,,
Game #17 - Clemson 1-16-24 (Final),426.61833333333334,8.0,OPP 2PT Shot,6,,,,,,,,,,,,,,,,,,,,,
Game #17 - Clemson 1-16-24 (Final),490.9119666666667,8.0,OPP 2PT Shot,7,,,,,,,,,,,,,,,,,,,,,
Game #17 - Clemson 1-16-24 (Final),536.1884666666666,8.0,OPP 2PT Shot,8,,,,,,,,,,,,,,,,,,,,,
Game #17 - Clemson 1-16-24 (Final),572.3733088336667,8.0,OPP 2PT Shot,9,,,,,,,,,,,,,,,,,,,,,
Game #17 - Clemson 1-16-24 (Final),636.4016225826666,8.0,OPP 2PT Shot,10,,,,,,,,,,,,,,,,,,,,,
Game #17 - Clemson 1-16-24 (Final),662.5351333333334,8.0,OPP 2PT Shot,11,,,,,,,,,,,,,,,,,,,,,
Game #17 - Clemson 1-16-24 (Final),728.198949792,8.0,OPP 2PT Shot,12,,,,,,,,,,,,,,,,,,,,,
Game #17 - Clemson 1-16-24 (Final),780.5056666669999,8.0,OPP 2PT Shot,13,,,,,,,,,,,,,,,,,,,,,
Game #17 - Clemson 1-16-24 (Final),781.4926999999999,8.0,OPP 2PT Shot,14,,,,,,,,,,,,,,,,,,,,,
Game #17 - Clemson 1-16-24 (Final),903.598527167,8.0,OPP 2PT Shot,15,,,,,,,,,,,,,,,,,,,,,
Game #17 - Clemson 1-16-24 (Final),1012.3892038329999,8.0,OPP 2PT Shot,16,,,,,,,,,,,,,,,,,,,,,
Game #17 - Clemson 1-16-24 (Final),1013.688966667,8.0,OPP 2PT Shot,17,,,,,,,,,,,,,,,,,,,,,
Game #17 - Clemson 1-16-24 (Final),1015.891166667,8.0,OPP 2PT Shot,18,,,,,,,,,,,,,,,,,,,,,
Game #17 - Clemson 1-16-24 (Final),1060.257533334,8.0,OPP 2PT Shot,19,,,,,,,,,,,,,,,,,,,,,
Game #17 - Clemson 1-16-24 (Final),1123.2262666666666,8.0,OPP 2PT Shot,20,,,,,,,,,,,,,,,,,,,,,
Game #17 - Clemson 1-16-24 (Final),1247.2606666666666,8.0,OPP 2PT Shot,21,,,,,,,,,,,,,,,,,,,,,
Game #17 - Clemson 1-16-24 (Final),1475.411000000333,8.0,OPP 2PT Shot,22,,,,,,,,,,,,,,,,,,,,,
Game #17 - Clemson 1-16-24 (Final),1538.8594999999996,8.0,OPP 2PT Shot,23,,,,,,,,,,,,,,,,,,,,,
Game #17 - Clemson 1-16-24 (Final),1683.2256038746664,8.0,OPP 2PT Shot,24,,,,,,,,,,,,,,,,,,,,,
Game #17 - Clemson 1-16-24 (Final),1686.0003666666662,8.0,OPP 2PT Shot,25,,,,,,,,,,,,,,,,,,,,,
Game #17 - Clemson 1-16-24 (Final),1734.5508666666665,8.0,OPP 2PT Shot,26,,,,,,,,,,,,,,,,,,,,,
Game #17 - Clemson 1-16-24 (Final),1881.3262715006663,8.0,OPP 2PT Shot,27,,,,,,,,,,,,,,,,,,,,,
Game #17 - Clemson 1-16-24 (Final),1930.1372666666666,8.0,OPP 2PT Shot,28,,,,,,,,,,,,,,,,,,,,,
Game #17 - Clemson 1-16-24 (Final),2040.2238666666663,8.0,OPP 2PT Shot,29,,,,,,,,,,,,,,,,,,,,,
Game #17 - Clemson 1-16-24 (Final),2102.1010096256664,8.0,OPP 2PT Shot,30,,,,,,,,,,,,,,,,,,,,,
Game #17 - Clemson 1-16-24 (Final),2260.671271,8.0,OPP 2PT Shot,31,,,,,,,,,,,,,,,,,,,,,
Game #17 - Clemson 1-16-24 (Final),2304.7143333333333,8.0,OPP 2PT Shot,32,,,,,,,,,,,,,,,,,,,,,
Game #17 - Clemson 1-16-24 (Final),2446.795525708667,8.0,OPP 2PT Shot,33,,,,,,,,,,,,,,,,,,,,,
Game #17 - Clemson 1-16-24 (Final),2561.7071000003334,8.0,OPP 2PT Shot,34,,,,,,,,,,,,,,,,,,,,,
Game #17 - Clemson 1-16-24 (Final),2620.088495000333,8.0,OPP 2PT Shot,35,,,,,,,,,,,,,,,,,,,,,
Game #17 - Clemson 1-16-24 (Final),2654.1088224583327,8.0,OPP 2PT Shot,36,,,,,,,,,,,,,,,,,,,,,
Game #17 - Clemson 1-16-24 (Final),2741.9928,8.0,OPP 2PT Shot,37,,,,,,,,,,,,,,,,,,,,,
Game #17 - Clemson 1-16-24 (Final),2931.9783666663334,8.0,OPP 2PT Shot,38,,,,,,,,,,,,,,,,,,,,,
Game #17 - Clemson 1-16-24 (Final),3099.5118999996657,8.0,OPP 2PT Shot,39,,,,,,,,,,,,,,,,,,,,,
Game #17 - Clemson 1-16-24 (Final),3201.3939715416655,8.0,OPP 2PT Shot,40,,,,,,,,,,,,,,,,,,,,,
Game #17 - Clemson 1-16-24 (Final),3429.1121648746657,8.0,OPP 2PT Shot,41,,,,,,,,,,,,,,,,,,,,,
Game #17 - Clemson 1-16-24 (Final),3494.633904417,8.0,OPP 2PT Shot,42,,,,,,,,,,,,,,,,,,,,,
Game #17 - Clemson 1-16-24 (Final),3575.6931046659993,8.0,OPP 2PT Shot,43,,,,,,,,,,,,,,,,,,,,,
Game #17 - Clemson 1-16-24 (Final),3740.7025999999987,8.0,OPP 2PT Shot,44,,,,,,,,,,,,,,,,,,,,,
Game #17 - Clemson 1-16-24 (Final),3806.327959125001,8.0,OPP 2PT Shot,45,,,,,,,,,,,,,,,,,,,,,
Game #17 - Clemson 1-16-24 (Final),4038.563834749335,8.0,OPP 2PT Shot,46,,,,,,,,,,,,,,,,,,,,,
Game #17 - Clemson 1-16-24 (Final),4120.777825125001,8.0,OPP 2PT Shot,47,,,,,,,,,,,,,,,,,,,,,
Game #17 - Clemson 1-16-24 (Final),4219.325214874335,8.0,OPP 2PT Shot,48,,,,,,,,,,,,,,,,,,,,,
Game #17 - Clemson 1-16-24 (Final),4356.680558458334,8.0,OPP 2PT Shot,49,,,,,,,,,,,,,,,,,,,,,
Game #17 - Clemson 1-16-24 (Final),4357.958925125002,8.0,OPP 2PT Shot,50,,,,,,,,,,,,,,,,,,,,,
Game #17 - Clemson 1-16-24 (Final),4467.005141791335,8.0,OPP 2PT Shot,51,,,,,,,,,,,,,,,,,,,,,
Game #17 - Clemson 1-16-24 (Final),4565.883025125335,8.0,OPP 2PT Shot,52,,,,,,,,,,,,,,,,,,,,,
Game #17 - Clemson 1-16-24 (Final),4804.50616499967,8.0,OPP 2PT Shot,53,,,,,,,,,,,,,,,,,,,,,
Game #17 - Clemson 1-16-24 (Final),4862.441781916668,8.0,OPP 2PT Shot,54,,,,,,,,,,,,,,,,,,,,,
Game #17 - Clemson 1-16-24 (Final),4936.876615542669,8.0,OPP 2PT Shot,55,,,,,,,,,,,,,,,,,,,,,
Game #17 - Clemson 1-16-24 (Final),5011.91118191667,8.0,OPP 2PT Shot,56,,,,,,,,,,,,,,,,,,,,,
Game #17 - Clemson 1-16-24 (Final),5148.491785666669,8.0,OPP 2PT Shot,57,,,,,,,,,,,,,,,,,,,,,
Game #17 - Clemson 1-16-24 (Final),5297.180848583668,8.0,OPP 2PT Shot,58,,,,,,,,,,,,,,,,,,,,,
Game #17 - Clemson 1-16-24 (Final),5341.277063958336,8.0,OPP 2PT Shot,59,,,,,,,,,,,,,,,,,,,,,
Game #17 - Clemson 1-16-24 (Final),198.82122079133333,8.0,OPP 3PT Shot,1,,,,,,,,,,,,,,,,,,,,,
Game #17 - Clemson 1-16-24 (Final),298.9164333333333,8.0,OPP 3PT Shot,2,,,,,,,,,,,,,,,,,,,,,
Game #17 - Clemson 1-16-24 (Final),354.9003666666666,8.0,OPP 3PT Shot,3,,,,,,,,,,,,,,,,,,,,,
Game #17 - Clemson 1-16-24 (Final),430.6118666673333,8.0,OPP 3PT Shot,4,,,,,,,,,,,,,,,,,,,,,
Game #17 - Clemson 1-16-24 (Final),603.6355745006666,8.0,OPP 3PT Shot,5,,,,,,,,,,,,,,,,,,,,,
Game #17 - Clemson 1-16-24 (Final),906.4878666666667,8.0,OPP 3PT Shot,6,,,,,,,,,,,,,,,,,,,,,
Game #17 - Clemson 1-16-24 (Final),951.9951573760001,8.0,OPP 3PT Shot,7,,,,,,,,,,,,,,,,,,,,,
Game #17 - Clemson 1-16-24 (Final),1184.6959266676668,8.0,OPP 3PT Shot,8,,,,,,,,,,,,,,,,,,,,,
Game #17 - Clemson 1-16-24 (Final),1312.2842666666666,8.0,OPP 3PT Shot,9,,,,,,,,,,,,,,,,,,,,,
Game #17 - Clemson 1-16-24 (Final),1348.0935333336665,8.0,OPP 3PT Shot,10,,,,,,,,,,,,,,,,,,,,,
Game #17 - Clemson 1-16-24 (Final),1376.038106708333,8.0,OPP 3PT Shot,11,,,,,,,,,,,,,,,,,,,,,
Game #17 - Clemson 1-16-24 (Final),2005.6745801666666,8.0,OPP 3PT Shot,12,,,,,,,,,,,,,,,,,,,,,
Game #17 - Clemson 1-16-24 (Final),2091.6677999996664,8.0,OPP 3PT Shot,13,,,,,,,,,,,,,,,,,,,,,
Game #17 - Clemson 1-16-24 (Final),2257.140391292,8.0,OPP 3PT Shot,14,,,,,,,,,,,,,,,,,,,,,
Game #17 - Clemson 1-16-24 (Final),2528.856733333333,8.0,OPP 3PT Shot,15,,,,,,,,,,,,,,,,,,,,,
Game #17 - Clemson 1-16-24 (Final),2920.844900000333,8.0,OPP 3PT Shot,16,,,,,,,,,,,,,,,,,,,,,
Game #17 - Clemson 1-16-24 (Final),3056.1281333336665,8.0,OPP 3PT Shot,17,,,,,,,,,,,,,,,,,,,,,
Game #17 - Clemson 1-16-24 (Final),4308.269514375334,8.0,OPP 3PT Shot,18,,,,,,,,,,,,,,,,,,,,,
Game #17 - Clemson 1-16-24 (Final),4562.449725125001,8.0,OPP 3PT Shot,19,,,,,,,,,,,,,,,,,,,,,
Game #17 - Clemson 1-16-24 (Final),4774.996509625002,8.0,OPP 3PT Shot,20,,,,,,,,,,,,,,,,,,,,,
Game #17 - Clemson 1-16-24 (Final),4800.9375152500015,8.0,OPP 3PT Shot,21,,,,,,,,,,,,,,,,,,,,,
Game #17 - Clemson 1-16-24 (Final),5194.644709499669,8.0,OPP 3PT Shot,22,,,,,,,,,,,,,,,,,,,,,
Game #17 - Clemson 1-16-24 (Final),86.94048537533334,8.0,FGA - Ndongo #11,1,,,,,,,,,,,,,,,,,,,,,
Game #17 - Clemson 1-16-24 (Final),626.4039202926666,8.0,FGA - Ndongo #11,2,,,,,,,,,,,,,,,,,,,,,
Game #17 - Clemson 1-16-24 (Final),1039.178333334,8.0,FGA - Ndongo #11,3,,,,,,,,,,,,,,,,,,,,,
Game #17 - Clemson 1-16-24 (Final),1227.5711000006663,8.0,FGA - Ndongo #11,4,,,,,,,,,,,,,,,,,,,,,
Game #17 - Clemson 1-16-24 (Final),1395.9730999999997,8.0,FGA - Ndongo #11,5,,,,,,,,,,,,,,,,,,,,,
Game #17 - Clemson 1-16-24 (Final),1401.507726834333,8.0,FGA - Ndongo #11,6,,,,,,,,,,,,,,,,,,,,,
Game #17 - Clemson 1-16-24 (Final),2141.005151792,8.0,FGA - Ndongo #11,7,,,,,,,,,,,,,,,,,,,,,
Game #17 - Clemson 1-16-24 (Final),2241.810133333,8.0,FGA - Ndongo #11,8,,,,,,,,,,,,,,,,,,,,,
Game #17 - Clemson 1-16-24 (Final),2478.033433333667,8.0,FGA - Ndongo #11,9,,,,,,,,,,,,,,,,,,,,,
Game #17 - Clemson 1-16-24 (Final),3409.5984132076665,8.0,FGA - Ndongo #11,10,,,,,,,,,,,,,,,,,,,,,
Game #17 - Clemson 1-16-24 (Final),4232.758067583335,8.0,FGA - Ndongo #11,11,,,,,,,,,,,,,,,,,,,,,
Game #17 - Clemson 1-16-24 (Final),174.74506991733332,8.0,FGA - Kelly #13,1,,,,,,,,,,,,,,,,,,,,,
Game #17 - Clemson 1-16-24 (Final),478.46110000066665,8.0,FGA - Kelly #13,2,,,,,,,,,,,,,,,,,,,,,
Game #17 - Clemson 1-16-24 (Final),1221.4286666666667,8.0,FGA - Kelly #13,3,,,,,,,,,,,,,,,,,,,,,
Game #17 - Clemson 1-16-24 (Final),1295.5922999999998,8.0,FGA - Kelly #13,4,,,,,,,,,,,,,,,,,,,,,
Game #17 - Clemson 1-16-24 (Final),1331.0902666666666,8.0,FGA - Kelly #13,5,,,,,,,,,,,,,,,,,,,,,
Game #17 - Clemson 1-16-24 (Final),1446.499733333333,8.0,FGA - Kelly #13,6,,,,,,,,,,,,,,,,,,,,,
Game #17 - Clemson 1-16-24 (Final),1635.1764042503332,8.0,FGA - Kelly #13,7,,,,,,,,,,,,,,,,,,,,,
Game #17 - Clemson 1-16-24 (Final),1663.2205556246663,8.0,FGA - Kelly #13,8,,,,,,,,,,,,,,,,,,,,,
Game #17 - Clemson 1-16-24 (Final),2474.9297951246663,8.0,FGA - Kelly #13,9,,,,,,,,,,,,,,,,,,,,,
Game #17 - Clemson 1-16-24 (Final),3316.3838377916654,8.0,FGA - Kelly #13,10,,,,,,,,,,,,,,,,,,,,,
Game #17 - Clemson 1-16-24 (Final),3474.662404834,8.0,FGA - Kelly #13,11,,,,,,,,,,,,,,,,,,,,,
Game #17 - Clemson 1-16-24 (Final),3550.0432177489993,8.0,FGA - Kelly #13,12,,,,,,,,,,,,,,,,,,,,,
Game #17 - Clemson 1-16-24 (Final),4985.508006166669,8.0,FGA - Kelly #13,13,,,,,,,,,,,,,,,,,,,,,
Game #17 - Clemson 1-16-24 (Final),4986.8608485836685,8.0,FGA - Kelly #13,14,,,,,,,,,,,,,,,,,,,,,
Game #17 - Clemson 1-16-24 (Final),5170.826442500669,8.0,FGA - Kelly #13,15,,,,,,,,,,,,,,,,,,,,,
Game #17 - Clemson 1-16-24 (Final),273.61616666733335,8.0,FGA - Reeves #14,1,,,,,,,,,,,,,,,,,,,,,
Game #17 - Clemson 1-16-24 (Final),557.8033557076667,8.0,FGA - Reeves #14,2,,,,,,,,,,,,,,,,,,,,,
Game #17 - Clemson 1-16-24 (Final),1263.2914999999998,8.0,FGA - Reeves #14,3,,,,,,,,,,,,,,,,,,,,,
Game #17 - Clemson 1-16-24 (Final),1716.8111586256664,8.0,FGA - Reeves #14,4,,,,,,,,,,,,,,,,,,,,,
Game #17 - Clemson 1-16-24 (Final),2957.1663826253334,8.0,FGA - Reeves #14,5,,,,,,,,,,,,,,,,,,,,,
Game #17 - Clemson 1-16-24 (Final),3770.4620200829986,8.0,FGA - Reeves #14,6,,,,,,,,,,,,,,,,,,,,,
Game #17 - Clemson 1-16-24 (Final),4330.846603208335,8.0,FGA - Reeves #14,7,,,,,,,,,,,,,,,,,,,,,
Game #17 - Clemson 1-16-24 (Final),333.48349999999994,8.0,FGA - George #2,1,,,,,,,,,,,,,,,,,,,,,
Game #17 - Clemson 1-16-24 (Final),367.9003666666666,8.0,FGA - George #2,2,,,,,,,,,,,,,,,,,,,,,
Game #17 - Clemson 1-16-24 (Final),397.3411067083333,8.0,FGA - George #2,3,,,,,,,,,,,,,,,,,,,,,
Game #17 - Clemson 1-16-24 (Final),767.4896333333332,8.0,FGA - George #2,4,,,,,,,,,,,,,,,,,,,,,
Game #17 - Clemson 1-16-24 (Final),888.0798999999998,8.0,FGA - George #2,5,,,,,,,,,,,,,,,,,,,,,
Game #17 - Clemson 1-16-24 (Final),929.4273999999999,8.0,FGA - George #2,6,,,,,,,,,,,,,,,,,,,,,
Game #17 - Clemson 1-16-24 (Final),1148.0052543756665,8.0,FGA - George #2,7,,,,,,,,,,,,,,,,,,,,,
Game #17 - Clemson 1-16-24 (Final),1989.0222666666664,8.0,FGA - George #2,8,,,,,,,,,,,,,,,,,,,,,
Game #17 - Clemson 1-16-24 (Final),2033.9465508746662,8.0,FGA - George #2,9,,,,,,,,,,,,,,,,,,,,,
Game #17 - Clemson 1-16-24 (Final),3890.4026167500006,8.0,FGA - George #2,10,,,,,,,,,,,,,,,,,,,,,
Game #17 - Clemson 1-16-24 (Final),5279.513981916669,8.0,FGA - George #2,11,,,,,,,,,,,,,,,,,,,,,
Game #17 - Clemson 1-16-24 (Final),5315.78108191667,8.0,FGA - George #2,12,,,,,,,,,,,,,,,,,,,,,
Game #17 - Clemson 1-16-24 (Final),468.5831000006666,8.0,FGA - Sturdivant #1,1,,,,,,,,,,,,,,,,,,,,,
Game #17 - Clemson 1-16-24 (Final),515.6887421246666,8.0,FGA - Sturdivant #1,2,,,,,,,,,,,,,,,,,,,,,
Game #17 - Clemson 1-16-24 (Final),594.6905480836666,8.0,FGA - Sturdivant #1,3,,,,,,,,,,,,,,,,,,,,,
Game #17 - Clemson 1-16-24 (Final),833.4884956669999,8.0,FGA - Sturdivant #1,4,,,,,,,,,,,,,,,,,,,,,
Game #17 - Clemson 1-16-24 (Final),2390.647946207667,8.0,FGA - Sturdivant #1,5,,,,,,,,,,,,,,,,,,,,,
Game #17 - Clemson 1-16-24 (Final),2588.757433333333,8.0,FGA - Sturdivant #1,6,,,,,,,,,,,,,,,,,,,,,
Game #17 - Clemson 1-16-24 (Final),2630.7414,8.0,FGA - Sturdivant #1,7,,,,,,,,,,,,,,,,,,,,,
Game #17 - Clemson 1-16-24 (Final),2821.6438333333335,8.0,FGA - Sturdivant #1,8,,,,,,,,,,,,,,,,,,,,,
Game #17 - Clemson 1-16-24 (Final),2889.4613000003337,8.0,FGA - Sturdivant #1,9,,,,,,,,,,,,,,,,,,,,,
Game #17 - Clemson 1-16-24 (Final),3024.3347014166657,8.0,FGA - Sturdivant #1,10,,,,,,,,,,,,,,,,,,,,,
Game #17 - Clemson 1-16-24 (Final),707.6606714169999,8.0,FGA - Coleman #3,1,,,,,,,,,,,,,,,,,,,,,
Game #17 - Clemson 1-16-24 (Final),925.2498666666667,8.0,FGA - Coleman #3,2,,,,,,,,,,,,,,,,,,,,,
Game #17 - Clemson 1-16-24 (Final),2070.2330333336668,8.0,FGA - Coleman #3,3,,,,,,,,,,,,,,,,,,,,,
Game #17 - Clemson 1-16-24 (Final),793.972133334,8.0,FGA - Gapare #5,1,,,,,,,,,,,,,,,,,,,,,
Game #17 - Clemson 1-16-24 (Final),981.8632570419999,8.0,FGA - Gapare #5,2,,,,,,,,,,,,,,,,,,,,,
Game #17 - Clemson 1-16-24 (Final),1078.3270333340001,8.0,FGA - Gapare #5,3,,,,,,,,,,,,,,,,,,,,,
Game #17 - Clemson 1-16-24 (Final),1397.5101000003333,8.0,FGA - Claude #12,1,,,,,,,,,,,,,,,,,,,,,
Game #17 - Clemson 1-16-24 (Final),1813.2123661256664,8.0,FGA - Claude #12,2,,,,,,,,,,,,,,,,,,,,,
Game #17 - Clemson 1-16-24 (Final),2480.4417875416666,8.0,FGA - Claude #12,3,,,,,,,,,,,,,,,,,,,,,
Game #17 - Clemson 1-16-24 (Final),4099.060858458335,8.0,FGA - Claude #12,4,,,,,,,,,,,,,,,,,,,,,
Game #17 - Clemson 1-16-24 (Final),4487.773142167335,8.0,FGA - Claude #12,5,,,,,,,,,,,,,,,,,,,,,