Timeline,Start time,Duration,Row,Instance number,DEFENSE,HALF COURT ACTIONS,HALF COURT OFFENSE,OFFENSE,ON COURT,PLAYERS,Result,SHOT AREA,TRANSITION,Ungrouped,Notes,Flags
Game #6 - Duke 12-2-23 (FINAL),29.69510353666654,23.11099646333346,OFFENSE,1,,,P/R,,"#13 Kelly, #14 Reeves, #2 George, #10 Dowuona, #11 Ndongo",Ndongo #11,O3,Left Corner 3,,,,
Game #6 - Duke 12-2-23 (FINAL),86.35733333333337,24.841833333333284,OFFENSE,2,,,P/R,,"#13 Kelly, #14 Reeves, #2 George, #10 Dowuona, #11 Ndongo",Ndongo #11,X2,At Rim,,,,
Game #6 - Duke 12-2-23 (FINAL),132.1547111111111,8.304922222222217,OFFENSE,3,,,,Transition O,"#13 Kelly, #14 Reeves, #2 George, #10 Dowuona, #11 Ndongo",Kelly #13,O3,Right Wing 3,TRANSITION,,,
Game #6 - Duke 12-2-23 (FINAL),160.09850789366646,8.813458773000207,OFFENSE,4,,,,Transition O,"#13 Kelly, #14 Reeves, #2 George, #10 Dowuona, #11 Ndongo",Reeves #14,O3,Left Wing 3,TRANSITION,,,
Game #6 - Duke 12-2-23 (FINAL),198.1003,20.98810000000003,OFFENSE,5,,,P/R,,"#13 Kelly, #14 Reeves, #2 George, #10 Dowuona, #11 Ndongo",George #2,X3,Left Wing 3,,,,New Flag
Game #6 - Duke 12-2-23 (FINAL),230.5113,15.7543,OFFENSE,6,,,P/R,,"#13 Kelly, #14 Reeves, #2 George, #11 Ndongo, #10 Dowuona",Reeves #14,O3,Right Corner 3,,,,
Game #6 - Duke 12-2-23 (FINAL),292.61417462900005,31.918858704333275,OFFENSE,7,,,DHO/HOFF,Press O,"#13 Kelly, #14 Reeves, #2 George, #10 Dowuona, #23 Sacko",Kelly #13,X2,At Rim,,,,
Game #6 - Duke 12-2-23 (FINAL),387.6171006096666,25.293544263000058,OFFENSE,8,,,CUT,,"#13 Kelly, #14 Reeves, #2 George, #10 Dowuona, #23 Sacko",Sacko #23,O2,At Rim,,,,
Game #6 - Duke 12-2-23 (FINAL),425.7977333333334,6.919166666666683,OFFENSE,9,,,,Transition O,"#13 Kelly, #14 Reeves, #2 George, #10 Dowuona, #23 Sacko",Kelly #13,X3,Right Wing 3,TRANSITION,,,
Game #6 - Duke 12-2-23 (FINAL),519.1522666666667,35.533366666999996,OFFENSE,10,,,DK/MVMT,Press O,"#13 Kelly, #3 Coleman, #1 Sturdivant, #10 Dowuona, #23 Sacko",Coleman #3,X3,Left Wing 3,,,,
Game #6 - Duke 12-2-23 (FINAL),598.2733000000001,23.944211111111144,OFFENSE,11,,,ZONE,Zone O,"#13 Kelly, #3 Coleman, #1 Sturdivant, #11 Ndongo, #12 Claude",,TO,,,,,New Flag
Game #6 - Duke 12-2-23 (FINAL),653.4158380216663,15.803128645000243,OFFENSE,12,,,P/R,Forced Foul,"#13 Kelly, #3 Coleman, #1 Sturdivant, #11 Ndongo, #12 Claude",,,,,,,
Game #6 - Duke 12-2-23 (FINAL),682.9856333333332,22.266633333333402,OFFENSE,13,,,P/R,"SLOB Off, GT Off Reb, Zone O","#4 Murphy, #3 Coleman, #1 Sturdivant, #11 Ndongo, #12 Claude",Ndongo #11,X3,Right Wing 3,,,,
Game #6 - Duke 12-2-23 (FINAL),705.2522666666666,5.866700000000037,OFFENSE,14,,,OREB,GT Off Reb,"#4 Murphy, #3 Coleman, #1 Sturdivant, #11 Ndongo, #12 Claude",Kelly #13,X2,Paint,,,,
Game #6 - Duke 12-2-23 (FINAL),723.8689666666667,22.86666666699989,OFFENSE,15,,,DHO/HOFF,BLOB Off,"#4 Murphy, #3 Coleman, #1 Sturdivant, #11 Ndongo, #12 Claude",,TO,,,,,
Game #6 - Duke 12-2-23 (FINAL),770.4022999996666,17.74996666700008,OFFENSE,16,,,P/R,Zone O,"#4 Murphy, #3 Coleman, #1 Sturdivant, #11 Ndongo, #12 Claude",Ndongo #11,O2,Left Short Midrange 2,,,,
Game #6 - Duke 12-2-23 (FINAL),809.1856333336666,4.483333333000019,OFFENSE,17,,,,Transition O,"#4 Murphy, #3 Coleman, #1 Sturdivant, #11 Ndongo, #12 Claude",,TO,,TRANSITION,,,
Game #6 - Duke 12-2-23 (FINAL),816.9482,25.409233333333304,OFFENSE,18,,,P/R,Forced Foul,"#4 Murphy, #1 Sturdivant, #3 Coleman, #11 Ndongo, #12 Claude",Ndongo #11,X2F,At Rim,,,,
Game #6 - Duke 12-2-23 (FINAL),851.7301078956666,10.798118081999974,OFFENSE,19,,,P/R,,"#4 Murphy, #3 Coleman, #1 Sturdivant, #11 Ndongo, #12 Claude",,FT - MI,,,,,
Game #6 - Duke 12-2-23 (FINAL),875.7332059783328,4.29431091733386,OFFENSE,20,,,P/R,,"#4 Murphy, #3 Coleman, #1 Sturdivant, #11 Ndongo, #12 Claude",,FT - MK,,,,,
Game #6 - Duke 12-2-23 (FINAL),901.7046777777778,30.247322222222238,OFFENSE,21,,,P/R,,"#13 Kelly, #14 Reeves, #2 George, #11 Ndongo, #12 Claude",Ndongo #11,O2,At Rim,,,,New Flag
Game #6 - Duke 12-2-23 (FINAL),999.1686333333332,26.72674444444442,OFFENSE,22,,,P/R,,"#13 Kelly, #14 Reeves, #2 George, #11 Ndongo, #12 Claude",Claude #12,X2,At Rim,,,,New Flag
Game #6 - Duke 12-2-23 (FINAL),1041.6353333333334,22.19464292566613,OFFENSE,23,,,P/R,,"#13 Kelly, #14 Reeves, #2 George, #11 Ndongo, #12 Claude",Claude #12,O2,At Rim,,,,New Flag
Game #6 - Duke 12-2-23 (FINAL),1079.9186333333332,17.200000000000045,OFFENSE,24,,,P/R,,"#13 Kelly, #14 Reeves, #2 George, #11 Ndongo, #12 Claude",,TO,,,,,
Game #6 - Duke 12-2-23 (FINAL),1119.2660333333333,16.974533333333284,OFFENSE,25,,,,,"#13 Kelly, #14 Reeves, #2 George, #11 Ndongo, #12 Claude",,,,,,,
Game #6 - Duke 12-2-23 (FINAL),1152.720988888889,19.665477777777596,OFFENSE,26,,,OFF BALL SCREEN,SLOB Off,"#13 Kelly, #14 Reeves, #1 Sturdivant, #11 Ndongo, #12 Claude",,TO,,,,,
Game #6 - Duke 12-2-23 (FINAL),1177.5630666666666,8.499500000000126,OFFENSE,27,,,,Transition O,"#13 Kelly, #14 Reeves, #1 Sturdivant, #11 Ndongo, #12 Claude",,TO,,TRANSITION,,,
Game #6 - Duke 12-2-23 (FINAL),1190.4463999996667,9.25,OFFENSE,28,,,,Transition O,"#13 Kelly, #14 Reeves, #1 Sturdivant, #11 Ndongo, #12 Claude",,,,TRANSITION,,,
Game #6 - Duke 12-2-23 (FINAL),1208.4630666666667,16.416666667000072,OFFENSE,29,,,ISO,BLOB Off,"#13 Kelly, #14 Reeves, #1 Sturdivant, #11 Ndongo, #12 Claude",Sturdivant #1,X2,Left Deep Midrange 2,,,,
Game #6 - Duke 12-2-23 (FINAL),1258.8094747143332,18.92025861900015,OFFENSE,30,,,P/R,,"#13 Kelly, #14 Reeves, #1 Sturdivant, #11 Ndongo, #12 Claude",Ndongo #11,O2,Paint,,,,New Flag
Game #6 - Duke 12-2-23 (FINAL),1291.6061222222222,6.073611111444507,OFFENSE,31,,,,"Transition O, GT Off Reb","#13 Kelly, #14 Reeves, #1 Sturdivant, #11 Ndongo, #12 Claude",Reeves #14,X2,At Rim,TRANSITION,,,
Game #6 - Duke 12-2-23 (FINAL),1297.6797333336667,18.72419999966678,OFFENSE,32,,,CUT,GT Off Reb,"#13 Kelly, #14 Reeves, #1 Sturdivant, #11 Ndongo, #12 Claude",Claude #12,X2,At Rim,,,,
Game #6 - Duke 12-2-23 (FINAL),1316.4039333333335,2.964299999999639,OFFENSE,33,,,OREB,,"#13 Kelly, #14 Reeves, #1 Sturdivant, #11 Ndongo, #12 Claude",Claude #12,X2,At Rim,,,,
Game #6 - Duke 12-2-23 (FINAL),1326.3297333336668,11.666633332999936,OFFENSE,34,,,P/R,,"#13 Kelly, #14 Reeves, #1 Sturdivant, #11 Ndongo, #12 Claude",Reeves #14,O3,Right Corner 3,,,,
Game #6 - Duke 12-2-23 (FINAL),1359.1206333333334,4.759100000333092,OFFENSE,35,,,,Forced Foul,"#13 Kelly, #14 Reeves, #1 Sturdivant, #11 Ndongo, #12 Claude",,,,,,,
Game #6 - Duke 12-2-23 (FINAL),1397.3630666666668,16.34822477200032,OFFENSE,36,,,P/R,Forced Foul,"#13 Kelly, #14 Reeves, #1 Sturdivant, #3 Coleman, #10 Dowuona",Sturdivant #1,X2F,Right Short Midrange 2,,,,New Flag
Game #6 - Duke 12-2-23 (FINAL),1434.8463999996666,6.749966667000081,OFFENSE,37,,,P/R,,"#13 Kelly, #14 Reeves, #1 Sturdivant, #3 Coleman, #10 Dowuona",,FT - MK,,,,,
Game #6 - Duke 12-2-23 (FINAL),1455.8463666666667,7.25,OFFENSE,38,,,P/R,,"#13 Kelly, #14 Reeves, #1 Sturdivant, #10 Dowuona, #3 Coleman",,FT - MK,,,,,
Game #6 - Duke 12-2-23 (FINAL),1492.3797333336665,20.879099999666778,OFFENSE,39,,,P/R,,"#13 Kelly, #14 Reeves, #1 Sturdivant, #3 Coleman, #10 Dowuona",Kelly #13,O3,Left Wing 3,,,,New Flag
Game #6 - Duke 12-2-23 (FINAL),1536.729733333667,27.116666665999674,OFFENSE,40,,,ISO,,"#13 Kelly, #14 Reeves, #1 Sturdivant, #3 Coleman, #10 Dowuona",Kelly #13,O2,Left Short Midrange 2,,,,
Game #6 - Duke 12-2-23 (FINAL),1578.8925333333332,11.953866666333397,OFFENSE,41,,,P/R,,"#13 Kelly, #14 Reeves, #1 Sturdivant, #3 Coleman, #10 Dowuona",Sturdivant #1,X3,Left Wing 3,,,,
Game #6 - Duke 12-2-23 (FINAL),1600.9297333333334,23.73791111111086,OFFENSE,42,,,DK/MVMT,Forced Foul,"#13 Kelly, #14 Reeves, #1 Sturdivant, #3 Coleman, #10 Dowuona",,,,,,,
Game #6 - Duke 12-2-23 (FINAL),1631.2745666666665,40.50053333333335,OFFENSE,43,,,ISO,BLOB Off,"#13 Kelly, #14 Reeves, #2 George, #3 Coleman, #11 Ndongo",Kelly #13,X2,Deep Right Wing 2,,,,
Game #6 - Duke 12-2-23 (FINAL),1691.1259,8.082533332999901,OFFENSE,44,,,,Transition O,"#13 Kelly, #14 Reeves, #2 George, #3 Coleman, #11 Ndongo",George #2,X3,Right Wing 3,TRANSITION,,,
Game #6 - Duke 12-2-23 (FINAL),1714.3417666670002,15.316633332999572,OFFENSE,45,,,P/R,,"#13 Kelly, #14 Reeves, #2 George, #3 Coleman, #11 Ndongo",Kelly #13,O2,At Rim,,,,
Game #6 - Duke 12-2-23 (FINAL),1759.3251,34.770211111111166,OFFENSE,46,,,P/R,,"#13 Kelly, #14 Reeves, #2 George, #3 Coleman, #11 Ndongo",Kelly #13,X3,Straightaway 3,,,,
Game #6 - Duke 12-2-23 (FINAL),1829.5898666666667,20.328133334000086,OFFENSE,47,,,DHO/HOFF,,"#13 Kelly, #14 Reeves, #2 George, #10 Dowuona, #11 Ndongo",Reeves #14,O3,Straightaway 3,,,,
Game #6 - Duke 12-2-23 (FINAL),1936.4482411406657,27.000859083334035,OFFENSE,48,,,,,"#13 Kelly, #14 Reeves, #2 George, #10 Dowuona, #11 Ndongo",,,,,,,
Game #6 - Duke 12-2-23 (FINAL),1967.2456790579995,17.40125686433339,OFFENSE,49,,,OFF BALL SCREEN,"SLOB Off, Forced Foul","#13 Kelly, #14 Reeves, #2 George, #10 Dowuona, #11 Ndongo",Ndongo #11,O2F,At Rim,,,,
Game #6 - Duke 12-2-23 (FINAL),2002.3017,13.549633333333531,OFFENSE,50,,,OFF BALL SCREEN,,"#13 Kelly, #14 Reeves, #2 George, #10 Dowuona, #11 Ndongo",,FT - MK,,,,,
Game #6 - Duke 12-2-23 (FINAL),2050.501333333667,10.633333332999882,OFFENSE,51,,,P/R,,"#13 Kelly, #14 Reeves, #2 George, #10 Dowuona, #11 Ndongo",Dowuona #10,O2,At Rim,,,,
Game #6 - Duke 12-2-23 (FINAL),2070.5846666666666,22.66666666666697,OFFENSE,52,,,P/R,,"#13 Kelly, #14 Reeves, #2 George, #10 Dowuona, #11 Ndongo",Ndongo #11,O2,At Rim,,,,
Game #6 - Duke 12-2-23 (FINAL),2218.4680000000003,25.378473205998944,OFFENSE,53,,,P/R,Forced Foul,"#13 Kelly, #14 Reeves, #2 George, #10 Dowuona, #3 Coleman",,,,,,,
Game #6 - Duke 12-2-23 (FINAL),2253.2346666666667,25.44303333333346,OFFENSE,54,,,DK/MVMT,"BLOB Off, Forced Foul, Forced Foul","#13 Kelly, #14 Reeves, #2 George, #10 Dowuona, #3 Coleman",,,,,,,
Game #6 - Duke 12-2-23 (FINAL),2292.184666666667,23.033333333999963,OFFENSE,55,,,OFF BALL SCREEN,"SLOB Off, GT Off Reb","#13 Kelly, #14 Reeves, #2 George, #10 Dowuona, #3 Coleman",Kelly #13,X3,Left Wing 3,,,,
Game #6 - Duke 12-2-23 (FINAL),2315.218000000667,14.499255554888805,OFFENSE,56,,,P/R,,"#13 Kelly, #14 Reeves, #2 George, #10 Dowuona, #3 Coleman",,TO,,,,,
Game #6 - Duke 12-2-23 (FINAL),2340.148597296333,13.899108080000133,OFFENSE,57,,,P/R,,"#13 Kelly, #14 Reeves, #2 George, #10 Dowuona, #3 Coleman",Kelly #13,X2,Deep Left Wing 2,,,,
Game #6 - Duke 12-2-23 (FINAL),2359.717277777778,14.250722222222521,OFFENSE,58,,,,,"#13 Kelly, #14 Reeves, #2 George, #10 Dowuona, #3 Coleman",Reeves #14,O2,Right Deep Midrange 2,TRANSITION,,,
Game #6 - Duke 12-2-23 (FINAL),2397.2346666666667,31.283333333999963,OFFENSE,59,,,DK/MVMT,,"#13 Kelly, #14 Reeves, #2 George, #10 Dowuona, #3 Coleman",George #2,X3,Left Wing 3,,,,
Game #6 - Duke 12-2-23 (FINAL),2500.752855555556,31.334444444778,OFFENSE,60,,,DK/MVMT,GT Off Reb,"#1 Sturdivant, #14 Reeves, #2 George, #11 Ndongo, #3 Coleman",Claude #12,X3,Right Corner 3,,,,
Game #6 - Duke 12-2-23 (FINAL),2542.753966666667,8.683333333666724,OFFENSE,61,,,BLOB,BLOB Off,"#1 Sturdivant, #12 Claude, #2 George, #11 Ndongo, #3 Coleman",,TO,,,,,
Game #6 - Duke 12-2-23 (FINAL),2599.805033333334,20.582266666999658,OFFENSE,62,,,ISO,,"#1 Sturdivant, #12 Claude, #2 George, #11 Ndongo, #3 Coleman",George #2,X2,Deep Right Wing 2,,,,
Game #6 - Duke 12-2-23 (FINAL),2633.403966667334,21.103366666000056,OFFENSE,63,,,P/R,,"#1 Sturdivant, #12 Claude, #2 George, #11 Ndongo, #3 Coleman",Sturdivant #1,O2,Deep Left Wing 2,,,,
Game #6 - Duke 12-2-23 (FINAL),2715.505300000334,8.04340467900056,OFFENSE,64,,,,"Transition O, Forced Foul","#1 Sturdivant, #12 Claude, #2 George, #11 Ndongo, #3 Coleman",Coleman #3,O2F,Left Short Midrange 2,TRANSITION,,,
Game #6 - Duke 12-2-23 (FINAL),2740.1508852613338,11.737748072000613,OFFENSE,65,,,,,"#1 Sturdivant, #12 Claude, #2 George, #11 Ndongo, #3 Coleman",,FT - MK,,TRANSITION,,,
Game #6 - Duke 12-2-23 (FINAL),2802.0489109826663,29.862244572889722,OFFENSE,66,,,,Press O,"#1 Sturdivant, #12 Claude, #13 Kelly, #11 Ndongo, #3 Coleman",,,,,,,
Game #6 - Duke 12-2-23 (FINAL),2838.452933571001,11.918744206777774,OFFENSE,67,,,CUT,SLOB Off,"#1 Sturdivant, #12 Claude, #13 Kelly, #11 Ndongo, #3 Coleman",,TO,,,,,
Game #6 - Duke 12-2-23 (FINAL),2857.677666666668,14.377633333666381,OFFENSE,68,,,,"Transition O, Forced Foul","#1 Sturdivant, #12 Claude, #13 Kelly, #11 Ndongo, #3 Coleman",,X2F,,TRANSITION,,,
Game #6 - Duke 12-2-23 (FINAL),2892.7795382710005,8.497158333000698,OFFENSE,69,,,,,"#1 Sturdivant, #12 Claude, #13 Kelly, #11 Ndongo, #3 Coleman",,FT - MK,,TRANSITION,,,
Game #6 - Duke 12-2-23 (FINAL),2915.477223604669,4.499427541331897,OFFENSE,70,,,,,"#1 Sturdivant, #12 Claude, #13 Kelly, #11 Ndongo, #3 Coleman",,FT - MK,,TRANSITION,,,
Game #6 - Duke 12-2-23 (FINAL),2935.188933333335,16.143333333666305,OFFENSE,71,,,P/R,,"#1 Sturdivant, #12 Claude, #13 Kelly, #14 Reeves, #3 Coleman",Kelly #13,X3,Straightaway 3,,,,
Game #6 - Duke 12-2-23 (FINAL),2958.2523555555567,7.729911111111505,OFFENSE,72,,,,Transition O,"#1 Sturdivant, #12 Claude, #13 Kelly, #14 Reeves, #3 Coleman",Claude #12,O2,At Rim,TRANSITION,,,
Game #6 - Duke 12-2-23 (FINAL),2973.7655666666683,18.866699999999582,OFFENSE,73,,,P/R,,"#1 Sturdivant, #12 Claude, #13 Kelly, #14 Reeves, #3 Coleman",Sturdivant #1,X2,At Rim,,,,
Game #6 - Duke 12-2-23 (FINAL),3036.848933333335,16.187011111111133,OFFENSE,74,,,ISO,,"#1 Sturdivant, #12 Claude, #13 Kelly, #14 Reeves, #3 Coleman",,TO,,,,,
Game #6 - Duke 12-2-23 (FINAL),3058.938777777779,8.999988888889675,OFFENSE,75,,,,,,,,,,,,
Game #6 - Duke 12-2-23 (FINAL),3091.1213114453344,28.338699665778222,OFFENSE,76,,,DK/MVMT,SLOB Off,"#2 George, #10 Dowuona, #13 Kelly, #14 Reeves, #11 Ndongo",,TO,,,,,
Game #6 - Duke 12-2-23 (FINAL),3147.2356888888903,31.481985577776868,OFFENSE,77,,,P/R,,"#2 George, #10 Dowuona, #13 Kelly, #14 Reeves, #11 Ndongo",Ndongo #11,O2,At Rim,,,,
Game #6 - Duke 12-2-23 (FINAL),3228.2773666666685,26.716666666666242,OFFENSE,78,,,ISO,,"#2 George, #10 Dowuona, #13 Kelly, #14 Reeves, #11 Ndongo",George #2,O2,Deep Right Wing 2,,,,
Game #6 - Duke 12-2-23 (FINAL),3279.349200000002,25.678166666666584,OFFENSE,79,,,P/R,GT Off Reb,"#2 George, #10 Dowuona, #13 Kelly, #14 Reeves, #11 Ndongo",Kelly #13,X3,Left Corner 3,,,,
Game #6 - Duke 12-2-23 (FINAL),3305.0273666666685,16.533333333999508,OFFENSE,80,,,ISO,GT Off Reb,"#2 George, #10 Dowuona, #13 Kelly, #14 Reeves, #11 Ndongo",George #2,X3,Right Wing 3,,,,
Game #6 - Duke 12-2-23 (FINAL),3321.560700000668,1.899999999333886,OFFENSE,81,,,,Forced Foul,"#2 George, #10 Dowuona, #13 Kelly, #14 Reeves, #11 Ndongo",,,,,,,
Game #6 - Duke 12-2-23 (FINAL),3348.8381254806686,20.589241185999526,OFFENSE,82,,,P/R,BLOB Off,"#2 George, #10 Dowuona, #13 Kelly, #14 Reeves, #12 Claude",Reeves #14,X3,Right Corner 3,,,,
Game #6 - Duke 12-2-23 (FINAL),3552.202257561335,20.5338757720001,OFFENSE,83,,,DK/MVMT,,"#2 George, #10 Dowuona, #13 Kelly, #14 Reeves, #3 Coleman",Coleman #3,O2,Deep Right Wing 2,,,,
Game #6 - Duke 12-2-23 (FINAL),3622.947543560335,15.041967550778281,OFFENSE,84,,,P/R,,"#2 George, #11 Ndongo, #13 Kelly, #14 Reeves, #3 Coleman",,TO,,,,,
Game #6 - Duke 12-2-23 (FINAL),3663.8471444444463,11.696916909889296,OFFENSE,85,,,,Transition O,"#2 George, #11 Ndongo, #13 Kelly, #14 Reeves, #3 Coleman",,TO,,TRANSITION,,,
Game #6 - Duke 12-2-23 (FINAL),3790.822033333335,3.9213094246661058,OFFENSE,86,,,OTHER,,"#2 George, #11 Ndongo, #13 Kelly, #14 Reeves, #3 Coleman",,FT - MK,,,,,
Game #6 - Duke 12-2-23 (FINAL),3804.7451307176684,6.593546206333485,OFFENSE,87,,,OTHER,,"#2 George, #11 Ndongo, #13 Kelly, #14 Reeves, #3 Coleman",,FT - MK,,,,,
Game #6 - Duke 12-2-23 (FINAL),3832.246086409668,23.79779311866696,OFFENSE,88,,,P/R,,"#2 George, #11 Ndongo, #13 Kelly, #14 Reeves, #3 Coleman",Kelly #13,O2,Paint,,,,
Game #6 - Duke 12-2-23 (FINAL),3879.233464991669,19.365501674999905,OFFENSE,89,,,P/R,,"#2 George, #11 Ndongo, #13 Kelly, #14 Reeves, #3 Coleman",Ndongo #11,O2,At Rim,,,,
Game #6 - Duke 12-2-23 (FINAL),3977.1777788036675,15.895974991333787,OFFENSE,90,,,P/R,,"#2 George, #11 Ndongo, #13 Kelly, #14 Reeves, #3 Coleman",Ndongo #11,O2,At Rim,,,,
Game #6 - Duke 12-2-23 (FINAL),4017.3727674630013,34.40479308333306,OFFENSE,91,,,OTHER,"Press O, Forced Foul","#2 George, #11 Ndongo, #13 Kelly, #14 Reeves, #3 Coleman",,,,,,,
Game #6 - Duke 12-2-23 (FINAL),4085.479733333335,4.533333333333758,OFFENSE,92,,,OTHER,,"#2 George, #11 Ndongo, #13 Kelly, #14 Reeves, #3 Coleman",,FT - MI,,,,,
Game #6 - Duke 12-2-23 (FINAL),4242.700966667335,5.52705909366523,OFFENSE,93,,,OTHER,Forced Foul,"#2 George, #11 Ndongo, #13 Kelly, #14 Reeves, #3 Coleman",,,,,,,
Game #6 - Duke 12-2-23 (FINAL),4280.029474094999,8.400170915668241,OFFENSE,94,,,OTHER,,"#2 George, #11 Ndongo, #13 Kelly, #14 Reeves, #3 Coleman",,FT - MK,,,,,
Game #6 - Duke 12-2-23 (FINAL),4303.132101218667,10.094500261668145,OFFENSE,95,,,OTHER,,"#2 George, #11 Ndongo, #13 Kelly, #14 Reeves, #3 Coleman",,FT - MK,,,,,
Game #6 - Duke 12-2-23 (FINAL),1.8931666666666658,27.801936869999874,DEFENSE,1,,,P/R,,"#2 George, #11 Ndongo, #13 Kelly, #14 Reeves, #10 Dowuona",,O2,,,,,
Game #6 - Duke 12-2-23 (FINAL),52.8061,29.808844444444432,DEFENSE,2,,,P/R,,"#2 George, #11 Ndongo, #13 Kelly, #14 Reeves, #10 Dowuona",,X2,,,,,
Game #6 - Duke 12-2-23 (FINAL),111.19916666666666,20.955544444444456,DEFENSE,3,,,OFF BALL SCREEN,,"#2 George, #11 Ndongo, #13 Kelly, #14 Reeves, #10 Dowuona",,X3,,,,,
Game #6 - Duke 12-2-23 (FINAL),140.45963333333333,16.60205555555558,DEFENSE,4,Opp Off Reb,,P/R,,"#2 George, #11 Ndongo, #13 Kelly, #14 Reeves, #10 Dowuona",,X2,,,,,
Game #6 - Duke 12-2-23 (FINAL),157.0616888888889,3.0368190047775556,DEFENSE,5,,,OREB,,"#2 George, #11 Ndongo, #13 Kelly, #14 Reeves, #10 Dowuona",,X2,,,,,
Game #6 - Duke 12-2-23 (FINAL),168.91196666666667,22.938355555555574,DEFENSE,6,,,P/R,,"#2 George, #11 Ndongo, #13 Kelly, #14 Reeves, #10 Dowuona",,TO,,,,,
Game #6 - Duke 12-2-23 (FINAL),219.08840000000004,11.42289999999997,DEFENSE,7,,,P/R,,"#2 George, #11 Ndongo, #13 Kelly, #14 Reeves, #10 Dowuona",,X3,,,,,
Game #6 - Duke 12-2-23 (FINAL),249.21633659366643,23.19814511900006,DEFENSE,8,,,DK/MVMT,,"#2 George, #23 Sacko, #13 Kelly, #14 Reeves, #10 Dowuona",,TO,,,,,
Game #6 - Duke 12-2-23 (FINAL),324.5330333333333,9.384605256999748,DEFENSE,9,"Transition D, D Foul",,,,"#2 George, #23 Sacko, #13 Kelly, #14 Reeves, #10 Dowuona",,X2F,,TRANSITION,,,
Game #6 - Duke 12-2-23 (FINAL),361.0677,9.751266666666652,DEFENSE,10,,,,,"#2 George, #23 Sacko, #13 Kelly, #14 Reeves, #10 Dowuona",,FT - MK,,TRANSITION,,,
Game #6 - Duke 12-2-23 (FINAL),379.2161611090001,8.400939500666482,DEFENSE,11,,,,,"#2 George, #23 Sacko, #13 Kelly, #14 Reeves, #10 Dowuona",,FT - MI,,TRANSITION,,,
Game #6 - Duke 12-2-23 (FINAL),412.91064487266664,12.887088460666746,DEFENSE,12,,,P/R,,"#2 George, #23 Sacko, #13 Kelly, #14 Reeves, #10 Dowuona",,X2,,,,,
Game #6 - Duke 12-2-23 (FINAL),432.71690000000007,7.086477777777759,DEFENSE,13,"Transition D, Opp Off Reb",,,,"#2 George, #23 Sacko, #13 Kelly, #14 Reeves, #10 Dowuona",,X2,,TRANSITION,,,
Game #6 - Duke 12-2-23 (FINAL),439.8033777777778,4.214955555555548,DEFENSE,14,D Foul,,OREB,,"#2 George, #23 Sacko, #13 Kelly, #14 Reeves, #10 Dowuona",,X2F,,,,,
Game #6 - Duke 12-2-23 (FINAL),492.91549473166646,5.596646250333492,DEFENSE,15,,,OREB,,"#2 George, #23 Sacko, #13 Kelly, #14 Reeves, #10 Dowuona",,FT - MI,,,,,
Game #6 - Duke 12-2-23 (FINAL),508.65226666666666,10.500000000000057,DEFENSE,16,,,OREB,,"#2 George, #23 Sacko, #13 Kelly, #14 Reeves, #10 Dowuona",,FT - MK,,,,,
Game #6 - Duke 12-2-23 (FINAL),554.6856333336666,11.758311110777754,DEFENSE,17,D Foul,,DK/MVMT,,"#1 Sturdivant, #23 Sacko, #13 Kelly, #3 Coleman, #10 Dowuona",,,,,,,
Game #6 - Duke 12-2-23 (FINAL),576.2022666666667,22.071033333333276,DEFENSE,18,BLOB Def,,P/R,,"#1 Sturdivant, #11 Ndongo, #13 Kelly, #3 Coleman, #12 Claude",,X3,,,,,
Game #6 - Duke 12-2-23 (FINAL),622.2175111111112,7.255733333333296,DEFENSE,19,"Transition D, Opp Off Reb",,,,"#1 Sturdivant, #11 Ndongo, #13 Kelly, #3 Coleman, #12 Claude",,X2,,TRANSITION,,,
Game #6 - Duke 12-2-23 (FINAL),636.2713666666666,17.144471354999723,DEFENSE,20,SLOB Def,,P/R,,"#1 Sturdivant, #11 Ndongo, #13 Kelly, #3 Coleman, #12 Claude",,O2,,,,,
Game #6 - Duke 12-2-23 (FINAL),753.5522999996667,16.84999999999991,DEFENSE,21,,,OFF BALL SCREEN,,"#1 Sturdivant, #11 Ndongo, #4 Murphy, #3 Coleman, #12 Claude",,O3,,,,,
Game #6 - Duke 12-2-23 (FINAL),788.1522666666667,21.033366666999882,DEFENSE,22,,,DK/MVMT,,"#1 Sturdivant, #11 Ndongo, #4 Murphy, #3 Coleman, #12 Claude",,X3,,,,,
Game #6 - Duke 12-2-23 (FINAL),813.6689666666666,3.2792333333334227,DEFENSE,23,Transition D,,,,"#1 Sturdivant, #11 Ndongo, #4 Murphy, #3 Coleman, #12 Claude",,O2,,TRANSITION,,,
Game #6 - Duke 12-2-23 (FINAL),880.0275168956666,21.67716088211114,DEFENSE,24,,,P/R,,"#2 George, #11 Ndongo, #13 Kelly, #14 Reeves, #12 Claude",,X2,,,,,
Game #6 - Duke 12-2-23 (FINAL),931.952,19.27222536833301,DEFENSE,25,D Foul,,P/R,,"#2 George, #11 Ndongo, #13 Kelly, #14 Reeves, #12 Claude",,X2F,,,,,
Game #6 - Duke 12-2-23 (FINAL),978.402,5.0,DEFENSE,26,,,P/R,,"#2 George, #11 Ndongo, #13 Kelly, #14 Reeves, #12 Claude",,FT - MI,,,,,
Game #6 - Duke 12-2-23 (FINAL),995.6686333333332,3.5,DEFENSE,27,,,P/R,,"#2 George, #11 Ndongo, #13 Kelly, #14 Reeves, #12 Claude",,FT - MK,,,,,
Game #6 - Duke 12-2-23 (FINAL),1025.8953777777776,15.739955555555753,DEFENSE,28,,,P/R,,"#2 George, #11 Ndongo, #13 Kelly, #14 Reeves, #12 Claude",,O2,,,,,
Game #6 - Duke 12-2-23 (FINAL),1063.8299762589995,16.088657074333696,DEFENSE,29,,,P/R,,"#2 George, #11 Ndongo, #13 Kelly, #14 Reeves, #12 Claude",,O2,,,,,
Game #6 - Duke 12-2-23 (FINAL),1097.1186333333333,8.983366666666598,DEFENSE,30,Transition D,,,,"#2 George, #11 Ndongo, #13 Kelly, #14 Reeves, #12 Claude",,O2,,TRANSITION,,,
Game #6 - Duke 12-2-23 (FINAL),1172.3864666666666,5.176600000000008,DEFENSE,31,Transition D,,,,"#1 Sturdivant, #11 Ndongo, #13 Kelly, #14 Reeves, #12 Claude",,O2,,TRANSITION,,,
Game #6 - Duke 12-2-23 (FINAL),1186.0625666666667,4.383833332999984,DEFENSE,32,Transition D,,,,"#1 Sturdivant, #11 Ndongo, #13 Kelly, #14 Reeves, #12 Claude",,X2,,TRANSITION,,,
Game #6 - Duke 12-2-23 (FINAL),1224.8797333336668,11.720733332999998,DEFENSE,33,Opp Off Reb,,P/R,,"#1 Sturdivant, #11 Ndongo, #13 Kelly, #14 Reeves, #12 Claude",,X3,,,,,
Game #6 - Duke 12-2-23 (FINAL),1236.6004666666668,16.0891444444444,DEFENSE,34,Opp Off Reb,,P/R,,"#1 Sturdivant, #11 Ndongo, #13 Kelly, #14 Reeves, #12 Claude",,X2,,,,,
Game #6 - Duke 12-2-23 (FINAL),1252.6896111111112,6.119863603222029,DEFENSE,35,,,OREB,,"#1 Sturdivant, #11 Ndongo, #13 Kelly, #14 Reeves, #12 Claude",,O3,,,,,
Game #6 - Duke 12-2-23 (FINAL),1277.7297333333333,13.876388888888869,DEFENSE,36,,,P/R,,"#1 Sturdivant, #11 Ndongo, #13 Kelly, #14 Reeves, #12 Claude",,X2,,,,,
Game #6 - Duke 12-2-23 (FINAL),1319.3682333333331,6.961500000333672,DEFENSE,37,Transition D,,,,"#1 Sturdivant, #11 Ndongo, #13 Kelly, #14 Reeves, #12 Claude",,X3,,TRANSITION,,,
Game #6 - Duke 12-2-23 (FINAL),1337.9963666666667,21.1242666666667,DEFENSE,38,,,DK/MVMT,,"#1 Sturdivant, #11 Ndongo, #13 Kelly, #14 Reeves, #12 Claude",,X2,,,,,
Game #6 - Duke 12-2-23 (FINAL),1463.0963666666667,29.283366666999882,DEFENSE,39,,,P/R,,"#1 Sturdivant, #3 Coleman, #13 Kelly, #14 Reeves, #10 Dowuona",,O2,,,,,
Game #6 - Duke 12-2-23 (FINAL),1513.2588333333333,16.70010000000002,DEFENSE,40,Opp Off Reb,,P/R,,"#1 Sturdivant, #3 Coleman, #13 Kelly, #14 Reeves, #10 Dowuona",,X3,,,,,
Game #6 - Duke 12-2-23 (FINAL),1529.9589333333333,6.7708000003335655,DEFENSE,41,,,OREB,,"#1 Sturdivant, #3 Coleman, #13 Kelly, #14 Reeves, #10 Dowuona",,O2,,,,,
Game #6 - Duke 12-2-23 (FINAL),1563.8463999996666,15.046133333666603,DEFENSE,42,,,P/R,,"#1 Sturdivant, #3 Coleman, #13 Kelly, #14 Reeves, #10 Dowuona",,X3,,,,,
Game #6 - Duke 12-2-23 (FINAL),1590.8463999996666,10.083333333666815,DEFENSE,43,,,P/R,,"#1 Sturdivant, #3 Coleman, #13 Kelly, #14 Reeves, #10 Dowuona",,O2,,,,,
Game #6 - Duke 12-2-23 (FINAL),1671.7750999999998,19.350800000000163,DEFENSE,44,,,POST,,"#2 George, #3 Coleman, #13 Kelly, #14 Reeves, #11 Ndongo",,X2,,,,,
Game #6 - Duke 12-2-23 (FINAL),1699.208433333,15.133333334000326,DEFENSE,45,,,DK/MVMT,,"#2 George, #3 Coleman, #13 Kelly, #14 Reeves, #11 Ndongo",,X2,,,,,
Game #6 - Duke 12-2-23 (FINAL),1729.6583999999998,29.66670000000022,DEFENSE,46,,,ISO,,"#2 George, #3 Coleman, #13 Kelly, #14 Reeves, #11 Ndongo",,O2,,,,,
Game #6 - Duke 12-2-23 (FINAL),1794.0953111111112,5.263122221888807,DEFENSE,47,,,,,"#2 George, #3 Coleman, #13 Kelly, #14 Reeves, #11 Ndongo",,,,,,,
Game #6 - Duke 12-2-23 (FINAL),1814.1513333333337,15.438533333332998,DEFENSE,48,,,POST,,"#2 George, #10 Dowuona, #13 Kelly, #14 Reeves, #11 Ndongo",,X2,,,,,
Game #6 - Duke 12-2-23 (FINAL),1849.9180000006668,34.16773333266656,DEFENSE,49,Opp Off Reb,,ISO,,"#2 George, #10 Dowuona, #13 Kelly, #14 Reeves, #11 Ndongo",,X3,,,,,
Game #6 - Duke 12-2-23 (FINAL),1884.0857333333333,8.660403870333084,DEFENSE,50,D Foul,,DK/MVMT,,"#2 George, #10 Dowuona, #13 Kelly, #14 Reeves, #11 Ndongo",,X2F,,,,,
Game #6 - Duke 12-2-23 (FINAL),1917.1013333333335,4.0,DEFENSE,51,,,DK/MVMT,,"#2 George, #10 Dowuona, #13 Kelly, #14 Reeves, #11 Ndongo",,FT - MI,,,,,
Game #6 - Duke 12-2-23 (FINAL),1931.4487433076665,4.999497832999168,DEFENSE,52,,,DK/MVMT,,"#2 George, #10 Dowuona, #13 Kelly, #14 Reeves, #11 Ndongo",,FT - MK,,,,,
Game #6 - Duke 12-2-23 (FINAL),2015.8513333333335,21.695773843332972,DEFENSE,53,Opp Off Reb,,POST,,"#2 George, #10 Dowuona, #13 Kelly, #14 Reeves, #11 Ndongo",,X2,,,,,
Game #6 - Duke 12-2-23 (FINAL),2040.8521333333333,9.649200000333622,DEFENSE,54,BLOB Def,,BLOB,,"#2 George, #10 Dowuona, #13 Kelly, #14 Reeves, #11 Ndongo",,X3,,,,,
Game #6 - Duke 12-2-23 (FINAL),2061.134666666667,9.449999999999818,DEFENSE,55,,,DK/MVMT,,"#2 George, #10 Dowuona, #13 Kelly, #14 Reeves, #11 Ndongo",,O2,,,,,
Game #6 - Duke 12-2-23 (FINAL),2093.2513333333336,29.56247777777753,DEFENSE,56,Opp Off Reb,,DK/MVMT,,"#2 George, #10 Dowuona, #13 Kelly, #14 Reeves, #11 Ndongo",,X2,,,,,
Game #6 - Duke 12-2-23 (FINAL),2122.813811111111,6.604188888888984,DEFENSE,57,D Foul,,OREB,,"#2 George, #10 Dowuona, #13 Kelly, #14 Reeves, #11 Ndongo",,X3F,,,,,
Game #6 - Duke 12-2-23 (FINAL),2154.934666666667,8.266666666666424,DEFENSE,58,,,OREB,,"#2 George, #10 Dowuona, #13 Kelly, #14 Reeves, #11 Ndongo",,FT - MK,,,,,
Game #6 - Duke 12-2-23 (FINAL),2187.9680000000003,12.740399999999681,DEFENSE,59,,,OREB,,"#2 George, #10 Dowuona, #13 Kelly, #14 Reeves, #11 Ndongo",,FT - MK,,,,,
Game #6 - Duke 12-2-23 (FINAL),2214.703066666667,3.7649333333333743,DEFENSE,60,,,OREB,,"#2 George, #10 Dowuona, #13 Kelly, #14 Reeves, #11 Ndongo",,FT - MK,,,,,
Game #6 - Duke 12-2-23 (FINAL),2329.7172555555558,10.431341740777043,DEFENSE,61,Transition D,,,,"#2 George, #10 Dowuona, #13 Kelly, #14 Reeves, #3 Coleman",,O2,,TRANSITION,,,
Game #6 - Duke 12-2-23 (FINAL),2354.047705376333,5.669572401444839,DEFENSE,62,Transition D,,,,"#2 George, #10 Dowuona, #13 Kelly, #14 Reeves, #3 Coleman",,X3,,TRANSITION,,,
Game #6 - Duke 12-2-23 (FINAL),2373.9680000000003,23.266666666666424,DEFENSE,63,,,CUT,,"#2 George, #10 Dowuona, #13 Kelly, #14 Reeves, #3 Coleman",,O2,,,,,
Game #6 - Duke 12-2-23 (FINAL),2428.5180000006667,26.133333333000337,DEFENSE,64,Opp Off Reb,,DK/MVMT,,"#2 George, #10 Dowuona, #13 Kelly, #14 Reeves, #3 Coleman",,X2,,,,,
Game #6 - Duke 12-2-23 (FINAL),2454.651333333667,5.166666666999845,DEFENSE,65,D Foul,,OREB,,"#2 George, #10 Dowuona, #13 Kelly, #14 Reeves, #3 Coleman",,X2F,,,,,
Game #6 - Duke 12-2-23 (FINAL),2476.033909524667,9.101512666333292,DEFENSE,66,,,OREB,,"#2 George, #10 Dowuona, #13 Kelly, #14 Reeves, #3 Coleman",,FT - MK,,,,,
Game #6 - Duke 12-2-23 (FINAL),2494.131536435333,6.621319120222779,DEFENSE,67,,,OREB,,"#2 George, #10 Dowuona, #13 Kelly, #14 Reeves, #3 Coleman",,FT - MI,,,,,
Game #6 - Duke 12-2-23 (FINAL),2564.039033333334,31.23986666666633,DEFENSE,68,,,DK/MVMT,,"#2 George, #12 Claude, #1 Sturdivant, #11 Ndongo, #3 Coleman",,TO,,,,,
Game #6 - Duke 12-2-23 (FINAL),2620.3873000003337,13.016666667000209,DEFENSE,69,,,POST,,"#2 George, #12 Claude, #1 Sturdivant, #11 Ndongo, #3 Coleman",,O2,,,,,
Game #6 - Duke 12-2-23 (FINAL),2654.507333333334,12.55696666666654,DEFENSE,70,D Foul,,POST,,"#2 George, #12 Claude, #1 Sturdivant, #11 Ndongo, #3 Coleman",,,,,,,
Game #6 - Duke 12-2-23 (FINAL),2696.2523862390003,19.25291376133373,DEFENSE,71,BLOB Def,,BLOB,,"#13 Kelly, #12 Claude, #1 Sturdivant, #11 Ndongo, #3 Coleman",,,,,,,
Game #6 - Duke 12-2-23 (FINAL),2751.8886333333344,32.64686666666694,DEFENSE,72,,,DK/MVMT,,"#13 Kelly, #12 Claude, #1 Sturdivant, #11 Ndongo, #3 Coleman",,TO,,,,,
Game #6 - Duke 12-2-23 (FINAL),2850.3716777777786,7.30598888888926,DEFENSE,73,Transition D,,,,"#13 Kelly, #12 Claude, #1 Sturdivant, #11 Ndongo, #3 Coleman",,X2,,TRANSITION,,,
Game #6 - Duke 12-2-23 (FINAL),2919.9766511460007,15.212282187334495,DEFENSE,74,,,POST,,"#13 Kelly, #12 Claude, #1 Sturdivant, #14 Reeves, #3 Coleman",,O2,,,,,
Game #6 - Duke 12-2-23 (FINAL),2951.3322666670015,6.920088888555256,DEFENSE,75,Transition D,,,,"#13 Kelly, #12 Claude, #1 Sturdivant, #14 Reeves, #3 Coleman",,X2,,TRANSITION,,,
Game #6 - Duke 12-2-23 (FINAL),2965.9822666666682,7.783300000000054,DEFENSE,76,Transition D,,,,"#13 Kelly, #12 Claude, #1 Sturdivant, #14 Reeves, #3 Coleman",,O3,,TRANSITION,,,
Game #6 - Duke 12-2-23 (FINAL),3007.648933333335,29.199999999999818,DEFENSE,77,,,P/R,,"#13 Kelly, #12 Claude, #1 Sturdivant, #14 Reeves, #3 Coleman",,O2,,,,,
Game #6 - Duke 12-2-23 (FINAL),3053.035944444446,5.902833333332637,DEFENSE,78,Transition D,,,,"#13 Kelly, #12 Claude, #1 Sturdivant, #14 Reeves, #3 Coleman",,O2,,TRANSITION,,,
Game #6 - Duke 12-2-23 (FINAL),3119.4600111111126,27.775677777777673,DEFENSE,79,,,P/R,,"#13 Kelly, #10 Dowuona, #2 George, #14 Reeves, #11 Ndongo",,X2,,,,,
Game #6 - Duke 12-2-23 (FINAL),3179.3075000000013,9.766666666666424,DEFENSE,80,,,,,,,,,,,,
Game #6 - Duke 12-2-23 (FINAL),3205.8385924380013,22.43877422866717,DEFENSE,81,SLOB Def,,P/R,,"#13 Kelly, #10 Dowuona, #2 George, #14 Reeves, #12 Claude",,O2,,,,,
Game #6 - Duke 12-2-23 (FINAL),3254.9940333333348,24.355166666667174,DEFENSE,82,,,P/R,,"#13 Kelly, #10 Dowuona, #2 George, #14 Reeves, #12 Claude",,O3,,,,,
Game #6 - Duke 12-2-23 (FINAL),3369.427366666668,11.913293558000078,DEFENSE,83,,,,,"#13 Kelly, #10 Dowuona, #2 George, #14 Reeves, #12 Claude",,,,,,,
Game #6 - Duke 12-2-23 (FINAL),3389.776533333335,20.066666666666606,DEFENSE,84,"SLOB Def, D Foul",,OFF BALL SCREEN,,"#13 Kelly, #10 Dowuona, #2 George, #14 Reeves, #12 Claude",,X2F,,,,,
Game #6 - Duke 12-2-23 (FINAL),3431.509103226001,3.425685662889009,DEFENSE,85,,,OFF BALL SCREEN,,"#13 Kelly, #10 Dowuona, #2 George, #14 Reeves, #12 Claude",,FT - MI,,,,,
Game #6 - Duke 12-2-23 (FINAL),3453.0064433146667,8.045301129779546,DEFENSE,86,Opp Off Reb,,OFF BALL SCREEN,,"#13 Kelly, #10 Dowuona, #2 George, #14 Reeves, #12 Claude",,FT - MI,,,,,
Game #6 - Duke 12-2-23 (FINAL),3461.0517444444463,15.140544444444458,DEFENSE,87,Opp Off Reb,,P/R,,"#13 Kelly, #10 Dowuona, #2 George, #14 Reeves, #3 Coleman",,X2,,,,,
Game #6 - Duke 12-2-23 (FINAL),3476.1922888888907,3.0135240174440696,DEFENSE,88,D Foul,,OREB,,"#13 Kelly, #10 Dowuona, #2 George, #14 Reeves, #3 Coleman",,X2F,,,,,
Game #6 - Duke 12-2-23 (FINAL),3510.804375145334,4.80383458399956,DEFENSE,89,,,OREB,,"#13 Kelly, #10 Dowuona, #2 George, #14 Reeves, #3 Coleman",,FT - MK,,,,,
Game #6 - Duke 12-2-23 (FINAL),3543.9048411866675,8.297416374667591,DEFENSE,90,,,OREB,,"#13 Kelly, #10 Dowuona, #2 George, #14 Reeves, #3 Coleman",,FT - MK,,,,,
Game #6 - Duke 12-2-23 (FINAL),3572.736133333335,17.15706666666665,DEFENSE,91,D Foul,,P/R,,"#13 Kelly, #10 Dowuona, #2 George, #14 Reeves, #3 Coleman",,,,,,,
Game #6 - Duke 12-2-23 (FINAL),3599.4989666666684,7.016666666667334,DEFENSE,92,,,P/R,,"#13 Kelly, #10 Dowuona, #2 George, #14 Reeves, #3 Coleman",,FT - MK,,,,,
Game #6 - Duke 12-2-23 (FINAL),3618.5419796013343,4.405563959000574,DEFENSE,93,,,P/R,,"#13 Kelly, #10 Dowuona, #2 George, #14 Reeves, #3 Coleman",,FT - MK,,,,,
Game #6 - Duke 12-2-23 (FINAL),3637.989511111113,25.85763333333307,DEFENSE,94,,,POST,,"#13 Kelly, #11 Ndongo, #2 George, #14 Reeves, #3 Coleman",,X2,,,,,
Game #6 - Duke 12-2-23 (FINAL),3683.7989666666685,24.266666666666424,DEFENSE,95,D Foul,,P/R,,"#13 Kelly, #11 Ndongo, #2 George, #14 Reeves, #3 Coleman",,O2F,,,,,
Game #6 - Duke 12-2-23 (FINAL),3734.0823000000023,6.25783333333311,DEFENSE,96,Opp Off Reb,,P/R,,"#13 Kelly, #11 Ndongo, #2 George, #14 Reeves, #3 Coleman",,FT - MI,,,,,
Game #6 - Duke 12-2-23 (FINAL),3740.3401333333354,20.57549999999992,DEFENSE,97,,,CUT,,"#13 Kelly, #11 Ndongo, #2 George, #14 Reeves, #3 Coleman",,O2,,,,,
Game #6 - Duke 12-2-23 (FINAL),3856.043879528335,23.18958546333397,DEFENSE,98,,,P/R,,"#13 Kelly, #11 Ndongo, #2 George, #14 Reeves, #3 Coleman",,O2,,,,,
Game #6 - Duke 12-2-23 (FINAL),3922.0756075616687,34.698859988998265,DEFENSE,99,,,ISO,,"#13 Kelly, #11 Ndongo, #2 George, #14 Reeves, #10 Dowuona",,TO,,,,,
Game #6 - Duke 12-2-23 (FINAL),3995.8726933776675,11.604585834333193,DEFENSE,100,,,P/R,,"#13 Kelly, #11 Ndongo, #2 George, #14 Reeves, #3 Coleman",,TO,,,,,
Game #6 - Duke 12-2-23 (FINAL),4090.0130666666687,8.01666666666597,DEFENSE,101,,,,,,,,,,,,
Game #6 - Duke 12-2-23 (FINAL),4115.897902774668,23.227630558667443,DEFENSE,102,SLOB Def,,P/R,,"#13 Kelly, #11 Ndongo, #2 George, #14 Reeves, #10 Dowuona",,,,,,,
Game #6 - Duke 12-2-23 (FINAL),4223.184300000001,19.516666667333993,DEFENSE,103,BLOB Def,,BLOB,,"#13 Kelly, #11 Ndongo, #2 George, #14 Reeves, #10 Dowuona",,X2,,,,,
Game #6 - Duke 12-2-23 (FINAL),22.56311111111111,8.0,OPP 2PT Shot,1,,,,,,,,,,,,
Game #6 - Duke 12-2-23 (FINAL),71.361466667,8.0,OPP 2PT Shot,2,,,,,,,,,,,,
Game #6 - Duke 12-2-23 (FINAL),150.18534444444447,8.0,OPP 2PT Shot,3,,,,,,,,,,,,
Game #6 - Duke 12-2-23 (FINAL),152.80436666666668,8.0,OPP 2PT Shot,4,,,,,,,,,,,,
Game #6 - Duke 12-2-23 (FINAL),182.57103333366666,8.0,OPP 2PT Shot,5,,,,,,,,,,,,
Game #6 - Duke 12-2-23 (FINAL),326.05283333333335,8.0,OPP 2PT Shot,6,,,,,,,,,,,,
Game #6 - Duke 12-2-23 (FINAL),418.3689666666667,8.0,OPP 2PT Shot,7,,,,,,,,,,,,
Game #6 - Duke 12-2-23 (FINAL),433.0032333333333,8.0,OPP 2PT Shot,8,,,,,,,,,,,,
Game #6 - Duke 12-2-23 (FINAL),436.1485777777778,8.0,OPP 2PT Shot,9,,,,,,,,,,,,
Game #6 - Duke 12-2-23 (FINAL),619.6856333336666,8.0,OPP 2PT Shot,10,,,,,,,,,,,,
Game #6 - Duke 12-2-23 (FINAL),810.6982,8.0,OPP 2PT Shot,11,,,,,,,,,,,,
Game #6 - Duke 12-2-23 (FINAL),894.517288888889,8.0,OPP 2PT Shot,12,,,,,,,,,,,,
Game #6 - Duke 12-2-23 (FINAL),942.8382111111111,8.0,OPP 2PT Shot,13,,,,,,,,,,,,
Game #6 - Duke 12-2-23 (FINAL),1033.3704777777778,8.0,OPP 2PT Shot,14,,,,,,,,,,,,
Game #6 - Duke 12-2-23 (FINAL),1070.6686666663334,8.0,OPP 2PT Shot,15,,,,,,,,,,,,
Game #6 - Duke 12-2-23 (FINAL),1096.0853333333332,8.0,OPP 2PT Shot,16,,,,,,,,,,,,
Game #6 - Duke 12-2-23 (FINAL),1170.312311111111,8.0,OPP 2PT Shot,17,,,,,,,,,,,,
Game #6 - Duke 12-2-23 (FINAL),1183.8055666666667,8.0,OPP 2PT Shot,18,,,,,,,,,,,,
Game #6 - Duke 12-2-23 (FINAL),1245.2797333336666,8.0,OPP 2PT Shot,19,,,,,,,,,,,,
Game #6 - Duke 12-2-23 (FINAL),1285.1948444444445,8.0,OPP 2PT Shot,20,,,,,,,,,,,,
Game #6 - Duke 12-2-23 (FINAL),1352.8247777777779,8.0,OPP 2PT Shot,21,,,,,,,,,,,,
Game #6 - Duke 12-2-23 (FINAL),1484.8465222222221,8.0,OPP 2PT Shot,22,,,,,,,,,,,,
Game #6 - Duke 12-2-23 (FINAL),1529.1982444444443,8.0,OPP 2PT Shot,23,,,,,,,,,,,,
Game #6 - Duke 12-2-23 (FINAL),1593.4130666666665,8.0,OPP 2PT Shot,24,,,,,,,,,,,,
Game #6 - Duke 12-2-23 (FINAL),1684.758433333,8.0,OPP 2PT Shot,25,,,,,,,,,,,,
Game #6 - Duke 12-2-23 (FINAL),1706.7619111111112,8.0,OPP 2PT Shot,26,,,,,,,,,,,,
Game #6 - Duke 12-2-23 (FINAL),1751.3125444444445,8.0,OPP 2PT Shot,27,,,,,,,,,,,,
Game #6 - Duke 12-2-23 (FINAL),1823.4080333333336,8.0,OPP 2PT Shot,28,,,,,,,,,,,,
Game #6 - Duke 12-2-23 (FINAL),1884.4904222222222,8.0,OPP 2PT Shot,29,,,,,,,,,,,,
Game #6 - Duke 12-2-23 (FINAL),2026.3814111111114,8.0,OPP 2PT Shot,30,,,,,,,,,,,,
Game #6 - Duke 12-2-23 (FINAL),2063.1164222222224,8.0,OPP 2PT Shot,31,,,,,,,,,,,,
Game #6 - Duke 12-2-23 (FINAL),2115.2010444444445,8.0,OPP 2PT Shot,32,,,,,,,,,,,,
Game #6 - Duke 12-2-23 (FINAL),2331.9357,8.0,OPP 2PT Shot,33,,,,,,,,,,,,
Game #6 - Duke 12-2-23 (FINAL),2389.7290888888892,8.0,OPP 2PT Shot,34,,,,,,,,,,,,
Game #6 - Duke 12-2-23 (FINAL),2447.5513333333333,8.0,OPP 2PT Shot,35,,,,,,,,,,,,
Game #6 - Duke 12-2-23 (FINAL),2451.5660000000003,8.0,OPP 2PT Shot,36,,,,,,,,,,,,
Game #6 - Duke 12-2-23 (FINAL),2625.628677777778,8.0,OPP 2PT Shot,37,,,,,,,,,,,,
Game #6 - Duke 12-2-23 (FINAL),2850.905300000001,8.0,OPP 2PT Shot,38,,,,,,,,,,,,
Game #6 - Duke 12-2-23 (FINAL),2927.6889444444455,8.0,OPP 2PT Shot,39,,,,,,,,,,,,
Game #6 - Duke 12-2-23 (FINAL),2951.949855555557,8.0,OPP 2PT Shot,40,,,,,,,,,,,,
Game #6 - Duke 12-2-23 (FINAL),3029.3482333333345,8.0,OPP 2PT Shot,41,,,,,,,,,,,,
Game #6 - Duke 12-2-23 (FINAL),3051.698877777779,8.0,OPP 2PT Shot,42,,,,,,,,,,,,
Game #6 - Duke 12-2-23 (FINAL),3138.804933333335,8.0,OPP 2PT Shot,43,,,,,,,,,,,,
Game #6 - Duke 12-2-23 (FINAL),3220.764155555557,8.0,OPP 2PT Shot,44,,,,,,,,,,,,
Game #6 - Duke 12-2-23 (FINAL),3401.0826222222236,8.0,OPP 2PT Shot,45,,,,,,,,,,,,
Game #6 - Duke 12-2-23 (FINAL),3468.946444444446,8.0,OPP 2PT Shot,46,,,,,,,,,,,,
Game #6 - Duke 12-2-23 (FINAL),3471.744533333335,8.0,OPP 2PT Shot,47,,,,,,,,,,,,
Game #6 - Duke 12-2-23 (FINAL),3657.5081111111126,8.0,OPP 2PT Shot,48,,,,,,,,,,,,
Game #6 - Duke 12-2-23 (FINAL),3699.808444444446,8.0,OPP 2PT Shot,49,,,,,,,,,,,,
Game #6 - Duke 12-2-23 (FINAL),3752.89927777778,8.0,OPP 2PT Shot,50,,,,,,,,,,,,
Game #6 - Duke 12-2-23 (FINAL),3871.5644888888905,8.0,OPP 2PT Shot,51,,,,,,,,,,,,
Game #6 - Duke 12-2-23 (FINAL),4235.917633333334,8.0,OPP 2PT Shot,52,,,,,,,,,,,,
Game #6 - Duke 12-2-23 (FINAL),44.5561,8.0,FGA - Ndongo #11,1,,,,,,,,,,,,
Game #6 - Duke 12-2-23 (FINAL),103.56037777777777,8.0,FGA - Ndongo #11,2,,,,,,,,,,,,
Game #6 - Duke 12-2-23 (FINAL),696.9022999996666,8.0,FGA - Ndongo #11,3,,,,,,,,,,,,
Game #6 - Duke 12-2-23 (FINAL),779.4022999996666,8.0,FGA - Ndongo #11,4,,,,,,,,,,,,
Game #6 - Duke 12-2-23 (FINAL),833.3574333333333,8.0,FGA - Ndongo #11,5,,,,,,,,,,,,
Game #6 - Duke 12-2-23 (FINAL),924.4388666666666,8.0,FGA - Ndongo #11,6,,,,,,,,,,,,
Game #6 - Duke 12-2-23 (FINAL),1269.4797333336667,8.0,FGA - Ndongo #11,7,,,,,,,,,,,,
Game #6 - Duke 12-2-23 (FINAL),1976.7877444444448,8.0,FGA - Ndongo #11,8,,,,,,,,,,,,
Game #6 - Duke 12-2-23 (FINAL),2085.4987333333333,8.0,FGA - Ndongo #11,9,,,,,,,,,,,,
Game #6 - Duke 12-2-23 (FINAL),3171.189377777779,8.0,FGA - Ndongo #11,10,,,,,,,,,,,,
Game #6 - Duke 12-2-23 (FINAL),3887.5660555555573,8.0,FGA - Ndongo #11,11,,,,,,,,,,,,
Game #6 - Duke 12-2-23 (FINAL),3985.826522222224,8.0,FGA - Ndongo #11,12,,,,,,,,,,,,
Game #6 - Duke 12-2-23 (FINAL),123.83805555555557,8.0,OPP 3PT Shot,1,,,,,,,,,,,,
Game #6 - Duke 12-2-23 (FINAL),222.7710333336667,8.0,OPP 3PT Shot,2,,,,,,,,,,,,
Game #6 - Duke 12-2-23 (FINAL),589.8848333333333,8.0,OPP 3PT Shot,3,,,,,,,,,,,,
Game #6 - Duke 12-2-23 (FINAL),645.8378888888888,8.0,OPP 3PT Shot,4,,,,,,,,,,,,
Game #6 - Duke 12-2-23 (FINAL),761.8844777777776,8.0,OPP 3PT Shot,5,,,,,,,,,,,,
Game #6 - Duke 12-2-23 (FINAL),800.4189666666666,8.0,OPP 3PT Shot,6,,,,,,,,,,,,
Game #6 - Duke 12-2-23 (FINAL),1227.902188888889,8.0,OPP 3PT Shot,7,,,,,,,,,,,,
Game #6 - Duke 12-2-23 (FINAL),1250.5621888888888,8.0,OPP 3PT Shot,8,,,,,,,,,,,,
Game #6 - Duke 12-2-23 (FINAL),1318.6797333333334,8.0,OPP 3PT Shot,9,,,,,,,,,,,,
Game #6 - Duke 12-2-23 (FINAL),1521.6463999996668,8.0,OPP 3PT Shot,10,,,,,,,,,,,,
Game #6 - Duke 12-2-23 (FINAL),1571.3130666666666,8.0,OPP 3PT Shot,11,,,,,,,,,,,,
Game #6 - Duke 12-2-23 (FINAL),1874.7940222222223,8.0,OPP 3PT Shot,12,,,,,,,,,,,,
Game #6 - Duke 12-2-23 (FINAL),2042.118,8.0,OPP 3PT Shot,13,,,,,,,,,,,,
Game #6 - Duke 12-2-23 (FINAL),2119.901333333667,8.0,OPP 3PT Shot,14,,,,,,,,,,,,
Game #6 - Duke 12-2-23 (FINAL),2351.727188888889,8.0,OPP 3PT Shot,15,,,,,,,,,,,,
Game #6 - Duke 12-2-23 (FINAL),2706.0494111111116,8.0,OPP 3PT Shot,16,,,,,,,,,,,,
Game #6 - Duke 12-2-23 (FINAL),2965.515600000001,8.0,OPP 3PT Shot,17,,,,,,,,,,,,
Game #6 - Duke 12-2-23 (FINAL),3270.8492111111123,8.0,OPP 3PT Shot,18,,,,,,,,,,,,
Game #6 - Duke 12-2-23 (FINAL),131.70965555555557,8.0,FGA - Kelly #13,1,,,,,,,,,,,,
Game #6 - Duke 12-2-23 (FINAL),318.3232555555556,8.0,FGA - Kelly #13,2,,,,,,,,,,,,
Game #6 - Duke 12-2-23 (FINAL),425.31896666666665,8.0,FGA - Kelly #13,3,,,,,,,,,,,,
Game #6 - Duke 12-2-23 (FINAL),1504.7588555555558,8.0,FGA - Kelly #13,4,,,,,,,,,,,,
Game #6 - Duke 12-2-23 (FINAL),1556.3142222222223,8.0,FGA - Kelly #13,5,,,,,,,,,,,,
Game #6 - Duke 12-2-23 (FINAL),1615.4485111111112,8.0,FGA - Kelly #13,6,,,,,,,,,,,,
Game #6 - Duke 12-2-23 (FINAL),1664.1751,8.0,FGA - Kelly #13,7,,,,,,,,,,,,
Game #6 - Duke 12-2-23 (FINAL),1722.141766667,8.0,FGA - Kelly #13,8,,,,,,,,,,,,
Game #6 - Duke 12-2-23 (FINAL),1784.362111111111,8.0,FGA - Kelly #13,9,,,,,,,,,,,,
Game #6 - Duke 12-2-23 (FINAL),2234.0183444444447,8.0,FGA - Kelly #13,10,,,,,,,,,,,,
Game #6 - Duke 12-2-23 (FINAL),2307.3547555555556,8.0,FGA - Kelly #13,11,,,,,,,,,,,,
Game #6 - Duke 12-2-23 (FINAL),2346.640655555556,8.0,FGA - Kelly #13,12,,,,,,,,,,,,
Game #6 - Duke 12-2-23 (FINAL),2943.1152000000016,8.0,FGA - Kelly #13,13,,,,,,,,,,,,
Game #6 - Duke 12-2-23 (FINAL),3296.9508666666684,8.0,FGA - Kelly #13,14,,,,,,,,,,,,
Game #6 - Duke 12-2-23 (FINAL),3848.8337888888905,8.0,FGA - Kelly #13,15,,,,,,,,,,,,
Game #6 - Duke 12-2-23 (FINAL),159.9119777777778,8.0,FGA - Reeves #14,1,,,,,,,,,,,,
Game #6 - Duke 12-2-23 (FINAL),236.60430000000002,8.0,FGA - Reeves #14,2,,,,,,,,,,,,
Game #6 - Duke 12-2-23 (FINAL),1290.0297333333333,8.0,FGA - Reeves #14,3,,,,,,,,,,,,
Game #6 - Duke 12-2-23 (FINAL),1329.7298555555558,8.0,FGA - Reeves #14,4,,,,,,,,,,,,
Game #6 - Duke 12-2-23 (FINAL),1841.3846666666668,8.0,FGA - Reeves #14,5,,,,,,,,,,,,
Game #6 - Duke 12-2-23 (FINAL),2365.713388888889,8.0,FGA - Reeves #14,6,,,,,,,,,,,,
Game #6 - Duke 12-2-23 (FINAL),3361.3375777777796,8.0,FGA - Reeves #14,7,,,,,,,,,,,,
Game #6 - Duke 12-2-23 (FINAL),209.8517,8.0,FGA - George #2,1,,,,,,,,,,,,
Game #6 - Duke 12-2-23 (FINAL),1691.3751000000002,8.0,FGA - George #2,2,,,,,,,,,,,,
Game #6 - Duke 12-2-23 (FINAL),2420.735055555556,8.0,FGA - George #2,3,,,,,,,,,,,,
Game #6 - Duke 12-2-23 (FINAL),2612.606666666667,8.0,FGA - George #2,4,,,,,,,,,,,,
Game #6 - Duke 12-2-23 (FINAL),3246.237611111113,8.0,FGA - George #2,5,,,,,,,,,,,,
Game #6 - Duke 12-2-23 (FINAL),3313.6800000000017,8.0,FGA - George #2,6,,,,,,,,,,,,
Game #6 - Duke 12-2-23 (FINAL),0.0,85.11583333333333,GAME,1,,,,,,,,,,,,
Game #6 - Duke 12-2-23 (FINAL),85.11583333333334,162.31016666666665,GAME,2,,,,,,,,,,,,
Game #6 - Duke 12-2-23 (FINAL),247.426,600.8848666666668,GAME,3,,,,,,,,,,,,
Game #6 - Duke 12-2-23 (FINAL),848.3108666666667,266.52549999999997,GAME,4,,,,,,,,,,,,
Game #6 - Duke 12-2-23 (FINAL),1114.8363666666667,516.4381999999998,GAME,5,,,,,,,,,,,,
Game #6 - Duke 12-2-23 (FINAL),1633.5592000000001,178.83486666666658,GAME,6,,,,,,,,,,,,
Game #6 - Duke 12-2-23 (FINAL),1812.3940666666667,655.8232000000003,GAME,7,,,,,,,,,,,,
Game #6 - Duke 12-2-23 (FINAL),2468.217266666667,224.3085000000001,GAME,8,,,,,,,,,,,,
Game #6 - Duke 12-2-23 (FINAL),2692.525766666667,193.10413333333418,GAME,9,,,,,,,,,,,,
Game #6 - Duke 12-2-23 (FINAL),2885.6299000000013,196.7546666666667,GAME,10,,,,,,,,,,,,
Game #6 - Duke 12-2-23 (FINAL),3082.384566666668,113.52603333333354,GAME,11,,,,,,,,,,,,
Game #6 - Duke 12-2-23 (FINAL),3195.9106000000015,191.11183333333338,GAME,12,,,,,,,,,,,,
Game #6 - Duke 12-2-23 (FINAL),3387.022433333335,209.72310000000016,GAME,13,,,,,,,,,,,,
Game #6 - Duke 12-2-23 (FINAL),3596.745533333335,318.0658333333331,GAME,14,,,,,,,,,,,,
Game #6 - Duke 12-2-23 (FINAL),3914.811366666668,194.04023333333362,GAME,15,,,,,,,,,,,,
Game #6 - Duke 12-2-23 (FINAL),4108.851600000002,212.6327000000001,GAME,16,,,,,,,,,,,,
Game #6 - Duke 12-2-23 (FINAL),406.1972555555556,8.0,FGA - Sacko #23,1,,,,,,,,,,,,
Game #6 - Duke 12-2-23 (FINAL),546.6195,8.0,FGA - Coleman #3,1,,,,,,,,,,,,
Game #6 - Duke 12-2-23 (FINAL),2716.312255555556,8.0,FGA - Coleman #3,2,,,,,,,,,,,,
Game #6 - Duke 12-2-23 (FINAL),2845.3716777777786,8.0,FGA - Coleman #3,3,,,,,,,,,,,,
Game #6 - Duke 12-2-23 (FINAL),3564.486133333335,8.0,FGA - Coleman #3,4,,,,,,,,,,,,
Game #6 - Duke 12-2-23 (FINAL),701.6689666666666,8.0,FGA - Claude #12,1,,,,,,,,,,,,
Game #6 - Duke 12-2-23 (FINAL),1019.9491222222223,8.0,FGA - Claude #12,2,,,,,,,,,,,,
Game #6 - Duke 12-2-23 (FINAL),1057.1485222222223,8.0,FGA - Claude #12,3,,,,,,,,,,,,
Game #6 - Duke 12-2-23 (FINAL),1310.0785777777778,8.0,FGA - Claude #12,4,,,,,,,,,,,,
Game #6 - Duke 12-2-23 (FINAL),1311.4297333333334,8.0,FGA - Claude #12,5,,,,,,,,,,,,
Game #6 - Duke 12-2-23 (FINAL),2522.563966666667,8.0,FGA - Claude #12,6,,,,,,,,,,,,
Game #6 - Duke 12-2-23 (FINAL),2958.9699000000014,8.0,FGA - Claude #12,7,,,,,,,,,,,,
Game #6 - Duke 12-2-23 (FINAL),1216.580888888889,8.0,FGA - Sturdivant #1,1,,,,,,,,,,,,
Game #6 - Duke 12-2-23 (FINAL),1405.7630666666669,8.0,FGA - Sturdivant #1,2,,,,,,,,,,,,
Game #6 - Duke 12-2-23 (FINAL),1582.7130666666667,8.0,FGA - Sturdivant #1,3,,,,,,,,,,,,
Game #6 - Duke 12-2-23 (FINAL),2646.5073444444447,8.0,FGA - Sturdivant #1,4,,,,,,,,,,,,
Game #6 - Duke 12-2-23 (FINAL),2857.738600000001,8.0,FGA - Sturdivant #1,5,,,,,,,,,,,,
Game #6 - Duke 12-2-23 (FINAL),2984.3455444444457,8.0,FGA - Sturdivant #1,6,,,,,,,,,,,,
Game #6 - Duke 12-2-23 (FINAL),2053.601333333667,8.0,FGA - Dowuona #10,1,,,,,,,,,,,,