Timeline,Start time,Duration,Row,Instance number,DEFENSE,HALF COURT ACTIONS,OFFENSE,ON COURT,PLAYERS,Result,SHOT AREA,TRANSITION,Ungrouped,Notes,Flags
Game #13 - FSU 1-3-23 (FINAL),0.9607071616462406,21.575841525687082,OFFENSE,1,,DK/MVMT,,"#11 Ndongo, #23 Sacko, #14 Reeves, #2 George, #13 Kelly",,,,,,,
Game #13 - FSU 1-3-23 (FINAL),27.337133333333327,24.37559999999999,OFFENSE,2,,ISO,BLOB Off,"#11 Ndongo, #23 Sacko, #14 Reeves, #2 George, #13 Kelly",Kelly #13,X3,Straightaway 3,,,,
Game #13 - FSU 1-3-23 (FINAL),129.97939999999997,28.510717931333375,OFFENSE,3,,POST,Press O,"#11 Ndongo, #23 Sacko, #14 Reeves, #2 George, #13 Kelly",,,,,,,
Game #13 - FSU 1-3-23 (FINAL),164.4596994186597,7.369700581673612,OFFENSE,4,,,BLOB Off,"#11 Ndongo, #23 Sacko, #14 Reeves, #2 George, #13 Kelly",,,,,,,
Game #13 - FSU 1-3-23 (FINAL),179.4127333333333,16.6765666666667,OFFENSE,5,,DK/MVMT,SLOB Off,"#11 Ndongo, #23 Sacko, #14 Reeves, #2 George, #13 Kelly",Kelly #13,O3,Right Wing 3,,,,
Game #13 - FSU 1-3-23 (FINAL),218.96273333333332,17.95852185900003,OFFENSE,6,,POST,,"#11 Ndongo, #23 Sacko, #14 Reeves, #2 George, #13 Kelly",,,,,,,
Game #13 - FSU 1-3-23 (FINAL),247.47920000000002,10.421862900333366,OFFENSE,7,,BLOB,BLOB Off,"#11 Ndongo, #23 Sacko, #14 Reeves, #2 George, #13 Kelly",,TO,,,,,
Game #13 - FSU 1-3-23 (FINAL),306.5960666663334,4.7999999999999545,OFFENSE,8,,,"Transition O, GT Off Reb","#11 Ndongo, #23 Sacko, #14 Reeves, #2 George, #13 Kelly",Reeves #14,X2,At Rim,TRANSITION,,,
Game #13 - FSU 1-3-23 (FINAL),311.39606666633335,5.166666666999959,OFFENSE,9,,OREB,,"#11 Ndongo, #23 Sacko, #14 Reeves, #2 George, #13 Kelly",George #2,X2,At Rim,,,,
Game #13 - FSU 1-3-23 (FINAL),347.7460666663334,17.466666667000027,OFFENSE,10,,ISO,Press O,"#11 Ndongo, #23 Sacko, #14 Reeves, #2 George, #13 Kelly",Kelly #13,X2,At Rim,,,,
Game #13 - FSU 1-3-23 (FINAL),391.34603333333337,27.366700000000037,OFFENSE,11,,P/R,,"#11 Ndongo, #23 Sacko, #14 Reeves, #2 George, #13 Kelly",,TO,,,,,
Game #13 - FSU 1-3-23 (FINAL),447.70146666666665,20.74459999966666,OFFENSE,12,,P/R,Press O,"#11 Ndongo, #5 Gapare, #14 Reeves, #2 George, #13 Kelly",George #2,X2,Deep Right Wing 2,,,,
Game #13 - FSU 1-3-23 (FINAL),473.33213333333345,23.216666666333253,OFFENSE,13,,ISO,BLOB Off,"#11 Ndongo, #5 Gapare, #14 Reeves, #1 Sturdivant, #3 Coleman",Sturdivant #1,X3,Right Wing 3,,,,
Game #13 - FSU 1-3-23 (FINAL),542.5987666666667,28.850033332999942,OFFENSE,14,,POST,Press O,"#12 Claude, #5 Gapare, #14 Reeves, #1 Sturdivant, #3 Coleman",,TO,,,,,
Game #13 - FSU 1-3-23 (FINAL),601.1987999996667,10.416666666999959,OFFENSE,15,,DK/MVMT,,"#12 Claude, #5 Gapare, #14 Reeves, #1 Sturdivant, #3 Coleman",Reeves #14,X3,Left Wing 3,,,,
Game #13 - FSU 1-3-23 (FINAL),663.6487666666667,19.73333333333335,OFFENSE,16,,DK/MVMT,Press O,"#12 Claude, #5 Gapare, #14 Reeves, #1 Sturdivant, #3 Coleman",,TO,,,,,
Game #13 - FSU 1-3-23 (FINAL),695.6987333333334,25.766733333333377,OFFENSE,17,,DK/MVMT,,"#12 Claude, #5 Gapare, #14 Reeves, #1 Sturdivant, #3 Coleman",Claude #12,O2,At Rim,,,,
Game #13 - FSU 1-3-23 (FINAL),738.0987999996667,29.833333333666815,OFFENSE,18,,DK/MVMT,Press O,"#12 Claude, #5 Gapare, #14 Reeves, #1 Sturdivant, #3 Coleman",Coleman #3,O2,Nail Area 2,,,,
Game #13 - FSU 1-3-23 (FINAL),791.0987999996667,16.98333333366668,OFFENSE,19,,DK/MVMT,,"#12 Claude, #5 Gapare, #14 Reeves, #1 Sturdivant, #3 Coleman",Reeves #14,X2,Right Deep Midrange 2,,,,
Game #13 - FSU 1-3-23 (FINAL),853.540333333,19.300000000000182,OFFENSE,20,,DK/MVMT,,"#11 Ndongo, #5 Gapare, #13 Kelly, #1 Sturdivant, #3 Coleman",Gapare #5,X3,Left Corner 3,,,,
Game #13 - FSU 1-3-23 (FINAL),892.557,10.116666667000118,OFFENSE,21,,,Transition O,"#11 Ndongo, #5 Gapare, #13 Kelly, #1 Sturdivant, #3 Coleman",Sturdivant #1,X2,At Rim,TRANSITION,,,
Game #13 - FSU 1-3-23 (FINAL),914.1070000000002,18.533333332999973,OFFENSE,22,,,,"#11 Ndongo, #5 Gapare, #13 Kelly, #1 Sturdivant, #3 Coleman",,,,,,,
Game #13 - FSU 1-3-23 (FINAL),947.4070000000002,28.25,OFFENSE,23,,DK/MVMT,"BLOB Off, Forced Foul","#11 Ndongo, #5 Gapare, #13 Kelly, #1 Sturdivant, #2 George",,,,,,,
Game #13 - FSU 1-3-23 (FINAL),987.6552838846378,21.99431512536239,OFFENSE,24,,DK/MVMT,BLOB Off,"#11 Ndongo, #5 Gapare, #13 Kelly, #1 Sturdivant, #2 George",,TO,,,,,
Game #13 - FSU 1-3-23 (FINAL),1060.540333333,8.416666667000072,OFFENSE,25,,,Transition O,"#11 Ndongo, #14 Reeves, #13 Kelly, #1 Sturdivant, #2 George",Kelly #13,X3,Right Wing 3,TRANSITION,,,
Game #13 - FSU 1-3-23 (FINAL),1086.457,20.59999999999991,OFFENSE,26,,P/R,Forced Foul,"#11 Ndongo, #14 Reeves, #13 Kelly, #1 Sturdivant, #2 George",,,,,,,
Game #13 - FSU 1-3-23 (FINAL),1128.5537455726537,23.403254427346383,OFFENSE,27,,DK/MVMT,SLOB Off,"#11 Ndongo, #14 Reeves, #13 Kelly, #1 Sturdivant, #2 George",Reeves #14,X3,Right Corner 3,,,,
Game #13 - FSU 1-3-23 (FINAL),1189.4500608780002,28.77940578866651,OFFENSE,28,,DK/MVMT,,"#11 Ndongo, #23 Sacko, #14 Reeves, #2 George, #13 Kelly",Kelly #13,O2,At Rim,,,,
Game #13 - FSU 1-3-23 (FINAL),1242.1835333333333,10.045933333666653,OFFENSE,29,,,"Press O, SLOB Off, Transition O","#11 Ndongo, #23 Sacko, #14 Reeves, #2 George, #13 Kelly",George #2,X3,Left Wing 3,TRANSITION,,,
Game #13 - FSU 1-3-23 (FINAL),1318.6587180783463,16.320748588653714,OFFENSE,30,,P/R,Press O,"#11 Ndongo, #23 Sacko, #14 Reeves, #2 George, #13 Kelly",Sacko #23,X3,Left Corner 3,,,,
Game #13 - FSU 1-3-23 (FINAL),1341.9961333330002,10.149933333666468,OFFENSE,31,,,"Transition O, Forced Foul","#11 Ndongo, #23 Sacko, #14 Reeves, #2 George, #13 Kelly",Reeves #14,O2F,At Rim,TRANSITION,,,
Game #13 - FSU 1-3-23 (FINAL),1378.958315616649,6.504484383351155,OFFENSE,32,,,,"#11 Ndongo, #23 Sacko, #14 Reeves, #2 George, #13 Kelly",,FT - MK,,TRANSITION,,,
Game #13 - FSU 1-3-23 (FINAL),1427.3461000000002,15.366700000000037,OFFENSE,33,,P/R,,"#11 Ndongo, #3 Coleman, #14 Reeves, #2 George, #13 Kelly",,TO,,,,,
Game #13 - FSU 1-3-23 (FINAL),1456.1461333329999,9.56666666700039,OFFENSE,34,,,Transition O,"#11 Ndongo, #3 Coleman, #14 Reeves, #2 George, #13 Kelly",Coleman #3,X3,Right Wing 3,TRANSITION,,,
Game #13 - FSU 1-3-23 (FINAL),1478.2794666670002,22.949999999999818,OFFENSE,35,,P/R,Press O,"#11 Ndongo, #3 Coleman, #14 Reeves, #2 George, #13 Kelly",George #2,O2,Deep Right Wing 2,,,,
Game #13 - FSU 1-3-23 (FINAL),1525.796133333,10.1666666670003,OFFENSE,36,,,"GT Off Reb, Transition O","#11 Ndongo, #3 Coleman, #14 Reeves, #2 George, #13 Kelly",Reeves #14,X3,Right Wing 3,TRANSITION,,,
Game #13 - FSU 1-3-23 (FINAL),1535.9628000000002,7.183333332999609,OFFENSE,37,,DK/MVMT,GT Off Reb,"#11 Ndongo, #3 Coleman, #14 Reeves, #2 George, #13 Kelly",Coleman #3,X3,Left Wing 3,,,,
Game #13 - FSU 1-3-23 (FINAL),1543.1461333329999,2.25,OFFENSE,38,,OREB,,"#11 Ndongo, #3 Coleman, #14 Reeves, #2 George, #13 Kelly",Ndongo #11,O2F,At Rim,,,,
Game #13 - FSU 1-3-23 (FINAL),1578.6794666670003,7.649999999666306,OFFENSE,39,,OREB,,"#11 Ndongo, #3 Coleman, #14 Reeves, #2 George, #13 Kelly",,FT - MK,,,,,
Game #13 - FSU 1-3-23 (FINAL),1604.8794666666668,34.433333333333394,OFFENSE,40,,DK/MVMT,,"#11 Ndongo, #3 Coleman, #14 Reeves, #2 George, #13 Kelly",Sturdivant #1,X3,Right Wing 3,,,,
Game #13 - FSU 1-3-23 (FINAL),1657.9611503756623,23.240345432670892,OFFENSE,41,,P/R,"Press O, Forced Foul","#11 Ndongo, #12 Claude, #14 Reeves, #2 George, #1 Sturdivant",,X2F,,,,,
Game #13 - FSU 1-3-23 (FINAL),1702.4701367673288,6.328030251004748,OFFENSE,42,,P/R,,"#11 Ndongo, #12 Claude, #14 Reeves, #2 George, #1 Sturdivant",,FT - MI,,,,,
Game #13 - FSU 1-3-23 (FINAL),1749.2074333333335,28.666699999999764,OFFENSE,43,,P/R,GT Off Reb,"#11 Ndongo, #13 Kelly, #14 Reeves, #2 George, #1 Sturdivant",Reeves #14,X2,At Rim,,,,
Game #13 - FSU 1-3-23 (FINAL),1777.8741333333332,8.816666666666606,OFFENSE,44,,OREB,"GT Off Reb, Forced Foul","#11 Ndongo, #13 Kelly, #14 Reeves, #2 George, #1 Sturdivant",George #2,,Right Wing 3,,,,
Game #13 - FSU 1-3-23 (FINAL),1820.2074333333335,9.766699999999673,OFFENSE,45,,OREB,,"#11 Ndongo, #13 Kelly, #14 Reeves, #2 George, #1 Sturdivant",,FT - MI,,,,,
Game #13 - FSU 1-3-23 (FINAL),1846.3241333333335,20.666666666666515,OFFENSE,46,,DK/MVMT,GT Off Reb,"#11 Ndongo, #13 Kelly, #14 Reeves, #2 George, #1 Sturdivant",Gapare #5,X3,Left Corner 3,,,,
Game #13 - FSU 1-3-23 (FINAL),1875.2408,23.00000000033333,OFFENSE,47,,ISO,BLOB Off,"#11 Ndongo, #13 Kelly, #14 Reeves, #2 George, #1 Sturdivant",Gapare #5,O2,At Rim,,,,
Game #13 - FSU 1-3-23 (FINAL),1915.2574333333332,26.75003333299992,OFFENSE,48,,POST,,"#11 Ndongo, #13 Kelly, #14 Reeves, #2 George, #1 Sturdivant",,TO,,,,,
Game #13 - FSU 1-3-23 (FINAL),2008.2578000003332,15.516633332999845,OFFENSE,49,,,,"#11 Ndongo, #23 Sacko, #14 Reeves, #2 George, #13 Kelly",,,,,,,
Game #13 - FSU 1-3-23 (FINAL),2030.3411333333333,12.516666666999754,OFFENSE,50,,,SLOB Off,"#11 Ndongo, #23 Sacko, #14 Reeves, #2 George, #13 Kelly",,,,,,,
Game #13 - FSU 1-3-23 (FINAL),2049.8744333333334,13.027433333333192,OFFENSE,51,,DK/MVMT,SLOB Off,"#11 Ndongo, #23 Sacko, #14 Reeves, #2 George, #13 Kelly",Reeves #14,O2,At Rim,,,,
Game #13 - FSU 1-3-23 (FINAL),2094.0244666663334,7.0,OFFENSE,52,,,"Transition O, Forced Foul","#11 Ndongo, #23 Sacko, #14 Reeves, #2 George, #13 Kelly",,X2F,,TRANSITION,,,
Game #13 - FSU 1-3-23 (FINAL),2127.574433333333,8.983366667000155,OFFENSE,53,,,,"#11 Ndongo, #23 Sacko, #14 Reeves, #2 George, #13 Kelly",,FT - MI,,TRANSITION,,,
Game #13 - FSU 1-3-23 (FINAL),2149.4373657260116,4.899670458984019,OFFENSE,54,,,,"#11 Ndongo, #23 Sacko, #14 Reeves, #2 George, #13 Kelly",,FT - MK,,TRANSITION,,,
Game #13 - FSU 1-3-23 (FINAL),2178.3744666663333,21.616666667000118,OFFENSE,55,,DK/MVMT,Press O,"#11 Ndongo, #23 Sacko, #14 Reeves, #2 George, #13 Kelly",Kelly #13,X2,At Rim,,,,
Game #13 - FSU 1-3-23 (FINAL),2239.377666666334,4.699966666999899,OFFENSE,56,,,"Press O, Transition O","#11 Ndongo, #23 Sacko, #14 Reeves, #2 George, #13 Kelly",,TO,,TRANSITION,,,
Game #13 - FSU 1-3-23 (FINAL),2299.110966666667,20.502393200666575,OFFENSE,57,,DK/MVMT,,"#11 Ndongo, #23 Sacko, #14 Reeves, #2 George, #13 Kelly",,TO,,,,,
Game #13 - FSU 1-3-23 (FINAL),2350.0610000003335,5.433333333000064,OFFENSE,58,,,Transition O,"#11 Ndongo, #23 Sacko, #14 Reeves, #2 George, #3 Coleman",George #2,O2,At Rim,TRANSITION,,,
Game #13 - FSU 1-3-23 (FINAL),2374.7776666663335,8.75,OFFENSE,59,,,Transition O,"#11 Ndongo, #23 Sacko, #14 Reeves, #2 George, #3 Coleman",Kelly #13,"O2, O2",At Rim,TRANSITION,,,
Game #13 - FSU 1-3-23 (FINAL),2404.8610000003337,14.933333333000064,OFFENSE,60,,P/R,Forced Foul,"#11 Ndongo, #23 Sacko, #14 Reeves, #2 George, #3 Coleman",,X2F,,,,,
Game #13 - FSU 1-3-23 (FINAL),2426.0126000000005,3.754699999999957,OFFENSE,61,,P/R,,"#11 Ndongo, #1 Sturdivant, #14 Reeves, #2 George, #3 Coleman",,FT - MI,,,,,
Game #13 - FSU 1-3-23 (FINAL),2438.2673000000004,5.0,OFFENSE,62,,P/R,,"#11 Ndongo, #1 Sturdivant, #14 Reeves, #2 George, #3 Coleman",,FT - MK,,,,,
Game #13 - FSU 1-3-23 (FINAL),2498.650666666667,17.116666666333913,OFFENSE,63,,,"Press O, Transition O","#11 Ndongo, #1 Sturdivant, #14 Reeves, #2 George, #3 Coleman",Coleman #3,O2,Deep Right Wing 2,TRANSITION,,,
Game #13 - FSU 1-3-23 (FINAL),2550.5506666666665,30.17433333333429,OFFENSE,64,,P/R,Press O,"#11 Ndongo, #1 Sturdivant, #14 Reeves, #2 George, #3 Coleman",Ndongo #11,O2,At Rim,,,,
Game #13 - FSU 1-3-23 (FINAL),2587.9049101230007,6.812423209999906,OFFENSE,65,,,"Forced Foul, Transition O","#11 Ndongo, #1 Sturdivant, #14 Reeves, #2 George, #3 Coleman",,X2F,,TRANSITION,,,
Game #13 - FSU 1-3-23 (FINAL),2596.967843691649,4.9967795413303975,OFFENSE,66,,,,"#11 Ndongo, #1 Sturdivant, #14 Reeves, #2 George, #3 Coleman",,FT - MK,,TRANSITION,,,
Game #13 - FSU 1-3-23 (FINAL),2621.7677264823374,4.199653250650044,OFFENSE,67,,,,"#11 Ndongo, #1 Sturdivant, #14 Reeves, #2 George, #3 Coleman",,FT - MK,,TRANSITION,,,
Game #13 - FSU 1-3-23 (FINAL),2641.694633333334,19.06209999999919,OFFENSE,68,,DK/MVMT,Press O,"#11 Ndongo, #1 Sturdivant, #5 Gapare, #2 George, #3 Coleman",Ndongo #11,O2,At Rim,,,,
Game #13 - FSU 1-3-23 (FINAL),2693.3644547073213,7.40889404234531,OFFENSE,69,,,"Press O, Forced Foul","#11 Ndongo, #1 Sturdivant, #5 Gapare, #2 George, #3 Coleman",,,,,,,
Game #13 - FSU 1-3-23 (FINAL),2717.216633333333,26.15293333333375,OFFENSE,70,,ISO,,"#11 Ndongo, #13 Kelly, #5 Gapare, #1 Sturdivant, #3 Coleman",Kelly #13,X2,Paint,,,,
Game #13 - FSU 1-3-23 (FINAL),2769.4028999996667,33.19999999999982,OFFENSE,71,,ISO,Press O,"#11 Ndongo, #13 Kelly, #5 Gapare, #1 Sturdivant, #3 Coleman",Kelly #13,X2,Paint,,,,
Game #13 - FSU 1-3-23 (FINAL),2826.2984,19.7503999999999,OFFENSE,72,,ZONE,Press O,"#12 Claude, #13 Kelly, #5 Gapare, #1 Sturdivant, #3 Coleman",Kelly #13,O3,Right Wing 3,,,,
Game #13 - FSU 1-3-23 (FINAL),2863.582133333334,13.850000000000364,OFFENSE,73,,DK/MVMT,,"#12 Claude, #13 Kelly, #5 Gapare, #1 Sturdivant, #3 Coleman",Coleman #3,O3,Left Corner 3,,,,
Game #13 - FSU 1-3-23 (FINAL),2895.308702660334,5.17343067299953,OFFENSE,74,,,Transition O,"#12 Claude, #13 Kelly, #5 Gapare, #1 Sturdivant, #3 Coleman",Kelly #13,O2,At Rim,TRANSITION,,,
Game #13 - FSU 1-3-23 (FINAL),2924.595966666667,29.119466666666085,OFFENSE,75,,DK/MVMT,,"#12 Claude, #13 Kelly, #5 Gapare, #1 Sturdivant, #3 Coleman, #12 Claude",Kelly #13,X3,Straightaway 3,,,,
Game #13 - FSU 1-3-23 (FINAL),2997.9988,22.450000000000728,OFFENSE,76,,,Transition O,"#11 Ndongo, #13 Kelly, #14 Reeves, #1 Sturdivant, #3 Coleman",Kelly #13,X2,At Rim,TRANSITION,,,
Game #13 - FSU 1-3-23 (FINAL),3056.6988000003334,20.37133333299971,OFFENSE,77,,DK/MVMT,"Press O, Forced Foul","#11 Ndongo, #13 Kelly, #14 Reeves, #1 Sturdivant, #3 Coleman",,X2F,,,,,
Game #13 - FSU 1-3-23 (FINAL),3104.5274429816604,3.7287844166730792,OFFENSE,78,,DK/MVMT,,"#11 Ndongo, #13 Kelly, #14 Reeves, #1 Sturdivant, #3 Coleman",,FT - MK,,,,,
Game #13 - FSU 1-3-23 (FINAL),3120.328027914988,4.001701540990325,OFFENSE,79,,DK/MVMT,,"#11 Ndongo, #13 Kelly, #14 Reeves, #1 Sturdivant, #3 Coleman",,FT - MK,,,,,
Game #13 - FSU 1-3-23 (FINAL),3149.9488000003334,13.333333333000155,OFFENSE,80,,DK/MVMT,,"#11 Ndongo, #13 Kelly, #14 Reeves, #2 George, #3 Coleman",George #2,X3,Left Wing 3,,,,
Game #13 - FSU 1-3-23 (FINAL),3194.7283196223357,26.45361371099716,OFFENSE,81,,ISO,"Press O, Forced Foul","#11 Ndongo, #13 Kelly, #14 Reeves, #2 George, #3 Coleman",,X2F,,,,,
Game #13 - FSU 1-3-23 (FINAL),3246.430193697311,4.9961219589986285,OFFENSE,82,,ISO,,"#11 Ndongo, #13 Kelly, #14 Reeves, #2 George, #3 Coleman",,FT - MI,,,,,
Game #13 - FSU 1-3-23 (FINAL),3269.224599611343,4.701036082664359,OFFENSE,83,,ISO,,"#11 Ndongo, #13 Kelly, #14 Reeves, #2 George, #1 Sturdivant",,FT - MK,,,,,
Game #13 - FSU 1-3-23 (FINAL),3297.515266666333,6.516666667000209,OFFENSE,84,,,"Forced Foul, Transition O","#11 Ndongo, #13 Kelly, #14 Reeves, #2 George, #1 Sturdivant",,X2F,,TRANSITION,,,
Game #13 - FSU 1-3-23 (FINAL),3326.281933333333,10.449999999999818,OFFENSE,85,,,,"#11 Ndongo, #13 Kelly, #14 Reeves, #2 George, #1 Sturdivant",,FT - MK,,TRANSITION,,,
Game #13 - FSU 1-3-23 (FINAL),3342.3235890829696,11.858344250363189,OFFENSE,86,,,,"#11 Ndongo, #13 Kelly, #14 Reeves, #2 George, #1 Sturdivant",,FT - MI,,TRANSITION,,,
Game #13 - FSU 1-3-23 (FINAL),3387.1456999999996,33.736233333333985,OFFENSE,87,,POST,Press O,"#11 Ndongo, #13 Kelly, #14 Reeves, #2 George, #1 Sturdivant",George #2,X3,Left Corner 3,,,,
Game #13 - FSU 1-3-23 (FINAL),3424.681933333333,7.816666667000391,OFFENSE,88,,,"Forced Foul, Transition O","#11 Ndongo, #13 Kelly, #14 Reeves, #2 George, #1 Sturdivant",Reeves #14,O2F,At Rim,TRANSITION,,,
Game #13 - FSU 1-3-23 (FINAL),3459.460333333333,4.521600000000035,OFFENSE,89,,,,"#11 Ndongo, #13 Kelly, #14 Reeves, #2 George, #1 Sturdivant",,FT - MI,,TRANSITION,,,
Game #13 - FSU 1-3-23 (FINAL),3490.572066666667,22.809866666666494,OFFENSE,90,,ISO,,"#11 Ndongo, #13 Kelly, #14 Reeves, #2 George, #1 Sturdivant",Kelly #13,O2,At Rim,,,,
Game #13 - FSU 1-3-23 (FINAL),3528.465266666333,16.43333333366718,OFFENSE,91,,,Transition O,"#11 Ndongo, #13 Kelly, #14 Reeves, #2 George, #1 Sturdivant",Reeves #14,O3,Right Wing 3,TRANSITION,,,
Game #13 - FSU 1-3-23 (FINAL),3563.148600000333,10.800066666333805,OFFENSE,92,,,Transition O,"#11 Ndongo, #13 Kelly, #14 Reeves, #2 George, #1 Sturdivant",Reeves #14,O3,Left Wing 3,TRANSITION,,,
Game #13 - FSU 1-3-23 (FINAL),3598.2751999996676,8.899966666999717,OFFENSE,93,,,Transition O,"#11 Ndongo, #13 Kelly, #14 Reeves, #5 Gapare, #1 Sturdivant",,X2F,,TRANSITION,,,
Game #13 - FSU 1-3-23 (FINAL),3623.119517422317,6.301162666012715,OFFENSE,94,,,,"#11 Ndongo, #13 Kelly, #14 Reeves, #5 Gapare, #1 Sturdivant",,FT - MI,,TRANSITION,,,
Game #13 - FSU 1-3-23 (FINAL),3642.9241980066677,10.618535326999336,OFFENSE,95,,,,"#11 Ndongo, #13 Kelly, #14 Reeves, #5 Gapare, #1 Sturdivant",,FT - MI,,TRANSITION,,,
Game #13 - FSU 1-3-23 (FINAL),3699.2093999996664,12.974733333667245,OFFENSE,96,,,Transition O,"#11 Ndongo, #13 Kelly, #14 Reeves, #5 Gapare, #1 Sturdivant",Reeves #14,O3,Left Wing 3,TRANSITION,,,
Game #13 - FSU 1-3-23 (FINAL),3801.121691737671,23.737708261995976,OFFENSE,97,,POST,Forced Foul,"#11 Ndongo, #13 Kelly, #14 Reeves, #2 George, #1 Sturdivant",,X2F,,,,,
Game #13 - FSU 1-3-23 (FINAL),3855.220759630997,3.9030678336703204,OFFENSE,98,,POST,,"#11 Ndongo, #13 Kelly, #14 Reeves, #2 George, #1 Sturdivant",,FT - MI,,,,,
Game #13 - FSU 1-3-23 (FINAL),3870.622179339321,7.198751749665462,OFFENSE,99,,POST,,"#11 Ndongo, #13 Kelly, #14 Reeves, #2 George, #1 Sturdivant",,FT - MK,,,,,
Game #13 - FSU 1-3-23 (FINAL),3905.122091332311,19.677042001022528,OFFENSE,100,,,,"#11 Ndongo, #13 Kelly, #14 Reeves, #2 George, #1 Sturdivant",,,,,,,
Game #13 - FSU 1-3-23 (FINAL),3927.6210277863133,20.203838880353942,OFFENSE,101,,ISO,SLOB Off,"#11 Ndongo, #13 Kelly, #14 Reeves, #2 George, #1 Sturdivant",Ndongo #11,X3,Left Wing 3,,,,
Game #13 - FSU 1-3-23 (FINAL),3980.0093666666667,10.950033332999737,OFFENSE,102,,,"Transition O, GT Off Reb","#11 Ndongo, #13 Kelly, #14 Reeves, #2 George, #1 Sturdivant",Reeves #14,X2,Paint,TRANSITION,,,
Game #13 - FSU 1-3-23 (FINAL),3990.9593999996664,3.1166666670005725,OFFENSE,103,,OREB,,"#11 Ndongo, #13 Kelly, #14 Reeves, #2 George, #1 Sturdivant",Reeves #14,O2,At Rim,,,,
Game #13 - FSU 1-3-23 (FINAL),4093.2742958396498,11.63653749368359,OFFENSE,104,,,Transition O,"#11 Ndongo, #13 Kelly, #14 Reeves, #2 George, #1 Sturdivant",Reeves #14,X3,Left Wing 3,TRANSITION,,,
Game #13 - FSU 1-3-23 (FINAL),4152.17542478734,10.35210854599427,OFFENSE,105,,ISO,GT Off Reb,"#11 Ndongo, #13 Kelly, #14 Reeves, #2 George, #1 Sturdivant",Sturdivant #1,X2,At Rim,,,,
Game #13 - FSU 1-3-23 (FINAL),4162.527533333334,4.966666666667152,OFFENSE,106,,OREB,Forced Foul,"#11 Ndongo, #13 Kelly, #14 Reeves, #2 George, #1 Sturdivant",,X2F,,,,,
Game #13 - FSU 1-3-23 (FINAL),4195.376255577337,7.395596833662239,OFFENSE,107,,OREB,,"#11 Ndongo, #13 Kelly, #14 Reeves, #2 George, #1 Sturdivant",,FT - MI,,,,,
Game #13 - FSU 1-3-23 (FINAL),4218.372141369344,4.7371045839900034,OFFENSE,108,,OREB,,"#11 Ndongo, #13 Kelly, #14 Reeves, #2 George, #1 Sturdivant",,FT - MK,,,,,
Game #13 - FSU 1-3-23 (FINAL),4263.294200000335,7.861733332999393,OFFENSE,109,,,Transition O,"#11 Ndongo, #13 Kelly, #14 Reeves, #5 Gapare, #1 Sturdivant",Kelly #13,O3,Straightaway 3,TRANSITION,,,
Game #13 - FSU 1-3-23 (FINAL),4378.10771111334,15.602622219994373,OFFENSE,110,,,"Press O, Transition O","#11 Ndongo, #13 Kelly, #14 Reeves, #2 George, #1 Sturdivant",Sturdivant #1,O2,At Rim,TRANSITION,,,
Game #13 - FSU 1-3-23 (FINAL),4494.070365160978,9.908405248022973,OFFENSE,111,,,Transition O,"#11 Ndongo, #13 Kelly, #14 Reeves, #2 George, #1 Sturdivant",Kelly #13,TO,At Rim,TRANSITION,,,
Game #13 - FSU 1-3-23 (FINAL),4532.740066666669,8.866666666333913,OFFENSE,112,,,"BLOB Off, Transition O","#11 Ndongo, #13 Kelly, #14 Reeves, #5 Gapare, #1 Sturdivant",Reeves #14,X3,Straightaway 3,TRANSITION,,,
Game #13 - FSU 1-3-23 (FINAL),4610.041133333336,13.04893333333348,OFFENSE,113,,DK/MVMT,Forced Foul,"#11 Ndongo, #13 Kelly, #14 Reeves, #5 Gapare, #1 Sturdivant",,X3F,,,,,
Game #13 - FSU 1-3-23 (FINAL),4645.568060254311,4.819265541680579,OFFENSE,114,,DK/MVMT,,"#11 Ndongo, #13 Kelly, #14 Reeves, #5 Gapare, #1 Sturdivant",,FT - MK,,,,,
Game #13 - FSU 1-3-23 (FINAL),4669.870402170676,4.901276875971234,OFFENSE,115,,DK/MVMT,,"#11 Ndongo, #13 Kelly, #14 Reeves, #5 Gapare, #1 Sturdivant",,FT - MI,,,,,
Game #13 - FSU 1-3-23 (FINAL),4687.369973130331,3.8006657926598564,OFFENSE,116,,DK/MVMT,,"#11 Ndongo, #13 Kelly, #14 Reeves, #5 Gapare, #1 Sturdivant",,FT - MK,,,,,
Game #13 - FSU 1-3-23 (FINAL),51.71273333333332,15.0,DEFENSE,1,Opp Off Reb,,,"#11 Ndongo, #23 Sacko, #14 Reeves, #13 Kelly, #2 George",,X2,,TRANSITION,,,
Game #13 - FSU 1-3-23 (FINAL),84.29603333333333,32.86669999999998,DEFENSE,2,BLOB Def,ISO,,"#11 Ndongo, #23 Sacko, #14 Reeves, #13 Kelly, #2 George",,X2,,,,,
Game #13 - FSU 1-3-23 (FINAL),196.0893,22.87343333333331,DEFENSE,3,,ISO,,"#11 Ndongo, #23 Sacko, #14 Reeves, #13 Kelly, #2 George",,X2,,,,,
Game #13 - FSU 1-3-23 (FINAL),266.16273333333334,15.510199999999998,DEFENSE,4,,OFF BALL SCREEN,,"#11 Ndongo, #23 Sacko, #14 Reeves, #13 Kelly, #2 George",,,,,,,
Game #13 - FSU 1-3-23 (FINAL),288.3264333333333,18.26963333300006,DEFENSE,5,BLOB Def,DK/MVMT,,"#11 Ndongo, #23 Sacko, #14 Reeves, #13 Kelly, #2 George",,X2,,,,,
Game #13 - FSU 1-3-23 (FINAL),328.81270000000006,18.933366666333313,DEFENSE,6,,P/R,,"#11 Ndongo, #23 Sacko, #14 Reeves, #13 Kelly, #2 George",,O3,,,,,
Game #13 - FSU 1-3-23 (FINAL),365.2127333333334,8.449999999999932,DEFENSE,7,Transition D,,,"#11 Ndongo, #23 Sacko, #14 Reeves, #13 Kelly, #2 George",,TO,,TRANSITION,,,
Game #13 - FSU 1-3-23 (FINAL),431.7127333333334,15.988733333333244,DEFENSE,8,,OFF BALL SCREEN,,"#11 Ndongo, #5 Gapare, #14 Reeves, #13 Kelly, #2 George",,O3,,,,,
Game #13 - FSU 1-3-23 (FINAL),496.5487999996667,10.133333333999985,DEFENSE,9,Opp Off Reb,DHO/HOFF,,"#11 Ndongo, #5 Gapare, #14 Reeves, #3 Coleman, #1 Sturdivant",,X3,,,,,
Game #13 - FSU 1-3-23 (FINAL),506.6821333336667,24.40000000000009,DEFENSE,10,,P/R,,"#11 Ndongo, #5 Gapare, #14 Reeves, #3 Coleman, #1 Sturdivant",,TO,,,,,
Game #13 - FSU 1-3-23 (FINAL),579.4654666666668,21.733333332999905,DEFENSE,11,,P/R,,"#12 Claude, #5 Gapare, #14 Reeves, #3 Coleman, #1 Sturdivant",,X3,,,,,
Game #13 - FSU 1-3-23 (FINAL),611.6154666666666,10.333300000000008,DEFENSE,12,D Foul,DK/MVMT,,"#12 Claude, #5 Gapare, #14 Reeves, #3 Coleman, #1 Sturdivant",,,,,,,
Game #13 - FSU 1-3-23 (FINAL),647.3125655006611,10.019567833005567,DEFENSE,13,"BLOB Def, Opp Off Reb",BLOB,,"#12 Claude, #5 Gapare, #14 Reeves, #3 Coleman, #1 Sturdivant",,X2,,,,,
Game #13 - FSU 1-3-23 (FINAL),657.3321333336667,3.0499999999999545,DEFENSE,14,,OREB,,"#12 Claude, #5 Gapare, #14 Reeves, #3 Coleman, #1 Sturdivant",,O2,,,,,
Game #13 - FSU 1-3-23 (FINAL),683.3821,12.066633333333357,DEFENSE,15,,ISO,,"#12 Claude, #5 Gapare, #14 Reeves, #3 Coleman, #1 Sturdivant",,O2,,,,,
Game #13 - FSU 1-3-23 (FINAL),721.4654666666668,16.633333332999882,DEFENSE,16,,P/R,,"#12 Claude, #5 Gapare, #14 Reeves, #3 Coleman, #1 Sturdivant",,O2,,,,,
Game #13 - FSU 1-3-23 (FINAL),767.9321333333335,23.166666666333185,DEFENSE,17,,ISO,,"#12 Claude, #5 Gapare, #14 Reeves, #3 Coleman, #1 Sturdivant",,X2,,,,,
Game #13 - FSU 1-3-23 (FINAL),808.0821333333333,5.216633333333448,DEFENSE,18,"Transition D, D Foul",,,"#12 Claude, #5 Gapare, #14 Reeves, #3 Coleman, #1 Sturdivant",,,,TRANSITION,,,
Game #13 - FSU 1-3-23 (FINAL),819.7070000000001,28.84999999999991,DEFENSE,19,Opp Off Reb,ISO,,"#11 Ndongo, #5 Gapare, #13 Kelly, #3 Coleman, #1 Sturdivant",,X3,,,,,
Game #13 - FSU 1-3-23 (FINAL),848.557,4.983333333000019,DEFENSE,20,,OREB,,"#11 Ndongo, #5 Gapare, #13 Kelly, #3 Coleman, #1 Sturdivant",,TO,,,,,
Game #13 - FSU 1-3-23 (FINAL),872.8403333330002,19.7166666669998,DEFENSE,21,,P/R,,"#11 Ndongo, #5 Gapare, #13 Kelly, #3 Coleman, #1 Sturdivant",,X3,,,,,
Game #13 - FSU 1-3-23 (FINAL),902.6736666670001,11.433333333000064,DEFENSE,22,Transition D,,,"#11 Ndongo, #5 Gapare, #13 Kelly, #3 Coleman, #1 Sturdivant",,O3,,TRANSITION,,,
Game #13 - FSU 1-3-23 (FINAL),1033.507,27.033333332999973,DEFENSE,23,,POST,,"#11 Ndongo, #14 Reeves, #13 Kelly, #2 George, #1 Sturdivant",,X2,,,,,
Game #13 - FSU 1-3-23 (FINAL),1068.957,6.416666667000072,DEFENSE,24,Transition D,,,"#11 Ndongo, #14 Reeves, #13 Kelly, #2 George, #1 Sturdivant",,X2,,TRANSITION,,,
Game #13 - FSU 1-3-23 (FINAL),1151.957,16.51666666699998,DEFENSE,25,Opp Off Reb,P/R,,"#11 Ndongo, #14 Reeves, #13 Kelly, #2 George, #1 Sturdivant",,X2,,,,,
Game #13 - FSU 1-3-23 (FINAL),1168.473666667,9.866633332999982,DEFENSE,26,D Foul,P/R,,"#11 Ndongo, #14 Reeves, #13 Kelly, #2 George, #1 Sturdivant",,"O2, O2F",,,,,
Game #13 - FSU 1-3-23 (FINAL),1181.457886252318,7.9921746256820825,DEFENSE,27,,P/R,,"#11 Ndongo, #23 Sacko, #14 Reeves, #13 Kelly, #2 George",,FT - MI,,,,,
Game #13 - FSU 1-3-23 (FINAL),1218.2294666666667,11.007733333333363,DEFENSE,28,Transition D,,,"#11 Ndongo, #23 Sacko, #14 Reeves, #13 Kelly, #2 George",,,,,,,
Game #13 - FSU 1-3-23 (FINAL),1252.229466667,16.133333332999882,DEFENSE,29,D Foul,P/R,,"#11 Ndongo, #23 Sacko, #14 Reeves, #13 Kelly, #2 George",,X2F,,,,,
Game #13 - FSU 1-3-23 (FINAL),1300.465866666667,4.513599999999769,DEFENSE,30,,P/R,,"#11 Ndongo, #23 Sacko, #14 Reeves, #13 Kelly, #2 George",,FT - MK,,,,,
Game #13 - FSU 1-3-23 (FINAL),1312.959837995982,4.39731545833547,DEFENSE,31,,P/R,,"#11 Ndongo, #23 Sacko, #14 Reeves, #13 Kelly, #2 George",,FT - MK,,,,,
Game #13 - FSU 1-3-23 (FINAL),1334.979466667,7.016666666000219,DEFENSE,32,Transition D,,,"#11 Ndongo, #23 Sacko, #14 Reeves, #13 Kelly, #2 George",,X2,,TRANSITION,,,
Game #13 - FSU 1-3-23 (FINAL),1385.4628000000002,26.5833333329997,DEFENSE,33,,P/R,,"#11 Ndongo, #3 Coleman, #14 Reeves, #13 Kelly, #2 George",,O2,,,,,
Game #13 - FSU 1-3-23 (FINAL),1442.7128000000002,5.649999999999636,DEFENSE,34,"Transition D, Opp Off Reb",,,"#11 Ndongo, #3 Coleman, #14 Reeves, #13 Kelly, #2 George",,X2,,TRANSITION,,,
Game #13 - FSU 1-3-23 (FINAL),1448.3627999999999,7.783333332999973,DEFENSE,35,,DK/MVMT,,"#11 Ndongo, #3 Coleman, #14 Reeves, #13 Kelly, #2 George",,X3,,,,,
Game #13 - FSU 1-3-23 (FINAL),1465.7128000000002,12.566666666999936,DEFENSE,36,,DHO/HOFF,,"#11 Ndongo, #3 Coleman, #14 Reeves, #13 Kelly, #2 George",,O3,,,,,
Game #13 - FSU 1-3-23 (FINAL),1501.229466667,24.566666665999946,DEFENSE,37,,ISO,,"#11 Ndongo, #3 Coleman, #14 Reeves, #13 Kelly, #2 George",,X2,,,,,
Game #13 - FSU 1-3-23 (FINAL),1586.3294666666666,15.283333333333303,DEFENSE,38,,P/R,,"#11 Ndongo, #3 Coleman, #14 Reeves, #13 Kelly, #2 George",,O2,,,,,
Game #13 - FSU 1-3-23 (FINAL),1639.3128000000002,12.887589332000061,DEFENSE,39,Transition D,,,"#11 Ndongo, #3 Coleman, #14 Reeves, #13 Kelly, #2 George",,X3,,TRANSITION,,,
Game #13 - FSU 1-3-23 (FINAL),1708.7981670183335,13.78902101499989,DEFENSE,40,D Foul,POST,,"#11 Ndongo, #12 Claude, #14 Reeves, #1 Sturdivant, #2 George",,,,,,,
Game #13 - FSU 1-3-23 (FINAL),1736.6074666663335,12.59996666699999,DEFENSE,41,BLOB Def,BLOB,,"#11 Ndongo, #13 Kelly, #14 Reeves, #1 Sturdivant, #2 George",,O2,,,,,
Game #13 - FSU 1-3-23 (FINAL),1829.9741333333332,16.350000000000364,DEFENSE,42,,P/R,,"#11 Ndongo, #13 Kelly, #14 Reeves, #1 Sturdivant, #2 George",,X2,,,,,
Game #13 - FSU 1-3-23 (FINAL),1898.2408000003334,17.016633332999845,DEFENSE,43,,P/R,,"#11 Ndongo, #13 Kelly, #14 Reeves, #1 Sturdivant, #2 George",,"O2, O2",,,,,
Game #13 - FSU 1-3-23 (FINAL),1942.0074666663331,31.01666666700021,DEFENSE,44,Opp Off Reb,ISO,,"#11 Ndongo, #13 Kelly, #14 Reeves, #1 Sturdivant, #2 George",,X2,,,,,
Game #13 - FSU 1-3-23 (FINAL),1973.0241333333333,3.033333332999973,DEFENSE,45,,OREB,,"#11 Ndongo, #13 Kelly, #14 Reeves, #1 Sturdivant, #2 George",,O2,,,,,
Game #13 - FSU 1-3-23 (FINAL),1981.2360568923232,24.305076441009987,DEFENSE,46,Opp Off Reb,DK/MVMT,,"#11 Ndongo, #23 Sacko, #14 Reeves, #13 Kelly, #2 George",,X3,,,,,
Game #13 - FSU 1-3-23 (FINAL),2005.5411333333332,2.716666667000027,DEFENSE,47,,OREB,,"#11 Ndongo, #23 Sacko, #14 Reeves, #13 Kelly, #2 George",,X2,,,,,
Game #13 - FSU 1-3-23 (FINAL),2062.9018666666666,31.122599999666818,DEFENSE,48,,DK/MVMT,,"#11 Ndongo, #23 Sacko, #14 Reeves, #13 Kelly, #2 George",,X2,,,,,
Game #13 - FSU 1-3-23 (FINAL),2154.3370361849957,24.03743048133765,DEFENSE,49,,P/R,,"#11 Ndongo, #23 Sacko, #14 Reeves, #13 Kelly, #2 George",,O2,,,,,
Game #13 - FSU 1-3-23 (FINAL),2206.257800000333,15.257028413000171,DEFENSE,50,D Foul,DK/MVMT,,"#11 Ndongo, #23 Sacko, #14 Reeves, #13 Kelly, #2 George",,O2,,,,,
Game #13 - FSU 1-3-23 (FINAL),2224.946066666667,14.431599999667014,DEFENSE,51,BLOB Def,ISO,,"#11 Ndongo, #23 Sacko, #14 Reeves, #13 Kelly, #2 George",,O2,,,,,
Game #13 - FSU 1-3-23 (FINAL),2244.077633333334,3.766700000000128,DEFENSE,52,"Transition D, D Foul",,,"#11 Ndongo, #23 Sacko, #14 Reeves, #13 Kelly, #2 George",,X2F,,TRANSITION,,,
Game #13 - FSU 1-3-23 (FINAL),2275.4891682329785,2.7775021363549968,DEFENSE,53,,,,"#11 Ndongo, #23 Sacko, #14 Reeves, #13 Kelly, #2 George",,FT - MI,,TRANSITION,,,
Game #13 - FSU 1-3-23 (FINAL),2292.956733333334,2.9342205436560107,DEFENSE,54,,,,"#11 Ndongo, #23 Sacko, #14 Reeves, #13 Kelly, #2 George",,FT - MK,,TRANSITION,,,
Game #13 - FSU 1-3-23 (FINAL),2322.061,28.00000000033333,DEFENSE,55,,P/R,,"#11 Ndongo, #23 Sacko, #14 Reeves, #13 Kelly, #2 George",,X2,,,,,
Game #13 - FSU 1-3-23 (FINAL),2355.4943333333335,19.283333332999973,DEFENSE,56,,DK/MVMT,,"#11 Ndongo, #23 Sacko, #14 Reeves, #3 Coleman, #2 George",,X3,,,,,
Game #13 - FSU 1-3-23 (FINAL),2383.5276666663335,21.333333334000145,DEFENSE,57,,CUT,,"#11 Ndongo, #23 Sacko, #14 Reeves, #3 Coleman, #2 George",,TO,,,,,
Game #13 - FSU 1-3-23 (FINAL),2443.2673000000004,24.289733333333515,DEFENSE,58,D Foul,,,"#11 Ndongo, #1 Sturdivant, #14 Reeves, #3 Coleman, #2 George",,,,,,,
Game #13 - FSU 1-3-23 (FINAL),2480.4808449396573,18.16982172700955,DEFENSE,59,BLOB Def,ISO,,"#11 Ndongo, #1 Sturdivant, #14 Reeves, #3 Coleman, #2 George",,O3,,,,,
Game #13 - FSU 1-3-23 (FINAL),2526.3006666670003,24.249999999666215,DEFENSE,60,,ISO,,"#11 Ndongo, #1 Sturdivant, #14 Reeves, #3 Coleman, #2 George",,O2,,,,,
Game #13 - FSU 1-3-23 (FINAL),2580.725000000001,7.1799101229999,DEFENSE,61,Transition D,,,"#11 Ndongo, #1 Sturdivant, #14 Reeves, #3 Coleman, #2 George",,TO,,TRANSITION,,,
Game #13 - FSU 1-3-23 (FINAL),2627.169566666667,14.525066666667044,DEFENSE,62,,OFF BALL SCREEN,,"#11 Ndongo, #1 Sturdivant, #5 Gapare, #3 Coleman, #2 George",,O2,,,,,
Game #13 - FSU 1-3-23 (FINAL),2660.756733333333,25.529500000000553,DEFENSE,63,,DK/MVMT,,"#11 Ndongo, #1 Sturdivant, #5 Gapare, #3 Coleman, #2 George",,O3,,,,,
Game #13 - FSU 1-3-23 (FINAL),2743.3695666666667,13.783300000000054,DEFENSE,64,,OTHER,,"#11 Ndongo, #13 Kelly, #5 Gapare, #3 Coleman, #1 Sturdivant",,TO,,,,,
Game #13 - FSU 1-3-23 (FINAL),2811.5321333333336,9.016266666666525,DEFENSE,65,,ISO,,"#12 Claude, #13 Kelly, #5 Gapare, #3 Coleman, #1 Sturdivant",,O2,,,,,
Game #13 - FSU 1-3-23 (FINAL),2846.0488,17.533333333333758,DEFENSE,66,,P/R,,"#12 Claude, #13 Kelly, #5 Gapare, #3 Coleman, #1 Sturdivant",,X3,,,,,
Game #13 - FSU 1-3-23 (FINAL),2877.432133333334,17.876569326999743,DEFENSE,67,,OFF BALL SCREEN,,"#12 Claude, #13 Kelly, #5 Gapare, #3 Coleman, #1 Sturdivant",,TO,,,,,
Game #13 - FSU 1-3-23 (FINAL),2900.4821333333334,22.61385845699988,DEFENSE,68,Opp Off Reb,DK/MVMT,,"#12 Claude, #13 Kelly, #5 Gapare, #3 Coleman, #1 Sturdivant",,X2,,,,,
Game #13 - FSU 1-3-23 (FINAL),2923.0959917903333,1.4999748763339085,DEFENSE,69,,OREB,,"#12 Claude, #13 Kelly, #5 Gapare, #3 Coleman, #1 Sturdivant",,O2,,,,,
Game #13 - FSU 1-3-23 (FINAL),2978.365433333334,11.866699999999582,DEFENSE,70,,P/R,,"#11 Ndongo, #13 Kelly, #14 Reeves, #3 Coleman, #1 Sturdivant",,TO,,,,,
Game #13 - FSU 1-3-23 (FINAL),3020.4488000000006,4.0,DEFENSE,71,"Transition D, D Foul",,,"#11 Ndongo, #13 Kelly, #14 Reeves, #3 Coleman, #1 Sturdivant",,,,TRANSITION,,,
Game #13 - FSU 1-3-23 (FINAL),3040.2654666663334,16.433333334000054,DEFENSE,72,SLOB Def,POST,,"#11 Ndongo, #13 Kelly, #14 Reeves, #3 Coleman, #1 Sturdivant",,O2,,,,,
Game #13 - FSU 1-3-23 (FINAL),3131.2654666663334,18.683333334000054,DEFENSE,73,,P/R,,"#11 Ndongo, #13 Kelly, #14 Reeves, #3 Coleman, #2 George",,X2,,,,,
Game #13 - FSU 1-3-23 (FINAL),3163.2821333333336,9.983233333333374,DEFENSE,74,D Foul,P/R,,"#11 Ndongo, #13 Kelly, #14 Reeves, #3 Coleman, #2 George",,O2F,,,,,
Game #13 - FSU 1-3-23 (FINAL),3184.52692200666,10.201397615675887,DEFENSE,75,,P/R,,"#11 Ndongo, #13 Kelly, #14 Reeves, #3 Coleman, #2 George",,FT - MK,,,,,
Game #13 - FSU 1-3-23 (FINAL),3275.823099999999,21.692166666333833,DEFENSE,76,,DK/MVMT,,"#11 Ndongo, #13 Kelly, #14 Reeves, #1 Sturdivant, #2 George",,X3,,,,,
Game #13 - FSU 1-3-23 (FINAL),3369.925400530645,17.22029946935436,DEFENSE,77,,POST,,"#11 Ndongo, #13 Kelly, #14 Reeves, #1 Sturdivant, #2 George",,O2,,,,,
Game #13 - FSU 1-3-23 (FINAL),3420.8819333333336,3.7999999999992724,DEFENSE,78,Transition D,,,"#11 Ndongo, #13 Kelly, #14 Reeves, #1 Sturdivant, #2 George",,TO,,TRANSITION,,,
Game #13 - FSU 1-3-23 (FINAL),3463.981933333333,26.59013333333405,DEFENSE,79,,ISO,,"#11 Ndongo, #13 Kelly, #14 Reeves, #1 Sturdivant, #2 George",,O2,,,,,
Game #13 - FSU 1-3-23 (FINAL),3513.3819333333336,15.083333332999246,DEFENSE,80,,POST,,"#11 Ndongo, #13 Kelly, #14 Reeves, #1 Sturdivant, #2 George",,O2,,,,,
Game #13 - FSU 1-3-23 (FINAL),3544.8986,18.233333333333576,DEFENSE,81,,DHO/HOFF,,"#11 Ndongo, #13 Kelly, #14 Reeves, #1 Sturdivant, #2 George",,O2,,,,,
Game #13 - FSU 1-3-23 (FINAL),3580.682300398987,17.59289960068054,DEFENSE,82,,ISO,,"#11 Ndongo, #13 Kelly, #14 Reeves, #1 Sturdivant, #5 Gapare",,X2,,,,,
Game #13 - FSU 1-3-23 (FINAL),3674.3098000000005,24.899599999665952,DEFENSE,83,,P/R,,"#11 Ndongo, #13 Kelly, #14 Reeves, #1 Sturdivant, #5 Gapare",,O2,,,,,
Game #13 - FSU 1-3-23 (FINAL),3712.1841333333336,15.374346613332818,DEFENSE,84,D Foul,,,"#11 Ndongo, #13 Kelly, #14 Reeves, #1 Sturdivant, #5 Gapare",,,,,,,
Game #13 - FSU 1-3-23 (FINAL),3764.723827334006,3.3964790419850033,DEFENSE,85,,OTHER,,"#11 Ndongo, #13 Kelly, #14 Reeves, #1 Sturdivant, #5 Gapare",,FT - MK,,,,,
Game #13 - FSU 1-3-23 (FINAL),3784.023218584967,8.899098750365738,DEFENSE,86,,OTHER,,"#11 Ndongo, #13 Kelly, #14 Reeves, #1 Sturdivant, #5 Gapare",,FT - MK,,,,,
Game #13 - FSU 1-3-23 (FINAL),3877.8209310889865,14.79602141668056,DEFENSE,87,"Press D, Transition D",,,"#11 Ndongo, #13 Kelly, #14 Reeves, #1 Sturdivant, #2 George",,TO,,TRANSITION,,,
Game #13 - FSU 1-3-23 (FINAL),3947.8248666666673,31.43449999999939,DEFENSE,88,,P/R,,"#11 Ndongo, #13 Kelly, #14 Reeves, #1 Sturdivant, #2 George",,O3,,,,,
Game #13 - FSU 1-3-23 (FINAL),4009.971776252312,16.270469126022363,DEFENSE,89,"Press D, D Foul",,,"#11 Ndongo, #13 Kelly, #14 Reeves, #1 Sturdivant, #5 Gapare",,X2F,,,,,
Game #13 - FSU 1-3-23 (FINAL),4061.0742325063397,4.597615499645144,DEFENSE,90,,OTHER,,"#11 Ndongo, #13 Kelly, #14 Reeves, #1 Sturdivant, #5 Gapare",,FT - MK,,,,,
Game #13 - FSU 1-3-23 (FINAL),4080.1751111736553,4.501595165988874,DEFENSE,91,,OTHER,,"#11 Ndongo, #13 Kelly, #14 Reeves, #1 Sturdivant, #5 Gapare",,FT - MK,,,,,
Game #13 - FSU 1-3-23 (FINAL),4119.775482220319,17.926806918016155,DEFENSE,92,"Press D, Transition D",,,"#11 Ndongo, #13 Kelly, #14 Reeves, #1 Sturdivant, #5 Gapare",,TO,,TRANSITION,,,
Game #13 - FSU 1-3-23 (FINAL),4223.109245953334,8.168287380000038,DEFENSE,93,"Press D, Transition D",OTHER,,"#11 Ndongo, #13 Kelly, #14 Reeves, #1 Sturdivant, #5 Gapare",,X2F,,,,,
Game #13 - FSU 1-3-23 (FINAL),4260.010833333334,3.2833666670003367,DEFENSE,94,,OTHER,,"#11 Ndongo, #13 Kelly, #14 Reeves, #1 Sturdivant, #5 Gapare",,FT - MI,,,,,
Game #13 - FSU 1-3-23 (FINAL),4271.155933333333,12.054933333000008,DEFENSE,95,Press D,,,"#11 Ndongo, #13 Kelly, #14 Reeves, #1 Sturdivant, #5 Gapare",,,,,,,
Game #13 - FSU 1-3-23 (FINAL),4292.205850989647,15.487758289687918,DEFENSE,96,"Press D, D Foul",OTHER,,"#11 Ndongo, #13 Kelly, #14 Reeves, #1 Sturdivant, #5 Gapare",,X2F,,,,,
Game #13 - FSU 1-3-23 (FINAL),4345.503096697981,5.205905415681627,DEFENSE,97,,OTHER,,"#11 Ndongo, #13 Kelly, #14 Reeves, #1 Sturdivant, #5 Gapare",,FT - MI,,,,,
Game #13 - FSU 1-3-23 (FINAL),4361.005751780651,8.70299175002583,DEFENSE,98,,OTHER,,"#11 Ndongo, #13 Kelly, #14 Reeves, #1 Sturdivant, #5 Gapare",,FT - MK,,,,,
Game #13 - FSU 1-3-23 (FINAL),4393.710333333334,16.51663333333454,DEFENSE,99,Press D,,,"#11 Ndongo, #13 Kelly, #14 Reeves, #1 Sturdivant, #2 George",,,,,,,
Game #13 - FSU 1-3-23 (FINAL),4418.268464918328,18.901806375673914,DEFENSE,100,"Press D, D Foul",OTHER,,"#11 Ndongo, #13 Kelly, #14 Reeves, #1 Sturdivant, #2 George",,X2F,,,,,
Game #13 - FSU 1-3-23 (FINAL),4466.570667534677,3.3000640829814074,DEFENSE,101,,OTHER,,"#11 Ndongo, #13 Kelly, #14 Reeves, #1 Sturdivant, #2 George",,FT - MK,,,,,
Game #13 - FSU 1-3-23 (FINAL),4486.770052951666,3.6001319569986663,DEFENSE,102,,OTHER,,"#11 Ndongo, #13 Kelly, #14 Reeves, #1 Sturdivant, #2 George",,FT - MK,,,,,
Game #13 - FSU 1-3-23 (FINAL),4520.071894649986,12.668172016683457,DEFENSE,103,"Press D, Transition D",,,"#11 Ndongo, #13 Kelly, #14 Reeves, #1 Sturdivant, #5 Gapare",,O2,,TRANSITION,,,
Game #13 - FSU 1-3-23 (FINAL),4541.606733333003,11.5,DEFENSE,104,"Press D, D Foul",OTHER,,"#11 Ndongo, #13 Kelly, #14 Reeves, #1 Sturdivant, #5 Gapare",,X2F,,,,,
Game #13 - FSU 1-3-23 (FINAL),4580.269978300983,4.202200166026159,DEFENSE,105,,OTHER,,"#11 Ndongo, #13 Kelly, #14 Reeves, #1 Sturdivant, #5 Gapare",,FT - MK,,,,,
Game #13 - FSU 1-3-23 (FINAL),4597.670685508001,3.4950166263261053,DEFENSE,106,,OTHER,,"#11 Ndongo, #13 Kelly, #14 Reeves, #1 Sturdivant, #5 Gapare",,FT - MK,,,,,
Game #13 - FSU 1-3-23 (FINAL),4692.787803255314,9.242663411354442,DEFENSE,107,,,,"#11 Ndongo, #13 Kelly, #14 Reeves, #1 Sturdivant, #5 Gapare",,,,,,,
Game #13 - FSU 1-3-23 (FINAL),0.0,471.19483333333335,GAME,1,,,,,,,,,,,
Game #13 - FSU 1-3-23 (FINAL),471.19483333333335,345.8960000000001,GAME,2,,,,,,,,,,,
Game #13 - FSU 1-3-23 (FINAL),817.0908333333334,363.9492,GAME,3,,,,,,,,,,,
Game #13 - FSU 1-3-23 (FINAL),1181.0400333333334,473.42493333333346,GAME,4,,,,,,,,,,,
Game #13 - FSU 1-3-23 (FINAL),1654.464966666667,325.9043999999999,GAME,5,,,,,,,,,,,
Game #13 - FSU 1-3-23 (FINAL),1980.3693666666668,242.6019666666666,GAME,6,,,,,,,,,,,
Game #13 - FSU 1-3-23 (FINAL),2222.9713333333334,200.4314000000004,GAME,7,,,,,,,,,,,
Game #13 - FSU 1-3-23 (FINAL),2423.402733333334,173.44553333333351,GAME,8,,,,,,,,,,,
Game #13 - FSU 1-3-23 (FINAL),2596.8482666666673,211.8249666666661,GAME,9,,,,,,,,,,,
Game #13 - FSU 1-3-23 (FINAL),2808.6732333333334,369.686466666667,GAME,10,,,,,,,,,,,
Game #13 - FSU 1-3-23 (FINAL),3178.3597000000004,400.5162333333328,GAME,11,,,,,,,,,,,
Game #13 - FSU 1-3-23 (FINAL),3578.8759333333333,37.28930000000037,GAME,12,,,,,,,,,,,
Game #13 - FSU 1-3-23 (FINAL),3616.1652333333336,390.96686666666665,GAME,13,,,,,,,,,,,
Game #13 - FSU 1-3-23 (FINAL),4007.1321000000003,283.67990000000145,GAME,14,,,,,,,,,,,
Game #13 - FSU 1-3-23 (FINAL),4290.812000000002,122.77269999999953,GAME,15,,,,,,,,,,,
Game #13 - FSU 1-3-23 (FINAL),4413.584700000001,295.6220333333349,GAME,16,,,,,,,,,,,
Game #13 - FSU 1-3-23 (FINAL),54.16273333333331,8.0,OPP 2PT Shot,1,,,,,,,,,,,
Game #13 - FSU 1-3-23 (FINAL),109.0460666663333,8.0,OPP 2PT Shot,2,,,,,,,,,,,
Game #13 - FSU 1-3-23 (FINAL),211.5288990983333,8.0,OPP 2PT Shot,3,,,,,,,,,,,
Game #13 - FSU 1-3-23 (FINAL),299.8127333333333,8.0,OPP 2PT Shot,4,,,,,,,,,,,
Game #13 - FSU 1-3-23 (FINAL),650.2431147716668,8.0,OPP 2PT Shot,5,,,,,,,,,,,
Game #13 - FSU 1-3-23 (FINAL),652.8219923756667,8.0,OPP 2PT Shot,6,,,,,,,,,,,
Game #13 - FSU 1-3-23 (FINAL),687.4321333336668,8.0,OPP 2PT Shot,7,,,,,,,,,,,
Game #13 - FSU 1-3-23 (FINAL),730.5821333336667,8.0,OPP 2PT Shot,8,,,,,,,,,,,
Game #13 - FSU 1-3-23 (FINAL),783.8094302476668,8.0,OPP 2PT Shot,9,,,,,,,,,,,
Game #13 - FSU 1-3-23 (FINAL),1053.240333333,8.0,OPP 2PT Shot,10,,,,,,,,,,,
Game #13 - FSU 1-3-23 (FINAL),1067.1736666670001,8.0,OPP 2PT Shot,11,,,,,,,,,,,
Game #13 - FSU 1-3-23 (FINAL),1161.314503001,8.0,OPP 2PT Shot,12,,,,,,,,,,,
Game #13 - FSU 1-3-23 (FINAL),1169.057,8.0,OPP 2PT Shot,13,,,,,,,,,,,
Game #13 - FSU 1-3-23 (FINAL),1261.2461333330002,8.0,OPP 2PT Shot,14,,,,,,,,,,,
Game #13 - FSU 1-3-23 (FINAL),1334.7372,8.0,OPP 2PT Shot,15,,,,,,,,,,,
Game #13 - FSU 1-3-23 (FINAL),1404.679466666667,8.0,OPP 2PT Shot,16,,,,,,,,,,,
Game #13 - FSU 1-3-23 (FINAL),1441.517981209,8.0,OPP 2PT Shot,17,,,,,,,,,,,
Game #13 - FSU 1-3-23 (FINAL),1518.787818327,8.0,OPP 2PT Shot,18,,,,,,,,,,,
Game #13 - FSU 1-3-23 (FINAL),1593.9961333330002,8.0,OPP 2PT Shot,19,,,,,,,,,,,
Game #13 - FSU 1-3-23 (FINAL),1741.4241333333334,8.0,OPP 2PT Shot,20,,,,,,,,,,,
Game #13 - FSU 1-3-23 (FINAL),1839.2408000003334,8.0,OPP 2PT Shot,21,,,,,,,,,,,
Game #13 - FSU 1-3-23 (FINAL),1907.7574666663331,8.0,OPP 2PT Shot,22,,,,,,,,,,,
Game #13 - FSU 1-3-23 (FINAL),1966.5741333333335,8.0,OPP 2PT Shot,23,,,,,,,,,,,
Game #13 - FSU 1-3-23 (FINAL),1968.0241333333333,8.0,OPP 2PT Shot,24,,,,,,,,,,,
Game #13 - FSU 1-3-23 (FINAL),2001.4578000000001,8.0,OPP 2PT Shot,25,,,,,,,,,,,
Game #13 - FSU 1-3-23 (FINAL),2087.9520367843334,8.0,OPP 2PT Shot,26,,,,,,,,,,,
Game #13 - FSU 1-3-23 (FINAL),2170.8744666663333,8.0,OPP 2PT Shot,27,,,,,,,,,,,
Game #13 - FSU 1-3-23 (FINAL),2232.242104331334,8.0,OPP 2PT Shot,28,,,,,,,,,,,
Game #13 - FSU 1-3-23 (FINAL),2242.0776666663337,8.0,OPP 2PT Shot,29,,,,,,,,,,,
Game #13 - FSU 1-3-23 (FINAL),2343.0110000003338,8.0,OPP 2PT Shot,30,,,,,,,,,,,
Game #13 - FSU 1-3-23 (FINAL),2542.0506666670003,8.0,OPP 2PT Shot,31,,,,,,,,,,,
Game #13 - FSU 1-3-23 (FINAL),2633.694660104667,8.0,OPP 2PT Shot,32,,,,,,,,,,,
Game #13 - FSU 1-3-23 (FINAL),2812.798423583334,8.0,OPP 2PT Shot,33,,,,,,,,,,,
Game #13 - FSU 1-3-23 (FINAL),2916.7321333333334,8.0,OPP 2PT Shot,34,,,,,,,,,,,
Game #13 - FSU 1-3-23 (FINAL),2918.0959917903333,8.0,OPP 2PT Shot,35,,,,,,,,,,,
Game #13 - FSU 1-3-23 (FINAL),3049.6739140763334,8.0,OPP 2PT Shot,36,,,,,,,,,,,
Game #13 - FSU 1-3-23 (FINAL),3142.9821333333334,8.0,OPP 2PT Shot,37,,,,,,,,,,,
Game #13 - FSU 1-3-23 (FINAL),3165.5154333333335,8.0,OPP 2PT Shot,38,,,,,,,,,,,
Game #13 - FSU 1-3-23 (FINAL),3379.8957185023332,8.0,OPP 2PT Shot,39,,,,,,,,,,,
Game #13 - FSU 1-3-23 (FINAL),3483.072077866333,8.0,OPP 2PT Shot,40,,,,,,,,,,,
Game #13 - FSU 1-3-23 (FINAL),3520.932399709333,8.0,OPP 2PT Shot,41,,,,,,,,,,,
Game #13 - FSU 1-3-23 (FINAL),3555.8652666663324,8.0,OPP 2PT Shot,42,,,,,,,,,,,
Game #13 - FSU 1-3-23 (FINAL),3590.9751666666675,8.0,OPP 2PT Shot,43,,,,,,,,,,,
Game #13 - FSU 1-3-23 (FINAL),3690.260351256667,8.0,OPP 2PT Shot,44,,,,,,,,,,,
Game #13 - FSU 1-3-23 (FINAL),4524.4567000000025,8.0,OPP 2PT Shot,45,,,,,,,,,,,
Game #13 - FSU 1-3-23 (FINAL),339.7127333333334,8.0,OPP 3PT Shot,1,,,,,,,,,,,
Game #13 - FSU 1-3-23 (FINAL),439.20147672733333,8.0,OPP 3PT Shot,2,,,,,,,,,,,
Game #13 - FSU 1-3-23 (FINAL),497.9304929076667,8.0,OPP 3PT Shot,3,,,,,,,,,,,
Game #13 - FSU 1-3-23 (FINAL),593.4016536536667,8.0,OPP 3PT Shot,4,,,,,,,,,,,
Game #13 - FSU 1-3-23 (FINAL),838.3236666666667,8.0,OPP 3PT Shot,5,,,,,,,,,,,
Game #13 - FSU 1-3-23 (FINAL),884.9403333330001,8.0,OPP 3PT Shot,6,,,,,,,,,,,
Game #13 - FSU 1-3-23 (FINAL),905.6070000000002,8.0,OPP 3PT Shot,7,,,,,,,,,,,
Game #13 - FSU 1-3-23 (FINAL),1448.557149456,8.0,OPP 3PT Shot,8,,,,,,,,,,,
Game #13 - FSU 1-3-23 (FINAL),1470.0128,8.0,OPP 3PT Shot,9,,,,,,,,,,,
Game #13 - FSU 1-3-23 (FINAL),1641.8461333330001,8.0,OPP 3PT Shot,10,,,,,,,,,,,
Game #13 - FSU 1-3-23 (FINAL),1997.6911333333333,8.0,OPP 3PT Shot,11,,,,,,,,,,,
Game #13 - FSU 1-3-23 (FINAL),2367.5276333333336,8.0,OPP 3PT Shot,12,,,,,,,,,,,
Game #13 - FSU 1-3-23 (FINAL),2490.3901134070006,8.0,OPP 3PT Shot,13,,,,,,,,,,,
Game #13 - FSU 1-3-23 (FINAL),2678.5290700186665,8.0,OPP 3PT Shot,14,,,,,,,,,,,
Game #13 - FSU 1-3-23 (FINAL),2855.7821333333336,8.0,OPP 3PT Shot,15,,,,,,,,,,,
Game #13 - FSU 1-3-23 (FINAL),3286.8319333333325,8.0,OPP 3PT Shot,16,,,,,,,,,,,
Game #13 - FSU 1-3-23 (FINAL),43.792400000000015,8.0,FGA - Kelly #13,1,,,,,,,,,,,
Game #13 - FSU 1-3-23 (FINAL),187.33932535333335,8.0,FGA - Kelly #13,2,,,,,,,,,,,
Game #13 - FSU 1-3-23 (FINAL),358.1460333333333,8.0,FGA - Kelly #13,3,,,,,,,,,,,
Game #13 - FSU 1-3-23 (FINAL),1060.790333333,8.0,FGA - Kelly #13,4,,,,,,,,,,,
Game #13 - FSU 1-3-23 (FINAL),1209.729466667,8.0,FGA - Kelly #13,5,,,,,,,,,,,
Game #13 - FSU 1-3-23 (FINAL),2191.9744666663332,8.0,FGA - Kelly #13,6,,,,,,,,,,,
Game #13 - FSU 1-3-23 (FINAL),2375.7610000003338,8.0,FGA - Kelly #13,7,,,,,,,,,,,
Game #13 - FSU 1-3-23 (FINAL),2735.3695666666667,8.0,FGA - Kelly #13,8,,,,,,,,,,,
Game #13 - FSU 1-3-23 (FINAL),2793.0695666666666,8.0,FGA - Kelly #13,9,,,,,,,,,,,
Game #13 - FSU 1-3-23 (FINAL),2837.7821333333336,8.0,FGA - Kelly #13,10,,,,,,,,,,,
Game #13 - FSU 1-3-23 (FINAL),2893.715466666334,8.0,FGA - Kelly #13,11,,,,,,,,,,,
Game #13 - FSU 1-3-23 (FINAL),2941.9654333333333,8.0,FGA - Kelly #13,12,,,,,,,,,,,
Game #13 - FSU 1-3-23 (FINAL),3011.9992507403335,8.0,FGA - Kelly #13,13,,,,,,,,,,,
Game #13 - FSU 1-3-23 (FINAL),3506.1317932843335,8.0,FGA - Kelly #13,14,,,,,,,,,,,
Game #13 - FSU 1-3-23 (FINAL),3599.341866666667,8.0,FGA - Kelly #13,15,,,,,,,,,,,
Game #13 - FSU 1-3-23 (FINAL),4159.827533333335,8.0,FGA - Kelly #13,16,,,,,,,,,,,
Game #13 - FSU 1-3-23 (FINAL),4263.155933333333,8.0,FGA - Kelly #13,17,,,,,,,,,,,
Game #13 - FSU 1-3-23 (FINAL),4614.823400000003,8.0,FGA - Kelly #13,18,,,,,,,,,,,
Game #13 - FSU 1-3-23 (FINAL),305.2127333333334,8.0,FGA - Reeves #14,1,,,,,,,,,,,
Game #13 - FSU 1-3-23 (FINAL),603.7620761586668,8.0,FGA - Reeves #14,2,,,,,,,,,,,
Game #13 - FSU 1-3-23 (FINAL),800.7154666666668,8.0,FGA - Reeves #14,3,,,,,,,,,,,
Game #13 - FSU 1-3-23 (FINAL),1143.946531319,8.0,FGA - Reeves #14,4,,,,,,,,,,,
Game #13 - FSU 1-3-23 (FINAL),1344.3923632360002,8.0,FGA - Reeves #14,5,,,,,,,,,,,
Game #13 - FSU 1-3-23 (FINAL),1525.905434241,8.0,FGA - Reeves #14,6,,,,,,,,,,,
Game #13 - FSU 1-3-23 (FINAL),1770.5016673973332,8.0,FGA - Reeves #14,7,,,,,,,,,,,
Game #13 - FSU 1-3-23 (FINAL),2055.9018855313334,8.0,FGA - Reeves #14,8,,,,,,,,,,,
Game #13 - FSU 1-3-23 (FINAL),3424.965266666333,8.0,FGA - Reeves #14,9,,,,,,,,,,,
Game #13 - FSU 1-3-23 (FINAL),3536.647136840333,8.0,FGA - Reeves #14,10,,,,,,,,,,,
Game #13 - FSU 1-3-23 (FINAL),3565.4486791293325,8.0,FGA - Reeves #14,11,,,,,,,,,,,
Game #13 - FSU 1-3-23 (FINAL),3703.934147327667,8.0,FGA - Reeves #14,12,,,,,,,,,,,
Game #13 - FSU 1-3-23 (FINAL),3983.8440694506676,8.0,FGA - Reeves #14,13,,,,,,,,,,,
Game #13 - FSU 1-3-23 (FINAL),3986.826066666667,8.0,FGA - Reeves #14,14,,,,,,,,,,,
Game #13 - FSU 1-3-23 (FINAL),4095.6108333333336,8.000000000000455,FGA - Reeves #14,15,,,,,,,,,,,
Game #13 - FSU 1-3-23 (FINAL),4533.1233666666685,8.0,FGA - Reeves #14,16,,,,,,,,,,,
Game #13 - FSU 1-3-23 (FINAL),306.9460666663333,8.0,FGA - George #2,1,,,,,,,,,,,
Game #13 - FSU 1-3-23 (FINAL),456.2127333333334,8.0,FGA - George #2,2,,,,,,,,,,,
Game #13 - FSU 1-3-23 (FINAL),1244.079466667,8.0,FGA - George #2,3,,,,,,,,,,,
Game #13 - FSU 1-3-23 (FINAL),1493.446133333,8.0,FGA - George #2,4,,,,,,,,,,,
Game #13 - FSU 1-3-23 (FINAL),1776.5908000003333,8.0,FGA - George #2,5,,,,,,,,,,,
Game #13 - FSU 1-3-23 (FINAL),2348.8546511073337,8.0,FGA - George #2,6,,,,,,,,,,,
Game #13 - FSU 1-3-23 (FINAL),2412.0443333333337,8.0,FGA - George #2,7,,,,,,,,,,,
Game #13 - FSU 1-3-23 (FINAL),2586.9673000000007,8.0,FGA - George #2,8,,,,,,,,,,,
Game #13 - FSU 1-3-23 (FINAL),3154.4821333333334,8.0,FGA - George #2,9,,,,,,,,,,,
Game #13 - FSU 1-3-23 (FINAL),3412.8319333333325,8.0,FGA - George #2,10,,,,,,,,,,,
Game #13 - FSU 1-3-23 (FINAL),488.69636256366675,8.0,FGA - Sturdivant #1,1,,,,,,,,,,,
Game #13 - FSU 1-3-23 (FINAL),893.9570000000001,8.0,FGA - Sturdivant #1,2,,,,,,,,,,,
Game #13 - FSU 1-3-23 (FINAL),1630.7128000000002,8.0,FGA - Sturdivant #1,3,,,,,,,,,,,
Game #13 - FSU 1-3-23 (FINAL),3069.570166506334,8.0,FGA - Sturdivant #1,4,,,,,,,,,,,
Game #13 - FSU 1-3-23 (FINAL),3296.031933333333,8.0,FGA - Sturdivant #1,5,,,,,,,,,,,
Game #13 - FSU 1-3-23 (FINAL),4155.694200000335,8.0,FGA - Sturdivant #1,6,,,,,,,,,,,
Game #13 - FSU 1-3-23 (FINAL),4386.893217655335,8.0,FGA - Sturdivant #1,7,,,,,,,,,,,
Game #13 - FSU 1-3-23 (FINAL),714.1987999996668,8.0,FGA - Claude #12,1,,,,,,,,,,,
Game #13 - FSU 1-3-23 (FINAL),760.1821333336668,8.0,FGA - Coleman #3,1,,,,,,,,,,,
Game #13 - FSU 1-3-23 (FINAL),1457.2628,8.0,FGA - Coleman #3,2,,,,,,,,,,,
Game #13 - FSU 1-3-23 (FINAL),1535.8294666666666,8.0,FGA - Coleman #3,3,,,,,,,,,,,
Game #13 - FSU 1-3-23 (FINAL),2507.500666667,8.0,FGA - Coleman #3,4,,,,,,,,,,,
Game #13 - FSU 1-3-23 (FINAL),2869.415466666334,8.0,FGA - Coleman #3,5,,,,,,,,,,,
Game #13 - FSU 1-3-23 (FINAL),864.5903000000001,8.0,FGA - Gapare #5,1,,,,,,,,,,,
Game #13 - FSU 1-3-23 (FINAL),1856.9741333333332,8.0,FGA - Gapare #5,2,,,,,,,,,,,
Game #13 - FSU 1-3-23 (FINAL),1890.7241333333332,8.0,FGA - Gapare #5,3,,,,,,,,,,,
Game #13 - FSU 1-3-23 (FINAL),1327.6619489969999,8.0,FGA - Sacko #23,1,,,,,,,,,,,
Game #13 - FSU 1-3-23 (FINAL),1538.1461333329999,8.0,FGA - Ndongo #11,1,,,,,,,,,,,
Game #13 - FSU 1-3-23 (FINAL),2573.475005603,8.0,FGA - Ndongo #11,2,,,,,,,,,,,
Game #13 - FSU 1-3-23 (FINAL),2653.256734037667,8.0,FGA - Ndongo #11,3,,,,,,,,,,,
Game #13 - FSU 1-3-23 (FINAL),3213.681933333333,8.0,FGA - Ndongo #11,4,,,,,,,,,,,
Game #13 - FSU 1-3-23 (FINAL),3940.074896712667,8.0,FGA - Ndongo #11,5,,,,,,,,,,,