Timeline,Start time,Duration,Row,Instance number,CumulativePeriodDuration,DEFENSE,GameTime,GameTimeEnd,GameTimeStart,HALF COURT ACTIONS,HALF COURT OFFENSE,OFFENSE,ON COURT,On Court,Period,PeriodName,Result,TRANSITION,Ungrouped,Notes,Flags
Game #1 - Georgia Southern 11-06-23 (FINAL),203.11923266601565,3174.3148081054687,Periods,1,0.0,,,,,,,,,,,1st Half,,,,,
Game #1 - Georgia Southern 11-06-23 (FINAL),3646.09570288086,2991.917380615234,Periods,2,1200.0,,,,,,,,,,,2nd Half,,,,,
Game #1 - Georgia Southern 11-06-23 (FINAL),203.11923266601565,30.590763427734373,Game Time,1,,,,00:19:30.00,00:20:00.00,,,,,,,,,,,,
Game #1 - Georgia Southern 11-06-23 (FINAL),280.77659252929686,29.213749511718788,Game Time,2,,,,00:18:50.00,00:19:18.00,,,,,,,,,,,,
Game #1 - Georgia Southern 11-06-23 (FINAL),321.3512446289063,17.85284692382811,Game Time,3,,,,00:18:32.00,00:18:50.00,,,,,,,,,,,,
Game #1 - Georgia Southern 11-06-23 (FINAL),381.4017297363281,95.75617895507821,Game Time,4,,,,00:16:56.00,00:18:32.00,,,,,,,,,,,,
Game #1 - Georgia Southern 11-06-23 (FINAL),530.7164494628908,51.935554687499916,Game Time,5,,,,00:16:05.00,00:16:56.00,,,,,,,,,,,,
Game #1 - Georgia Southern 11-06-23 (FINAL),616.7347119140625,17.85284692382811,Game Time,6,,,,00:15:48.00,00:16:05.00,,,,,,,,,,,,
Game #1 - Georgia Southern 11-06-23 (FINAL),817.984986328125,38.95166601562494,Game Time,7,,,,00:15:09.00,00:15:48.00,,,,,,,,,,,,
Game #1 - Georgia Southern 11-06-23 (FINAL),916.987137451172,29.213749511718788,Game Time,8,,,,00:14:40.00,00:15:09.00,,,,,,,,,,,,
Game #1 - Georgia Southern 11-06-23 (FINAL),973.7916503906251,8.114930419921848,Game Time,9,,,,00:14:32.00,00:14:40.00,,,,,,,,,,,,
Game #1 - Georgia Southern 11-06-23 (FINAL),999.7594277343751,25.967777343750186,Game Time,10,,,,00:14:08.00,00:14:32.00,,,,,,,,,,,,
Game #1 - Georgia Southern 11-06-23 (FINAL),1051.694982421875,4.868958251953245,Game Time,11,,,,00:14:03.00,00:14:08.00,,,,,,,,,,,,
Game #1 - Georgia Southern 11-06-23 (FINAL),1058.1869267578127,6.491944335937433,Game Time,12,,,,00:13:57.00,00:14:03.00,,,,,,,,,,,,
Game #1 - Georgia Southern 11-06-23 (FINAL),1089.0236623535156,17.85284692382811,Game Time,13,,,,00:13:40.00,00:13:57.00,,,,,,,,,,,,
Game #1 - Georgia Southern 11-06-23 (FINAL),1136.0902587890625,19.475833007812298,Game Time,14,,,,00:13:20.00,00:13:40.00,,,,,,,,,,,,
Game #1 - Georgia Southern 11-06-23 (FINAL),1176.6649108886718,71.41138769531244,Game Time,15,,,,00:12:08.00,00:13:20.00,,,,,,,,,,,,
Game #1 - Georgia Southern 11-06-23 (FINAL),1265.9291455078126,19.475833007812525,Game Time,16,,,,00:11:50.00,00:12:08.00,,,,,,,,,,,,
Game #1 - Georgia Southern 11-06-23 (FINAL),1514.246016357422,37.328679931640636,Game Time,17,,,,00:11:14.00,00:11:50.00,,,,,,,,,,,,
Game #1 - Georgia Southern 11-06-23 (FINAL),1597.018306640625,6.491944335937433,Game Time,18,,,,00:11:09.00,00:11:14.00,,,,,,,,,,,,
Game #1 - Georgia Southern 11-06-23 (FINAL),1650.5768474121096,17.852846923827883,Game Time,19,,,,00:10:52.00,00:11:09.00,,,,,,,,,,,,
Game #1 - Georgia Southern 11-06-23 (FINAL),1694.3974716796874,71.41138769531267,Game Time,20,,,,00:09:41.00,00:10:52.00,,,,,,,,,,,,
Game #1 - Georgia Southern 11-06-23 (FINAL),1825.8593444824219,43.820624267578296,Game Time,21,,,,00:08:58.00,00:09:41.00,,,,,,,,,,,,
Game #1 - Georgia Southern 11-06-23 (FINAL),1889.1558017578127,51.935554687499916,Game Time,22,,,,00:08:07.00,00:08:58.00,,,,,,,,,,,,
Game #1 - Georgia Southern 11-06-23 (FINAL),1960.5671894531251,22.721805175781356,Game Time,23,,,,00:07:45.00,00:08:07.00,,,,,,,,,,,,
Game #1 - Georgia Southern 11-06-23 (FINAL),2195.9001716308594,6.491944335937205,Game Time,24,,,,00:07:40.00,00:07:45.00,,,,,,,,,,,,
Game #1 - Georgia Southern 11-06-23 (FINAL),2228.3598933105472,25.96777734374973,Game Time,25,,,,00:07:15.00,00:07:40.00,,,,,,,,,,,,
Game #1 - Georgia Southern 11-06-23 (FINAL),2275.4264897460935,16.22986083984415,Game Time,26,,,,00:06:56.00,00:07:11.00,,,,,,,,,,,,
Game #1 - Georgia Southern 11-06-23 (FINAL),2306.2632253417964,47.066596435547126,Game Time,27,,,,00:06:10.00,00:06:56.00,,,,,,,,,,,,
Game #1 - Georgia Southern 11-06-23 (FINAL),2400.3964182128907,21.098819091796486,Game Time,28,,,,00:05:49.00,00:06:10.00,,,,,,,,,,,,
Game #1 - Georgia Southern 11-06-23 (FINAL),2522.120374511719,22.7218051757809,Game Time,29,,,,00:05:27.00,00:05:49.00,,,,,,,,,,,,
Game #1 - Georgia Southern 11-06-23 (FINAL),2559.4490544433597,63.29645727539037,Game Time,30,,,,00:04:25.00,00:05:27.00,,,,,,,,,,,,
Game #1 - Georgia Southern 11-06-23 (FINAL),2822.3728000488277,47.066596435547126,Game Time,31,,,,00:03:39.00,00:04:25.00,,,,,,,,,,,,
Game #1 - Georgia Southern 11-06-23 (FINAL),2879.1773129882813,30.836735595702976,Game Time,32,,,,00:03:09.00,00:03:39.00,,,,,,,,,,,,
Game #1 - Georgia Southern 11-06-23 (FINAL),2978.179464111328,21.09881909179694,Game Time,33,,,,00:02:49.00,00:03:09.00,,,,,,,,,,,,
Game #1 - Georgia Southern 11-06-23 (FINAL),3038.22994921875,58.427499023437576,Game Time,34,,,,00:01:51.00,00:02:49.00,,,,,,,,,,,,
Game #1 - Georgia Southern 11-06-23 (FINAL),3155.084947265625,6.491944335937205,Game Time,35,,,,00:01:45.00,00:01:51.00,,,,,,,,,,,,
Game #1 - Georgia Southern 11-06-23 (FINAL),3179.429738525391,19.47583300781207,Game Time,36,,,,00:01:27.00,00:01:45.00,,,,,,,,,,,,
Game #1 - Georgia Southern 11-06-23 (FINAL),3270.3169592285158,64.91944335937478,Game Time,37,,,,00:00:23.40,00:01:27.00,,,,,,,,,,,,
Game #1 - Georgia Southern 11-06-23 (FINAL),3353.0892495117187,24.34479125976577,Game Time,38,,,,00:00:00.00,00:00:23.40,,,,,,,,,,,,
Game #1 - Georgia Southern 11-06-23 (FINAL),3646.09570288086,145.19978930664047,Game Time,39,,,,00:17:35.00,00:20:00.00,,,,,,,,,,,,
Game #1 - Georgia Southern 11-06-23 (FINAL),3817.2632695312504,38.95166601562505,Game Time,40,,,,00:16:56.00,00:17:35.00,,,,,,,,,,,,
Game #1 - Georgia Southern 11-06-23 (FINAL),3929.2493093261724,50.312568603515956,Game Time,41,,,,00:16:05.00,00:16:56.00,,,,,,,,,,,,
Game #1 - Georgia Southern 11-06-23 (FINAL),4039.61236303711,74.65735986328173,Game Time,42,,,,00:14:52.00,00:16:05.00,,,,,,,,,,,,
Game #1 - Georgia Southern 11-06-23 (FINAL),4219.763818359375,12.98388867187532,Game Time,43,,,,00:14:40.00,00:14:52.00,,,,,,,,,,,,
Game #1 - Georgia Southern 11-06-23 (FINAL),4341.487774658203,9.73791650390649,Game Time,44,,,,00:14:30.00,00:14:40.00,,,,,,,,,,,,
Game #1 - Georgia Southern 11-06-23 (FINAL),4370.701524169923,27.59076342773278,Game Time,45,,,,00:14:03.00,00:14:30.00,,,,,,,,,,,,
Game #1 - Georgia Southern 11-06-23 (FINAL),4468.080689208984,24.34479125976577,Game Time,46,,,,00:13:39.00,00:14:03.00,,,,,,,,,,,,
Game #1 - Georgia Southern 11-06-23 (FINAL),4523.262216064453,42.19763818359388,Game Time,47,,,,00:12:56.00,00:13:38.00,,,,,,,,,,,,
Game #1 - Georgia Southern 11-06-23 (FINAL),4588.181659423828,11.36090258789045,Game Time,48,,,,00:12:46.00,00:12:56.00,,,,,,,,,,,,
Game #1 - Georgia Southern 11-06-23 (FINAL),4807.284780761719,108.74006762695262,Game Time,49,,,,00:10:57.00,00:12:46.00,,,,,,,,,,,,
Game #1 - Georgia Southern 11-06-23 (FINAL),5114.029150634766,167.16756665039156,Game Time,50,,,,00:08:12.00,00:10:57.00,,,,,,,,,,,,
Game #1 - Georgia Southern 11-06-23 (FINAL),5519.7756716308595,27.5907634277346,Game Time,51,,,,00:07:46.00,00:08:12.00,,,,,,,,,,,,
Game #1 - Georgia Southern 11-06-23 (FINAL),5576.580184570314,4.86895825195279,Game Time,52,,,,00:07:41.00,00:07:46.00,,,,,,,,,,,,
Game #1 - Georgia Southern 11-06-23 (FINAL),5605.793934082031,3.24597216796883,Game Time,53,,,,00:07:37.00,00:07:40.00,,,,,,,,,,,,
Game #1 - Georgia Southern 11-06-23 (FINAL),5635.00768359375,21.09881909179694,Game Time,54,,,,00:07:17.00,00:07:37.00,,,,,,,,,,,,
Game #1 - Georgia Southern 11-06-23 (FINAL),5662.598447021484,136.33083105468722,Game Time,55,,,,00:05:02.00,00:07:17.00,,,,,,,,,,,,
Game #1 - Georgia Southern 11-06-23 (FINAL),5829.766013671875,17.8528469238272,Game Time,56,,,,00:04:44.00,00:05:02.00,,,,,,,,,,,,
Game #1 - Georgia Southern 11-06-23 (FINAL),5860.602749267577,55.18152685547011,Game Time,57,,,,00:03:49.00,00:04:44.00,,,,,,,,,,,,
Game #1 - Georgia Southern 11-06-23 (FINAL),6126.772467041015,3.2459721679697395,Game Time,58,,,,00:03:46.00,00:03:49.00,,,,,,,,,,,,
Game #1 - Georgia Southern 11-06-23 (FINAL),6180.3310078125,64.91944335937478,Game Time,59,,,,00:02:42.00,00:03:46.00,,,,,,,,,,,,
Game #1 - Georgia Southern 11-06-23 (FINAL),6287.448089355469,9.73791650390649,Game Time,60,,,,00:02:32.00,00:02:42.00,,,,,,,,,,,,
Game #1 - Georgia Southern 11-06-23 (FINAL),6313.415866699219,43.82062426757875,Game Time,61,,,,00:01:48.00,00:02:31.00,,,,,,,,,,,,
Game #1 - Georgia Southern 11-06-23 (FINAL),6418.909962158203,21.09881909179785,Game Time,62,,,,00:01:28.00,00:01:48.00,,,,,,,,,,,,
Game #1 - Georgia Southern 11-06-23 (FINAL),6461.1076003417975,9.73791650390558,Game Time,63,,,,00:01:19.00,00:01:28.00,,,,,,,,,,,,
Game #1 - Georgia Southern 11-06-23 (FINAL),6540.6339184570315,34.08270776367135,Game Time,64,,,,00:00:45.80,00:01:19.00,,,,,,,,,,,,
Game #1 - Georgia Southern 11-06-23 (FINAL),6577.962598388673,16.22986083984324,Game Time,65,,,,00:00:29.60,00:00:45.80,,,,,,,,,,,,
Game #1 - Georgia Southern 11-06-23 (FINAL),6610.422320068361,27.59076342773278,Game Time,66,,,,00:00:01.70,00:00:29.30,,,,,,,,,,,,
Game #1 - Georgia Southern 11-06-23 (FINAL),201.983333334,13.34966666599999,OFFENSE,1,,,,,,,ISO,,"#5 Gapare, #24 Abram, #13 Kelly, #14 Reeves, #12 Claude",,,,X2,,"Gapare #5, At Rim,  ",,
Game #1 - Georgia Southern 11-06-23 (FINAL),238.083333334,20.899666666,OFFENSE,2,,,00:00:30,,,,P/R,,"#12 Claude, #13 Kelly, #14 Reeves, #24 Abram, #5 Gapare",,1,,,,"Forced Foul,  ",,
Game #1 - Georgia Southern 11-06-23 (FINAL),278.315,9.368333333999999,OFFENSE,3,,,00:00:30,,,,OFF BALL SCREEN,,"#5 Gapare, #24 Abram, #14 Reeves, #13 Kelly, #12 Claude",,1,,X3,,"SLOB Off, GT Off Reb, Right Wing 3, Kelly #13,  ",,
Game #1 - Georgia Southern 11-06-23 (FINAL),287.683333334,22.633333332999996,OFFENSE,4,,,00:00:48,,,,P/R,,"#12 Claude, #13 Kelly, #14 Reeves, #24 Abram, #5 Gapare",,1,,X3,,"Right Corner 3, Abram #24,  ",,
Game #1 - Georgia Southern 11-06-23 (FINAL),383.066666667,17.566666666999993,OFFENSE,5,,,00:01:29,,,,P/R,,"#5 Gapare, #24 Abram, #12 Claude, #13 Kelly, #14 Reeves",,1,,X3,,"GT Off Reb, Claude #12, Right Corner 3,  ",,
Game #1 - Georgia Southern 11-06-23 (FINAL),400.633333334,7.833333333000041,OFFENSE,6,,,00:01:47,,,,POST,,"#5 Gapare, #24 Abram, #14 Reeves, #13 Kelly, #12 Claude",,1,,X2,,"GT Off Reb, Left Short Midrange 2, Kelly #13,  ",,
Game #1 - Georgia Southern 11-06-23 (FINAL),408.466666667,4.71666666699997,OFFENSE,7,,,00:01:55,,,,OREB,,"#5 Gapare, #24 Abram, #14 Reeves, #13 Kelly, #12 Claude",,1,,O2,,"2pt Make, Paint, Kelly #13,  ",,
Game #1 - Georgia Southern 11-06-23 (FINAL),426.583333334,21.25,OFFENSE,8,,,00:02:13,,,,DK/MVMT,,"#5 Gapare, #24 Abram, #14 Reeves, #13 Kelly, #12 Claude",,1,,X2,,"Right Short Midrange 2, Kelly #13,  ",,
Game #1 - Georgia Southern 11-06-23 (FINAL),456.333333334,23.78333333300003,OFFENSE,9,,,00:02:42,,,,DK/MVMT,,"#5 Gapare, #24 Abram, #14 Reeves, #13 Kelly, #12 Claude",,1,,X2F,,"Forced Foul, Paint, Abram #24,  ",,
Game #1 - Georgia Southern 11-06-23 (FINAL),502.866,6.766999999999996,OFFENSE,10,,,00:03:04,,,,DK/MVMT,,"#5 Gapare, #24 Abram, #14 Reeves, #13 Kelly, #12 Claude",,1,,FT - MI,, ,,
Game #1 - Georgia Southern 11-06-23 (FINAL),527.516,5.000666667000019,OFFENSE,11,,,00:03:04,,,,DK/MVMT,,"#5 Gapare, #24 Abram, #14 Reeves, #13 Kelly, #12 Claude",,1,,FT - MI,, ,,
Game #1 - Georgia Southern 11-06-23 (FINAL),556.533333334,17.683333333000064,OFFENSE,12,,,00:03:29,,,,CUT,,"#5 Gapare, #24 Abram, #14 Reeves, #13 Kelly, #12 Claude",,1,,X2,,"Kelly #13, At Rim,  ",,
Game #1 - Georgia Southern 11-06-23 (FINAL),818.35,24.133333333999985,OFFENSE,13,,,00:04:12,,,,DK/MVMT,,"#5 Gapare, #1 Sturdivant, #14 Reeves, #13 Kelly, #10 Dowuona",,1,,X2,,"GT Off Reb, Paint, Sturdivant #1,  ",,
Game #1 - Georgia Southern 11-06-23 (FINAL),842.483333334,11.216666666000037,OFFENSE,14,,,00:04:36,,,,P/R,,"#5 Gapare, #1 Sturdivant, #14 Reeves, #13 Kelly, #10 Dowuona",,1,,TO,,"Turnover,  ",,
Game #1 - Georgia Southern 11-06-23 (FINAL),914.633,21.149999999999977,OFFENSE,15,,,00:04:51,,,,CUT,,"#3 Coleman, #1 Sturdivant, #14 Reeves, #13 Kelly, #10 Dowuona",,1,,TO,,"Turnover,  ",,
Game #1 - Georgia Southern 11-06-23 (FINAL),999.216,30.25066666700002,OFFENSE,16,,,00:05:28,,,,P/R,,"#3 Coleman, #1 Sturdivant, #14 Reeves, #13 Kelly, #10 Dowuona",,1,,X3,,"Left Wing 3, Reeves #14,  ",,
Game #1 - Georgia Southern 11-06-23 (FINAL),1104.533333334,5.549666666000121,OFFENSE,17,,,00:06:18,,,,,,"#3 Coleman, #1 Sturdivant, #23 Sacko, #13 Kelly, #10 Dowuona",,1,,TO,TRANSITION,"Transition O, Turnover,  ",,
Game #1 - Georgia Southern 11-06-23 (FINAL),1178.716,22.65000000000009,OFFENSE,18,,,00:06:42,,,,P/R,,"#1 Sturdivant, #23 Sacko, #24 Abram, #12 Claude, #3 Coleman",,1,,O3,,"3pt Make, Left Corner 3, Coleman #3,  ",,
Game #1 - Georgia Southern 11-06-23 (FINAL),1220.283333334,14.64966666600003,OFFENSE,19,,,00:07:23,,,,ISO,,"#3 Coleman, #1 Sturdivant, #23 Sacko, #13 Kelly, #12 Claude",,1,,TO,,"Turnover,  ",,New Flag
Game #1 - Georgia Southern 11-06-23 (FINAL),1265.533,24.25,OFFENSE,20,,,00:07:52,,,,DHO/HOFF,,"#12 Claude, #1 Sturdivant, #3 Coleman, #23 Sacko, #24 Abram",,1,,X2F,,"Forced Foul, Paint, Coleman #3,  ",,
Game #1 - Georgia Southern 11-06-23 (FINAL),1494.316,5.0,OFFENSE,21,,,00:08:10,,,,DHO/HOFF,,"#3 Coleman, #1 Sturdivant, #23 Sacko, #24 Abram, #12 Claude",,1,,FT - MI,, ,,
Game #1 - Georgia Southern 11-06-23 (FINAL),1509.566,4.250666666999905,OFFENSE,22,,,00:08:10,,,,DHO/HOFF,,"#3 Coleman, #1 Sturdivant, #23 Sacko, #24 Abram, #12 Claude",,1,,FT - MK,, ,,
Game #1 - Georgia Southern 11-06-23 (FINAL),1534.733333334,15.282666666000068,OFFENSE,23,,,00:08:30,,,,P/R,,"#3 Coleman, #1 Sturdivant, #23 Sacko, #24 Abram, #12 Claude",,1,,X3,,"GT Off Reb, Left Corner 3, Coleman #3,  ",,New Flag
Game #1 - Georgia Southern 11-06-23 (FINAL),1550.016,2.75,OFFENSE,24,,,00:08:45,,,,OREB,,"#3 Coleman, #1 Sturdivant, #23 Sacko, #24 Abram, #12 Claude",,1,,X2F,,"Forced Foul, At Rim, Claude #12,  ",,
Game #1 - Georgia Southern 11-06-23 (FINAL),1575.733333334,5.749666665999939,OFFENSE,25,,,00:08:46,,,,OREB,,"#3 Coleman, #1 Sturdivant, #23 Sacko, #24 Abram, #12 Claude",,1,,FT - MK,, ,,
Game #1 - Georgia Southern 11-06-23 (FINAL),1593.483,5.017000000000053,OFFENSE,26,,,00:08:46,,,,OREB,,"#3 Coleman, #1 Sturdivant, #23 Sacko, #24 Abram, #12 Claude",,1,,FT - MI,,"GT Off Reb,  ",,
Game #1 - Georgia Southern 11-06-23 (FINAL),1598.5,9.982999999999947,OFFENSE,27,,,00:08:47,,,,OREB,,"#3 Coleman, #1 Sturdivant, #23 Sacko, #24 Abram, #12 Claude",,1,,X2F,,"At Rim, Claude #12,  ",,
Game #1 - Georgia Southern 11-06-23 (FINAL),1630.616666667,5.766333333000148,OFFENSE,28,,,00:08:51,,,,OREB,,"#3 Coleman, #1 Sturdivant, #23 Sacko, #24 Abram, #12 Claude",,1,,FT - MK,, ,,
Game #1 - Georgia Southern 11-06-23 (FINAL),1644.633,4.333666666999989,OFFENSE,29,,,00:08:51,,,,OREB,,"#3 Coleman, #1 Sturdivant, #23 Sacko, #24 Abram, #12 Claude",,1,,FT - MK,, ,,
Game #1 - Georgia Southern 11-06-23 (FINAL),1663.766,8.75,OFFENSE,30,,,00:09:04,,,,,,"#3 Coleman, #1 Sturdivant, #23 Sacko, #24 Abram, #12 Claude",,1,,,TRANSITION,"Transition O,  ",,
Game #1 - Georgia Southern 11-06-23 (FINAL),1689.983,17.950000000000045,OFFENSE,31,,,00:09:08,,,,P/R,,"#3 Coleman, #1 Sturdivant, #23 Sacko, #24 Abram, #12 Claude",,1,,O3,,"BLOB Off, 3pt Make, Left Corner 3, Abram #24,  ",,
Game #1 - Georgia Southern 11-06-23 (FINAL),1723.2,5.833333333999917,OFFENSE,32,,,00:09:36,,,,,,"#3 Coleman, #1 Sturdivant, #23 Sacko, #24 Abram, #12 Claude",,1,,X2,TRANSITION,"Transition O, At Rim, Sacko #23,  ",,
Game #1 - Georgia Southern 11-06-23 (FINAL),1740.5,10.716666667000027,OFFENSE,33,,,00:09:54,,,,ISO,,"#3 Coleman, #1 Sturdivant, #23 Sacko, #24 Abram, #12 Claude",,1,,O3,,"3pt Make, Straightaway 3, Sturdivant #1,  ",,
Game #1 - Georgia Southern 11-06-23 (FINAL),1824.116,18.617333334000023,OFFENSE,34,,,00:10:19,,,,OFF BALL SCREEN,,"#3 Coleman, #1 Sturdivant, #5 Gapare, #24 Abram, #10 Dowuona",,1,,X3,,"Left Wing 3, Gapare #5,  ",,New Flag
Game #1 - Georgia Southern 11-06-23 (FINAL),1863.586218489,14.763781510999934,OFFENSE,35,,,00:10:56,,,,,,"#3 Coleman, #1 Sturdivant, #5 Gapare, #24 Abram, #10 Dowuona",,1,,TO,TRANSITION,"Turnover,  ",,
Game #1 - Georgia Southern 11-06-23 (FINAL),1914.462363918,6.003636081999957,OFFENSE,36,,,00:11:27,,,,,,"#3 Coleman, #13 Kelly, #5 Gapare, #24 Abram, #10 Dowuona",,1,,O2,TRANSITION,"2pt Make, Gapare #5, At Rim,  ",,
Game #1 - Georgia Southern 11-06-23 (FINAL),1959.593093387662,28.392610527337865,OFFENSE,37,,,00:11:53,,,,DK/MVMT,,"#14 Reeves, #13 Kelly, #5 Gapare, #24 Abram, #10 Dowuona",,1,,,,"GT Off Reb, At Rim, Gapare #5,  ",,
Game #1 - Georgia Southern 11-06-23 (FINAL),2189.0,14.694120750670663,OFFENSE,38,,,00:12:15,,,,BLOB,,"#14 Reeves, #13 Kelly, #5 Gapare, #24 Abram, #10 Dowuona",,1,,TO,,"BLOB Off, Turnover,  ",,
Game #1 - Georgia Southern 11-06-23 (FINAL),2240.5,19.26666666700021,OFFENSE,39,,,00:12:32,,,,DK/MVMT,,"#14 Reeves, #13 Kelly, #5 Gapare, #24 Abram, #10 Dowuona",,1,,TO,,"Turnover,  ",,
Game #1 - Georgia Southern 11-06-23 (FINAL),2319.283,12.933666667000125,OFFENSE,40,,,00:13:17,,,,P/R,,"#10 Dowuona, #1 Sturdivant, #5 Gapare, #13 Kelly, #14 Reeves",,1,,X2,,"GT Off Reb, At Rim, Dowuona #10,  ",,
Game #1 - Georgia Southern 11-06-23 (FINAL),2332.216666667,6.199999999999818,OFFENSE,41,,,00:13:29,,,,OREB,,"#14 Reeves, #13 Kelly, #5 Gapare, #1 Sturdivant, #10 Dowuona",,1,,X3,,"GT Off Reb, Right Wing 3, Sturdivant #1,  ",,
Game #1 - Georgia Southern 11-06-23 (FINAL),2338.416666667,18.616333333000057,OFFENSE,42,,,00:13:36,,,,P/R,,"#14 Reeves, #13 Kelly, #5 Gapare, #1 Sturdivant, #10 Dowuona",,1,,O2F,,"2pt Make, Forced Foul, Paint, Dowuona #10,  ",,
Game #1 - Georgia Southern 11-06-23 (FINAL),2393.1,8.383333333999872,OFFENSE,43,,,00:13:50,,,,P/R,,"#14 Reeves, #13 Kelly, #5 Gapare, #1 Sturdivant, #10 Dowuona",,1,,FT - MI,, ,,
Game #1 - Georgia Southern 11-06-23 (FINAL),2498.666,8.5,OFFENSE,44,,,00:14:11,,,,OTHER,,"#14 Reeves, #13 Kelly, #5 Gapare, #10 Dowuona, #1 Sturdivant",,1,,FT - MK,, ,,
Game #1 - Georgia Southern 11-06-23 (FINAL),2514.666666667,6.0,OFFENSE,45,,,00:14:11,,,,OTHER,,"#14 Reeves, #13 Kelly, #5 Gapare, #1 Sturdivant, #10 Dowuona",,1,,FT - MK,, ,,
Game #1 - Georgia Southern 11-06-23 (FINAL),2558.033,16.35033333399997,OFFENSE,46,,,00:14:33,,,,OFF BALL SCREEN,,"#14 Reeves, #13 Kelly, #5 Gapare, #1 Sturdivant, #12 Claude",,1,,X3,,"Right Wing 3, Kelly #13,  ",,
Game #1 - Georgia Southern 11-06-23 (FINAL),2591.916666667,16.366333333000057,OFFENSE,47,,,00:15:05,,,,P/R,,"#1 Sturdivant, #12 Claude, #5 Gapare, #13 Kelly, #14 Reeves",,1,,O3,,"3pt Make, Right Corner 3, Reeves #14,  ",,
Game #1 - Georgia Southern 11-06-23 (FINAL),2616.35,8.682999999999993,OFFENSE,48,,,00:15:29,,,,,,"#14 Reeves, #13 Kelly, #5 Gapare, #1 Sturdivant, #12 Claude",,1,,O2,TRANSITION,"2pt Make, Transition O, Kelly #13, At Rim,  ",,
Game #1 - Georgia Southern 11-06-23 (FINAL),2852.65,8.83333333399969,OFFENSE,49,,,00:16:05,,,,,,"#12 Claude, #1 Sturdivant, #5 Gapare, #13 Kelly, #14 Reeves",,1,,X3,TRANSITION,"Right Corner 3, Reeves #14,  ",,
Game #1 - Georgia Southern 11-06-23 (FINAL),2877.266,23.22981379166913,OFFENSE,50,,,00:16:21,,,,P/R,,"#14 Reeves, #13 Kelly, #5 Gapare, #1 Sturdivant, #12 Claude",,1,,O2,,"2pt Make, Claude #12, At Rim,  ",,
Game #1 - Georgia Southern 11-06-23 (FINAL),2979.8,16.155744298999707,OFFENSE,51,,,00:16:52,,,,P/R,,"#14 Reeves, #13 Kelly, #5 Gapare, #1 Sturdivant, #12 Claude",,1,,X3,,"GT Off Reb, Left Corner 3, Kelly #13,  ",,
Game #1 - Georgia Southern 11-06-23 (FINAL),2995.955744299,6.5102557010000055,OFFENSE,52,,,00:17:08,,,,CUT,,"#14 Reeves, #13 Kelly, #5 Gapare, #1 Sturdivant, #12 Claude",,1,,X2F,,"Forced Foul, At Rim, Kelly #13,  ",,
Game #1 - Georgia Southern 11-06-23 (FINAL),3023.666,6.183999999999742,OFFENSE,53,,,00:17:11,,,,CUT,,"#14 Reeves, #13 Kelly, #5 Gapare, #1 Sturdivant, #12 Claude",,1,,FT - MI,, ,,
Game #1 - Georgia Southern 11-06-23 (FINAL),3035.883,4.083666667000216,OFFENSE,54,,,00:17:11,,,,CUT,,"#14 Reeves, #13 Kelly, #5 Gapare, #1 Sturdivant, #12 Claude",,1,,FT - MI,, ,,
Game #1 - Georgia Southern 11-06-23 (FINAL),3063.172942077,6.711032880000403,OFFENSE,55,,,00:17:35,,,,,,"#14 Reeves, #13 Kelly, #5 Gapare, #1 Sturdivant, #12 Claude",,1,,TO,TRANSITION,"Turnover, Transition O,  ",,
Game #1 - Georgia Southern 11-06-23 (FINAL),3082.133,18.733666667000307,OFFENSE,56,,,00:17:54,,,,OFF BALL SCREEN,,"#14 Reeves, #13 Kelly, #5 Gapare, #1 Sturdivant, #12 Claude",,1,,,,"Forced Foul,  ",,
Game #1 - Georgia Southern 11-06-23 (FINAL),3124.9,3.5160000000000764,OFFENSE,57,,,00:18:09,,,,OFF BALL SCREEN,,"#14 Reeves, #13 Kelly, #5 Gapare, #1 Sturdivant, #12 Claude",,1,,FT - MK,, ,,
Game #1 - Georgia Southern 11-06-23 (FINAL),3141.166666667,5.2493333330003225,OFFENSE,58,,,00:18:09,,,,OFF BALL SCREEN,,"#14 Reeves, #13 Kelly, #5 Gapare, #1 Sturdivant, #12 Claude",,1,,FT - MK,, ,,
Game #1 - Georgia Southern 11-06-23 (FINAL),3179.766,16.275001959999827,OFFENSE,59,,,00:18:15,,,,P/R,,"#14 Reeves, #3 Coleman, #5 Gapare, #1 Sturdivant, #12 Claude",,1,,X2,,"Left Short Midrange 2, Gapare #5,  ",,
Game #1 - Georgia Southern 11-06-23 (FINAL),3268.983,23.60033333399997,OFFENSE,60,,,00:18:33,,,,P/R,,"#14 Reeves, #3 Coleman, #23 Sacko, #1 Sturdivant, #12 Claude",,1,,O2,,"2pt Make, At Rim, Claude #12,  ",,
Game #1 - Georgia Southern 11-06-23 (FINAL),3311.721,25.778999999999996,OFFENSE,61,,,00:19:14,,,,P/R,,"#14 Reeves, #3 Coleman, #23 Sacko, #1 Sturdivant, #12 Claude",,1,,X3,,"Right Corner 3, Sacko #23,  ",,New Flag
Game #1 - Georgia Southern 11-06-23 (FINAL),3661.002016667,26.788983333000033,OFFENSE,62,,,00:00:14,,,,P/R,,"#14 Reeves, #13 Kelly, #5 Gapare, #24 Abram, #12 Claude",,2,,O3,,"3pt Make, Left Corner 3, Kelly #13,  ",,New Flag
Game #1 - Georgia Southern 11-06-23 (FINAL),3697.20485,6.38715000000002,OFFENSE,63,,,00:00:51,,,,,,"#14 Reeves, #13 Kelly, #5 Gapare, #24 Abram, #12 Claude",,2,,O2,TRANSITION,"Transition O, At Rim, Reeves #14,  ",,
Game #1 - Georgia Southern 11-06-23 (FINAL),3719.09088705,18.799832067999887,OFFENSE,64,,,00:01:12,,,,CUT,,"#14 Reeves, #13 Kelly, #5 Gapare, #24 Abram, #12 Claude",,2,,X2,,"At Rim, Claude #12,  ",,
Game #1 - Georgia Southern 11-06-23 (FINAL),3755.2128,6.456450000000132,OFFENSE,65,,,00:01:49,,,,,,"#14 Reeves, #13 Kelly, #5 Gapare, #12 Claude, #24 Abram",,2,,X2,TRANSITION,"Transition O, Gapare #5, At Rim,  ",,
Game #1 - Georgia Southern 11-06-23 (FINAL),3815.976,10.952344374999939,OFFENSE,66,,,00:02:25,,,,OFF BALL SCREEN,,"#14 Reeves, #13 Kelly, #23 Sacko, #24 Abram, #12 Claude",,2,,O3,,"SLOB Off, 3pt Make, Right Wing 3, Reeves #14,  ",,
Game #1 - Georgia Southern 11-06-23 (FINAL),3929.81,14.054999999999836,OFFENSE,67,,,00:03:04,,,,CUT,,"#14 Reeves, #3 Coleman, #23 Sacko, #24 Abram, #12 Claude",,2,,X2,,"At Rim, Sacko #23,  ",,
Game #1 - Georgia Southern 11-06-23 (FINAL),3961.16855,23.21945000000005,OFFENSE,68,,,00:03:35,,,,P/R,,"#14 Reeves, #3 Coleman, #23 Sacko, #24 Abram, #12 Claude",,2,,X2F,,"Forced Foul, At Rim, Coleman #3,  ",,
Game #1 - Georgia Southern 11-06-23 (FINAL),4014.138,5.25,OFFENSE,69,,,00:03:55,,,,CUT,,"#12 Claude, #24 Abram, #3 Coleman, #23 Sacko, #14 Reeves",,2,,FT - MI,, ,,
Game #1 - Georgia Southern 11-06-23 (FINAL),4033.407383334,8.274933333000263,OFFENSE,70,,,00:03:55,,,,P/R,,"#14 Reeves, #3 Coleman, #23 Sacko, #24 Abram, #12 Claude",,2,,FT - MI,, ,,
Game #1 - Georgia Southern 11-06-23 (FINAL),4056.209940083,6.159709916999873,OFFENSE,71,,,00:04:11,,,,,,"#14 Reeves, #3 Coleman, #23 Sacko, #24 Abram, #12 Claude",,2,,X2,TRANSITION,"GT Off Reb, At Rim, Claude #12,  ",,
Game #1 - Georgia Southern 11-06-23 (FINAL),4062.36965,6.739349999999831,OFFENSE,72,,,00:04:17,,,,OREB,,"#14 Reeves, #3 Coleman, #23 Sacko, #24 Abram, #12 Claude",,2,,X2,,"GT Off Reb, At Rim, Abram #24,  ",,New Flag
Game #1 - Georgia Southern 11-06-23 (FINAL),4069.109,3.8530000000000655,OFFENSE,73,,,00:04:24,,,,OREB,,"#14 Reeves, #3 Coleman, #23 Sacko, #24 Abram, #12 Claude",,2,,O2,,"2pt Make, At Rim, Claude #12,  ",,
Game #1 - Georgia Southern 11-06-23 (FINAL),4093.9512,22.244880760664728,OFFENSE,74,,,00:04:49,,,,,,"#14 Reeves, #3 Coleman, #23 Sacko, #24 Abram, #12 Claude",,2,,,, ,,
Game #1 - Georgia Southern 11-06-23 (FINAL),4218.145333334,12.718264791000365,OFFENSE,75,,,00:05:08,,,,DK/MVMT,,"#10 Dowuona, #24 Abram, #23 Sacko, #3 Coleman, #14 Reeves",,2,,TO,,"SLOB Off, Turnover,  ",,
Game #1 - Georgia Southern 11-06-23 (FINAL),4287.89521477,5.752785229999972,OFFENSE,76,,,00:05:20,,,,OTHER,,"#14 Reeves, #3 Coleman, #23 Sacko, #24 Abram, #10 Dowuona",,2,,FT - MK,, ,,
Game #1 - Georgia Southern 11-06-23 (FINAL),4325.852933334,6.544019168333762,OFFENSE,77,,,00:05:20,,,,OTHER,,"#14 Reeves, #3 Coleman, #23 Sacko, #24 Abram, #10 Dowuona",,2,,FT - MK,, ,,
Game #1 - Georgia Southern 11-06-23 (FINAL),4373.116816667,25.080629948999558,OFFENSE,78,,,00:05:32,,,,P/R,,"#14 Reeves, #3 Coleman, #23 Sacko, #24 Abram, #10 Dowuona",,2,,X3F,,"Forced Foul, Right Corner 3, Coleman #3,  ",,New Flag
Game #1 - Georgia Southern 11-06-23 (FINAL),4424.947,5.75,OFFENSE,79,,,00:05:57,,,,DK/MVMT,,"#14 Reeves, #3 Coleman, #23 Sacko, #24 Abram, #10 Dowuona",,2,,FT - MK,, ,,
Game #1 - Georgia Southern 11-06-23 (FINAL),4438.197,6.25,OFFENSE,80,,,00:05:57,,,,DK/MVMT,,"#14 Reeves, #3 Coleman, #23 Sacko, #24 Abram, #10 Dowuona",,2,,FT - MK,, ,,
Game #1 - Georgia Southern 11-06-23 (FINAL),4461.954,6.0,OFFENSE,81,,,00:05:57,,,,DK/MVMT,,"#14 Reeves, #3 Coleman, #23 Sacko, #24 Abram, #10 Dowuona",,2,,FT - MK,, ,,
Game #1 - Georgia Southern 11-06-23 (FINAL),4530.173716667,10.174283332999948,OFFENSE,82,,,00:06:28,,,,,,"#13 Kelly, #3 Coleman, #23 Sacko, #24 Abram, #12 Claude",,2,,TO,TRANSITION,"Turnover, Transition O,  ",,
Game #1 - Georgia Southern 11-06-23 (FINAL),4550.542,8.443833333999464,OFFENSE,83,,,00:06:49,,,,,,"#12 Claude, #24 Abram, #23 Sacko, #3 Coleman, #13 Kelly",,2,,X3,TRANSITION,"GT Off Reb, Transition O, Left Wing 3, Kelly #13,  ",,
Game #1 - Georgia Southern 11-06-23 (FINAL),4559.019,4.955149999999776,OFFENSE,84,,,00:06:57,,,,OREB,,"#13 Kelly, #24 Abram, #3 Coleman, #12 Claude, #23 Sacko",,2,,X3,,"GT Off Reb, Straightaway 3, Abram #24,  ",,
Game #1 - Georgia Southern 11-06-23 (FINAL),4563.97415,7.070850000000064,OFFENSE,85,,,00:07:02,,,,,,"#13 Kelly, #3 Coleman, #23 Sacko, #24 Abram, #12 Claude",,2,,,,"Forced Foul,  ",,
Game #1 - Georgia Southern 11-06-23 (FINAL),4587.047,3.520383334000144,OFFENSE,86,,,00:07:04,,,,BLOB,,"#12 Claude, #1 Sturdivant, #23 Sacko, #3 Coleman, #13 Kelly",,2,,O2,,"BLOB Off, 2pt Make, At Rim, Kelly #13,  ",,
Game #1 - Georgia Southern 11-06-23 (FINAL),4815.291883334,20.870850000000246,OFFENSE,87,,,00:07:22,,,,P/R,,"#12 Claude, #1 Sturdivant, #14 Reeves, #3 Coleman, #13 Kelly",,2,,X3,,"Left Wing 3, Claude #12,  ",,New Flag
Game #1 - Georgia Southern 11-06-23 (FINAL),4842.45235,16.332983334000346,OFFENSE,88,,,00:07:49,,,,POST,,"#13 Kelly, #3 Coleman, #14 Reeves, #1 Sturdivant, #12 Claude",,2,,O3,,"3pt Make, Coleman #3, Left Corner 3,  ",,New Flag
Game #1 - Georgia Southern 11-06-23 (FINAL),4878.426032583,9.071317416999591,OFFENSE,89,,,00:08:25,,,,,,"#13 Kelly, #3 Coleman, #14 Reeves, #1 Sturdivant, #12 Claude",,2,,X3,TRANSITION,"Transition O, Left Wing 3, Kelly #13,  ",,
Game #1 - Georgia Southern 11-06-23 (FINAL),5126.369316667,20.627843875329745,OFFENSE,90,,,00:09:15,,,,OFF BALL SCREEN,,"#13 Kelly, #3 Coleman, #14 Reeves, #1 Sturdivant, #12 Claude",,2,,X2,,"Right Short Midrange 2, Kelly #13,  ",,
Game #1 - Georgia Southern 11-06-23 (FINAL),5167.238223349,31.486709984999834,OFFENSE,91,,,00:09:56,,,,P/R,,"#13 Kelly, #3 Coleman, #14 Reeves, #1 Sturdivant, #12 Claude",,2,,O3,,"3pt Make, Left Wing 3, Sturdivant #1,  ",,
Game #1 - Georgia Southern 11-06-23 (FINAL),5218.933552333,15.37693100100023,OFFENSE,92,,,00:10:47,,,,DK/MVMT,,"#13 Kelly, #3 Coleman, #14 Reeves, #1 Sturdivant, #12 Claude",,2,,O3,,"3pt Make, Right Corner 3, Coleman #3,  ",,
Game #1 - Georgia Southern 11-06-23 (FINAL),5253.6131,29.858900000000176,OFFENSE,93,,,00:11:22,,,,,,"#13 Kelly, #3 Coleman, #14 Reeves, #1 Sturdivant, #12 Claude",,2,,,, ,,
Game #1 - Georgia Southern 11-06-23 (FINAL),5517.961,9.919898776999617,OFFENSE,94,,,00:11:48,,,,BLOB,,"#12 Claude, #1 Sturdivant, #14 Reeves, #3 Coleman, #13 Kelly",,2,,O3,,"BLOB Off, 3pt Make, Left Corner 3, Kelly #13,  ",,
Game #1 - Georgia Southern 11-06-23 (FINAL),5633.957,23.738999999999578,OFFENSE,95,,,00:12:23,,,,P/R,,"#13 Kelly, #3 Coleman, #14 Reeves, #1 Sturdivant, #12 Claude",,2,,TO,,"Turnover,  ",,
Game #1 - Georgia Southern 11-06-23 (FINAL),5678.632105947,8.340283849000116,OFFENSE,96,,,00:12:59,,,,,,"#13 Kelly, #3 Coleman, #14 Reeves, #1 Sturdivant, #12 Claude",,2,,O2,TRANSITION,"Transition O, 2pt Make, At Rim, Coleman #3,  ",,
Game #1 - Georgia Southern 11-06-23 (FINAL),5707.37,17.925864825000644,OFFENSE,97,,,00:13:27,,,,P/R,,"#13 Kelly, #3 Coleman, #14 Reeves, #1 Sturdivant, #12 Claude",,2,,O3,,"3pt Make, Left Wing 3, Kelly #13,  ",,New Flag
Game #1 - Georgia Southern 11-06-23 (FINAL),5738.394602028,18.804914639000344,OFFENSE,98,,,00:13:58,,,,P/R,,"#13 Kelly, #3 Coleman, #14 Reeves, #1 Sturdivant, #12 Claude",,2,,O3,,"3pt Make, Left Corner 3, Reeves #14,  ",,New Flag
Game #1 - Georgia Southern 11-06-23 (FINAL),5764.440083334,14.8239297300006,OFFENSE,99,,,00:14:24,,,,P/R,,"#13 Kelly, #3 Coleman, #14 Reeves, #1 Sturdivant, #12 Claude",,2,,X2,,"At Rim, Claude #12,  ",,
Game #1 - Georgia Southern 11-06-23 (FINAL),5786.2452,14.564550000000054,OFFENSE,100,,,00:14:46,,,,,,"#13 Kelly, #3 Coleman, #14 Reeves, #1 Sturdivant, #12 Claude",,2,,,, ,,
Game #1 - Georgia Southern 11-06-23 (FINAL),5825.451033334,27.189966665999236,OFFENSE,101,,,00:14:58,,,,DK/MVMT,,"#13 Kelly, #3 Coleman, #14 Reeves, #1 Sturdivant, #10 Dowuona",,2,,TO,,"SLOB Off, Turnover, Reeves #14, Left Corner 3,  ",,
Game #1 - Georgia Southern 11-06-23 (FINAL),5875.517716667,20.737383333000253,OFFENSE,102,,,00:15:30,,,,P/R,,"#13 Kelly, #3 Coleman, #1 Sturdivant, #14 Reeves, #10 Dowuona",,2,,O2,,"2pt Make, At Rim, Kelly #13,  ",,
Game #1 - Georgia Southern 11-06-23 (FINAL),5906.098266667,3.3033000000004904,OFFENSE,103,,,00:16:01,,,,,,"#13 Kelly, #3 Coleman, #14 Reeves, #1 Sturdivant, #10 Dowuona",,2,,O2,TRANSITION,"2pt Make, Transition O, At Rim, Coleman #3,  ",,
Game #1 - Georgia Southern 11-06-23 (FINAL),6182.6412,27.444083334000425,OFFENSE,104,,,00:16:16,,,,P/R,,"#13 Kelly, #3 Coleman, #14 Reeves, #1 Sturdivant, #12 Claude",,2,,O3,,"3pt Make, Left Corner 3, Kelly #13,  ",,New Flag
Game #1 - Georgia Southern 11-06-23 (FINAL),6220.892792163,25.011607837000156,OFFENSE,105,,,00:16:54,,,,P/R,,"#13 Kelly, #3 Coleman, #14 Reeves, #1 Sturdivant, #12 Claude",,2,,X2F,,"Forced Foul, At Rim, Claude #12,  ",,
Game #1 - Georgia Southern 11-06-23 (FINAL),6269.0275,7.273933333999594,OFFENSE,106,,,00:17:18,,,,P/R,,"#13 Kelly, #3 Coleman, #14 Reeves, #1 Sturdivant, #12 Claude",,2,,FT - MK,, ,,
Game #1 - Georgia Southern 11-06-23 (FINAL),6282.068,5.96100000000024,OFFENSE,107,,,00:17:18,,,,P/R,,"#13 Kelly, #3 Coleman, #14 Reeves, #1 Sturdivant, #12 Claude",,2,,FT - MI,, ,,
Game #1 - Georgia Southern 11-06-23 (FINAL),6314.82325,22.170971447328157,OFFENSE,108,,,00:17:30,,,,DK/MVMT,,"#13 Kelly, #3 Coleman, #14 Reeves, #1 Sturdivant, #12 Claude",,2,,X3,,"Left Wing 3, Coleman #3,  ",,
Game #1 - Georgia Southern 11-06-23 (FINAL),6348.911,11.771999999999935,OFFENSE,109,,,00:18:04,,,,OTHER,,"#13 Kelly, #3 Coleman, #14 Reeves, #1 Sturdivant, #12 Claude",,2,,X2F,,"Forced Foul,  ",,
Game #1 - Georgia Southern 11-06-23 (FINAL),6380.935,21.253999999999905,OFFENSE,110,,,00:18:12,,,,OTHER,,"#13 Kelly, #3 Coleman, #14 Reeves, #1 Sturdivant, #12 Claude",,2,,FT - MK,, ,,
Game #1 - Georgia Southern 11-06-23 (FINAL),6411.943,9.510000000000218,OFFENSE,111,,,00:18:12,,,,OTHER,,"#23 Sacko, #1 Sturdivant, #14 Reeves, #3 Coleman, #13 Kelly",,2,,FT - MK,, ,,
Game #1 - Georgia Southern 11-06-23 (FINAL),6468.37665,7.44076666699948,OFFENSE,112,,,00:18:39,,,,,,"#13 Kelly, #3 Coleman, #14 Reeves, #1 Sturdivant, #23 Sacko",,2,,O2F,TRANSITION,"Transition O, 2pt Make, Forced Foul, At Rim, Kelly #13,  ",,
Game #1 - Georgia Southern 11-06-23 (FINAL),6527.591297583664,10.102464665335901,OFFENSE,113,,,00:18:41,,,,,,"#23 Sacko, #1 Sturdivant, #14 Reeves, #3 Coleman, #13 Kelly",,2,,O2,TRANSITION, ,,
Game #1 - Georgia Southern 11-06-23 (FINAL),6547.212668192,28.788165142000253,OFFENSE,114,,,00:18:47,,,,ISO,,"#13 Kelly, #3 Coleman, #14 Reeves, #1 Sturdivant, #23 Sacko",,2,,O2,,"2pt Make, Right Short Midrange 2, Sturdivant #1,  ",,
Game #1 - Georgia Southern 11-06-23 (FINAL),6608.951,36.51923333400009,OFFENSE,115,,,00:19:30,,,,,,,,2,,,, ,,
Game #1 - Georgia Southern 11-06-23 (FINAL),218.448,16.367999999999995,DEFENSE,1,,,00:00:15,,,,DK/MVMT,,"#13 Kelly, #5 Gapare, #14 Reeves, #24 Abram, #12 Claude",,1,,TO,,"Forced TO,  ",,
Game #1 - Georgia Southern 11-06-23 (FINAL),321.083,15.650333333999981,DEFENSE,2,,,00:01:10,,,,OFF BALL SCREEN,,"#13 Kelly, #5 Gapare, #14 Reeves, #24 Abram, #12 Claude",,1,,X2,,"Opp Off Reb,  ",,New Flag
Game #1 - Georgia Southern 11-06-23 (FINAL),336.733333334,5.482666666,DEFENSE,3,,,00:01:25,,,,OREB,,"#13 Kelly, #5 Gapare, #14 Reeves, #24 Abram, #12 Claude",,1,,X2F,,"D Foul,  ",,
Game #1 - Georgia Southern 11-06-23 (FINAL),366.216,6.5,DEFENSE,4,,,00:01:28,,,,OREB,,"#13 Kelly, #5 Gapare, #14 Reeves, #24 Abram, #12 Claude",,1,,FT - MK,, ,,
Game #1 - Georgia Southern 11-06-23 (FINAL),378.716,4.3506666669999845,DEFENSE,5,,,00:01:28,,,,,,"#13 Kelly, #5 Gapare, #14 Reeves, #24 Abram, #12 Claude",,1,,FT - MI,, ,,
Game #1 - Georgia Southern 11-06-23 (FINAL),412.866,13.717333333999989,DEFENSE,6,,,00:01:59,,,,P/R,,"#13 Kelly, #5 Gapare, #14 Reeves, #24 Abram, #12 Claude",,1,,O3,,"Opp. 3pt Make,  ",,
Game #1 - Georgia Southern 11-06-23 (FINAL),447.833333334,8.5,DEFENSE,7,,,00:02:34,,,,,,"#13 Kelly, #5 Gapare, #14 Reeves, #24 Abram, #12 Claude",,1,,X3,TRANSITION,"Transition D,  ",,
Game #1 - Georgia Southern 11-06-23 (FINAL),532.516666667,24.01666666699998,DEFENSE,8,,,00:03:05,,,,P/R,,"#13 Kelly, #5 Gapare, #14 Reeves, #24 Abram, #12 Claude",,1,,O3,,"Opp. 3pt Make,  ",,
Game #1 - Georgia Southern 11-06-23 (FINAL),574.216666667,10.083333332999928,DEFENSE,9,,,00:03:47,,,,,,"#13 Kelly, #5 Gapare, #14 Reeves, #24 Abram, #12 Claude",,1,,X3,TRANSITION,"Transition D,  ",,
Game #1 - Georgia Southern 11-06-23 (FINAL),598.466,38.14999999999998,DEFENSE,10,,,00:03:55,,,,P/R,,"#13 Kelly, #5 Gapare, #14 Reeves, #1 Sturdivant, #10 Dowuona",,1,,TO,,"BLOB Def, Forced TO,  ",,
Game #1 - Georgia Southern 11-06-23 (FINAL),853.7,6.533333333999963,DEFENSE,11,,,00:04:47,,,,,,"#13 Kelly, #5 Gapare, #14 Reeves, #1 Sturdivant, #10 Dowuona",,1,,X2F,TRANSITION,"Transition D,  ",,
Game #1 - Georgia Southern 11-06-23 (FINAL),886.424765745,3.999234255000033,DEFENSE,12,,,00:04:51,,,,,,"#13 Kelly, #5 Gapare, #14 Reeves, #1 Sturdivant, #10 Dowuona",,1,,FT - MI,TRANSITION, ,,
Game #1 - Georgia Southern 11-06-23 (FINAL),908.616666667,6.016333333000034,DEFENSE,13,,,00:04:51,,,,,,"#13 Kelly, #5 Gapare, #14 Reeves, #1 Sturdivant, #10 Dowuona",,1,,FT - MK,TRANSITION, ,,
Game #1 - Georgia Southern 11-06-23 (FINAL),935.783,8.500333333999947,DEFENSE,14,,,00:05:09,,,,,,"#13 Kelly, #3 Coleman, #14 Reeves, #1 Sturdivant, #10 Dowuona",,1,,X2,TRANSITION,"Opp Off Reb,  ",,
Game #1 - Georgia Southern 11-06-23 (FINAL),944.283333334,4.533333333000087,DEFENSE,15,,,00:05:18,,,,OREB,,"#13 Kelly, #3 Coleman, #14 Reeves, #1 Sturdivant, #10 Dowuona",,1,,,,"D Foul,  ",,
Game #1 - Georgia Southern 11-06-23 (FINAL),968.283,14.10033333399997,DEFENSE,16,,,00:05:20,,,,P/R,,"#13 Kelly, #3 Coleman, #14 Reeves, #1 Sturdivant, #10 Dowuona",,1,,X3,,"BLOB Def,  ",,
Game #1 - Georgia Southern 11-06-23 (FINAL),1050.666,15.417000000000144,DEFENSE,17,,,00:05:52,,,,P/R,,"#13 Kelly, #3 Coleman, #1 Sturdivant, #10 Dowuona, #23 Sacko",,1,,,,"D Foul,  ",,
Game #1 - Georgia Southern 11-06-23 (FINAL),1087.083,17.96699999999987,DEFENSE,18,,,00:06:03,,,,ISO,,"#13 Kelly, #3 Coleman, #23 Sacko, #1 Sturdivant, #10 Dowuona",,1,,X2,,"SLOB Def,  ",,
Game #1 - Georgia Southern 11-06-23 (FINAL),1134.3,23.666666667000072,DEFENSE,19,,,00:06:20,,,,DK/MVMT,,"#12 Claude, #1 Sturdivant, #23 Sacko, #3 Coleman, #13 Kelly",,1,,X2,, ,,
Game #1 - Georgia Southern 11-06-23 (FINAL),1201.366,18.917333333999977,DEFENSE,20,,,00:07:04,,,,P/R,,"#24 Abram, #3 Coleman, #23 Sacko, #1 Sturdivant, #12 Claude",,1,,X3,, ,,
Game #1 - Georgia Southern 11-06-23 (FINAL),1234.933,15.35033333399997,DEFENSE,21,,,00:07:38,,,,DK/MVMT,,"#24 Abram, #3 Coleman, #23 Sacko, #1 Sturdivant, #12 Claude",,1,,X3,, ,,
Game #1 - Georgia Southern 11-06-23 (FINAL),1513.816666667,20.916666667000072,DEFENSE,22,,,00:08:10,,,,DK/MVMT,,"#12 Claude, #1 Sturdivant, #23 Sacko, #3 Coleman, #24 Abram",,1,,O2,,"Opp. 2pt Make,  ",,
Game #1 - Georgia Southern 11-06-23 (FINAL),1648.966666667,14.79933333300005,DEFENSE,23,,,00:08:51,,,,P/R,,"#24 Abram, #3 Coleman, #23 Sacko, #1 Sturdivant, #12 Claude",,1,,X3,, ,,
Game #1 - Georgia Southern 11-06-23 (FINAL),1707.933,15.267000000000053,DEFENSE,24,,,00:09:21,,,,P/R,,"#24 Abram, #3 Coleman, #23 Sacko, #1 Sturdivant, #12 Claude",,1,,X2,, ,,
Game #1 - Georgia Southern 11-06-23 (FINAL),1729.033333334,11.466666666000037,DEFENSE,25,,,00:09:42,,,,ISO,,"#24 Abram, #3 Coleman, #23 Sacko, #1 Sturdivant, #12 Claude",,1,,O2,,"Opp. 2pt Make,  ",,
Game #1 - Georgia Southern 11-06-23 (FINAL),1751.216666667,17.149999999999864,DEFENSE,26,,,00:10:04,,,,DK/MVMT,,"#24 Abram, #3 Coleman, #23 Sacko, #1 Sturdivant, #12 Claude",,1,,O3F,,"Opp. 3pt Make, D Foul,  ",,
Game #1 - Georgia Southern 11-06-23 (FINAL),1818.616,5.5,DEFENSE,27,,,00:10:19,,,,DK/MVMT,,"#24 Abram, #3 Coleman, #23 Sacko, #1 Sturdivant, #12 Claude",,1,,FT - MK,, ,,
Game #1 - Georgia Southern 11-06-23 (FINAL),1842.733333334,20.852885154999967,DEFENSE,28,,,00:10:35,,,,DK/MVMT,,"#10 Dowuona, #1 Sturdivant, #5 Gapare, #3 Coleman, #24 Abram",,1,,X2,, ,,
Game #1 - Georgia Southern 11-06-23 (FINAL),1889.9962441063315,24.466119811668477,DEFENSE,29,,,00:11:02,,,,ISO,,"#24 Abram, #3 Coleman, #5 Gapare, #13 Kelly, #10 Dowuona",,1,,TO,,"Forced TO,  ",,
Game #1 - Georgia Southern 11-06-23 (FINAL),1920.466,23.0,DEFENSE,30,,,00:11:33,,,,ISO,,"#24 Abram, #3 Coleman, #5 Gapare, #13 Kelly, #10 Dowuona",,1,,X3,, ,,
Game #1 - Georgia Southern 11-06-23 (FINAL),2227.87849348,10.354839853999692,DEFENSE,31,,,00:12:20,,,,DHO/HOFF,,"#1 Sturdivant, #14 Reeves, #5 Gapare, #13 Kelly, #10 Dowuona",,1,,X2,,"Opp Off Reb,  ",,
Game #1 - Georgia Southern 11-06-23 (FINAL),2238.233333334,2.2666666660002193,DEFENSE,32,,,00:12:29,,,,OREB,,"#10 Dowuona, #13 Kelly, #14 Reeves, #5 Gapare, #1 Sturdivant",,1,,O2,,"Opp. 2pt Make,  ",,
Game #1 - Georgia Southern 11-06-23 (FINAL),2275.5,17.583000000000084,DEFENSE,33,,,00:12:49,,,,P/R,,"#1 Sturdivant, #14 Reeves, #5 Gapare, #13 Kelly, #10 Dowuona",,1,,X2,, ,,
Game #1 - Georgia Southern 11-06-23 (FINAL),2304.8,14.48299999999972,DEFENSE,34,,,00:13:04,,,,P/R,,"#1 Sturdivant, #14 Reeves, #5 Gapare, #13 Kelly, #10 Dowuona",,1,,O2,,"BLOB Def, Opp. 2pt Make,  ",,
Game #1 - Georgia Southern 11-06-23 (FINAL),2401.483333334,15.41666666600031,DEFENSE,35,,,00:13:51,,,,DHO/HOFF,,"#1 Sturdivant, #14 Reeves, #5 Gapare, #13 Kelly, #10 Dowuona",,1,,X2,,"Opp Off Reb,  ",,
Game #1 - Georgia Southern 11-06-23 (FINAL),2416.9,7.016666666999754,DEFENSE,36,,,00:14:06,,,,OREB,,"#1 Sturdivant, #14 Reeves, #5 Gapare, #13 Kelly, #10 Dowuona",,1,,X3,, ,,
Game #1 - Georgia Southern 11-06-23 (FINAL),2520.666666667,27.383333333000337,DEFENSE,37,,,00:14:11,,,,DK/MVMT,,"#1 Sturdivant, #14 Reeves, #5 Gapare, #13 Kelly, #12 Claude",,1,,TO,,"Forced TO,  ",,
Game #1 - Georgia Southern 11-06-23 (FINAL),2574.383333334,17.533333332999973,DEFENSE,38,,,00:14:47,,,,DK/MVMT,,"#12 Claude, #13 Kelly, #5 Gapare, #14 Reeves, #1 Sturdivant",,1,,O2,,"Opp. 2pt Make,  ",,
Game #1 - Georgia Southern 11-06-23 (FINAL),2608.283,8.067000000000007,DEFENSE,39,,,00:15:21,,,,P/R,,"#1 Sturdivant, #14 Reeves, #5 Gapare, #13 Kelly, #12 Claude",,1,,TO,,"Forced TO,  ",,
Game #1 - Georgia Southern 11-06-23 (FINAL),2824.6,28.050000000000182,DEFENSE,40,,,00:15:37,,,,DK/MVMT,,"#1 Sturdivant, #5 Gapare, #13 Kelly, #12 Claude, #14 Reeves",,1,,X2,, ,,
Game #1 - Georgia Southern 11-06-23 (FINAL),2861.483333334,11.032666666000296,DEFENSE,41,,,00:16:14,,,,,,"#12 Claude, #13 Kelly, #5 Gapare, #14 Reeves, #1 Sturdivant",,1,,TO,TRANSITION,"Forced TO,  ",,
Game #1 - Georgia Southern 11-06-23 (FINAL),2900.495813791669,19.796853040328642,DEFENSE,42,,,00:16:42,,,,DHO/HOFF,,"#1 Sturdivant, #14 Reeves, #5 Gapare, #13 Kelly, #12 Claude",,1,,X2F,,"D Foul,  ",,
Game #1 - Georgia Southern 11-06-23 (FINAL),2949.521082944,4.249917055999958,DEFENSE,43,,,00:16:51,,,,DHO/HOFF,,"#1 Sturdivant, #14 Reeves, #5 Gapare, #13 Kelly, #12 Claude",,1,,FT - MK,, ,,
Game #1 - Georgia Southern 11-06-23 (FINAL),2967.133,5.25,DEFENSE,44,,,00:16:51,,,,DHO/HOFF,,"#1 Sturdivant, #14 Reeves, #5 Gapare, #13 Kelly, #12 Claude",,1,,FT - MK,, ,,
Game #1 - Georgia Southern 11-06-23 (FINAL),3039.966666667,23.206275409999762,DEFENSE,45,,,00:17:12,,,,ISO,,"#1 Sturdivant, #14 Reeves, #5 Gapare, #13 Kelly, #12 Claude",,1,,X2,, ,,
Game #1 - Georgia Southern 11-06-23 (FINAL),3069.883974957,12.24902504299962,DEFENSE,46,,,00:17:42,,,,,,"#1 Sturdivant, #14 Reeves, #5 Gapare, #13 Kelly, #12 Claude",,1,,O3,TRANSITION,"Transition D,  ",,
Game #1 - Georgia Southern 11-06-23 (FINAL),3157.166,6.349999999999909,DEFENSE,47,,,00:18:11,,,,OFF BALL SCREEN,,"#12 Claude, #3 Coleman, #5 Gapare, #14 Reeves, #1 Sturdivant",,1,,TO,,"Forced TO,  ",,
Game #1 - Georgia Southern 11-06-23 (FINAL),3196.04100196,2.9419980400002714,DEFENSE,48,,,00:18:31,,,,OTHER,,"#1 Sturdivant, #14 Reeves, #5 Gapare, #3 Coleman, #12 Claude",,1,,X2F,,"D Foul,  ",,
Game #1 - Georgia Southern 11-06-23 (FINAL),3245.233,4.75,DEFENSE,49,,,00:18:33,,,,OTHER,,"#1 Sturdivant, #14 Reeves, #5 Gapare, #3 Coleman, #12 Claude",,1,,FT - MK,, ,,
Game #1 - Georgia Southern 11-06-23 (FINAL),3260.483,8.5,DEFENSE,50,,,00:18:33,,,,OTHER,,"#1 Sturdivant, #14 Reeves, #5 Gapare, #3 Coleman, #12 Claude",,1,,FT - MK,, ,,
Game #1 - Georgia Southern 11-06-23 (FINAL),3292.583333334,19.13766666599986,DEFENSE,51,,,00:18:55,,,,ISO,,"#12 Claude, #3 Coleman, #23 Sacko, #14 Reeves, #1 Sturdivant",,1,,O2,,"Opp. 2pt Make,  ",,
Game #1 - Georgia Southern 11-06-23 (FINAL),3357.266,22.467333333999704,DEFENSE,52,,,00:19:40,,,,ISO,,"#1 Sturdivant, #14 Reeves, #23 Sacko, #3 Coleman, #12 Claude",,1,,X2,, ,,
Game #1 - Georgia Southern 11-06-23 (FINAL),3644.237,16.765016667000054,DEFENSE,53,,,,,,,POST,,"#24 Abram, #14 Reeves, #5 Gapare, #13 Kelly, #12 Claude",,,,O2,,"Opp. 2pt Make,  ",,
Game #1 - Georgia Southern 11-06-23 (FINAL),3687.791,9.413849999999911,DEFENSE,54,,,00:00:41,,,,OTHER,,"#24 Abram, #14 Reeves, #5 Gapare, #13 Kelly, #12 Claude",,2,,TO,,"Forced TO,  ",,
Game #1 - Georgia Southern 11-06-23 (FINAL),3703.592,15.498887050000121,DEFENSE,55,,,00:00:57,,,,OFF BALL SCREEN,,"#24 Abram, #14 Reeves, #5 Gapare, #13 Kelly, #12 Claude",,2,,O3,,"Opp. 3pt Make,  ",,
Game #1 - Georgia Southern 11-06-23 (FINAL),3737.890719118,17.322080881999682,DEFENSE,56,,,00:01:31,,,,OTHER,,"#24 Abram, #14 Reeves, #5 Gapare, #13 Kelly, #12 Claude",,2,,X2,, ,,
Game #1 - Georgia Southern 11-06-23 (FINAL),3761.66925,20.427030006663244,DEFENSE,57,,,00:01:55,,,,ISO,,"#24 Abram, #14 Reeves, #5 Gapare, #13 Kelly, #12 Claude",,2,,O2,,"Opp. 2pt Make,  ",,
Game #1 - Georgia Southern 11-06-23 (FINAL),3826.928344375,33.862770613000066,DEFENSE,58,,,00:02:34,,,,CUT,,"#24 Abram, #14 Reeves, #23 Sacko, #13 Kelly, #12 Claude",,2,,X2F,,"D Foul,  ",,
Game #1 - Georgia Southern 11-06-23 (FINAL),3888.301,8.770183334000194,DEFENSE,59,,,00:03:04,,,,CUT,,"#24 Abram, #14 Reeves, #23 Sacko, #13 Kelly, #12 Claude",,2,,FT - MK,, ,,
Game #1 - Georgia Southern 11-06-23 (FINAL),3897.071183334,22.4891333329997,DEFENSE,60,,,00:03:04,,,,CUT,,"#24 Abram, #14 Reeves, #23 Sacko, #13 Kelly, #12 Claude",,2,,FT - MK,, ,,
Game #1 - Georgia Southern 11-06-23 (FINAL),3943.865,17.303550000000087,DEFENSE,61,,,00:03:18,,,,DK/MVMT,,"#24 Abram, #14 Reeves, #23 Sacko, #3 Coleman, #12 Claude",,2,,TO,,"Forced TO,  ",,
Game #1 - Georgia Southern 11-06-23 (FINAL),4042.502,13.707940083000267,DEFENSE,62,,,00:03:57,,,,DK/MVMT,,"#24 Abram, #14 Reeves, #23 Sacko, #3 Coleman, #12 Claude",,2,,X3,, ,,
Game #1 - Georgia Southern 11-06-23 (FINAL),4072.962,15.275017294000008,DEFENSE,63,,,00:04:28,,,,OTHER,,"#24 Abram, #14 Reeves, #23 Sacko, #3 Coleman, #12 Claude",,2,,X3,,"Opp Off Reb,  ",,
Game #1 - Georgia Southern 11-06-23 (FINAL),4088.237017294,5.714182705999974,DEFENSE,64,,,00:04:43,,,,OREB,,"#24 Abram, #14 Reeves, #23 Sacko, #3 Coleman, #12 Claude",,2,,O2,,"Opp. 2pt Make,  ",,
Game #1 - Georgia Southern 11-06-23 (FINAL),4344.595636595994,11.89936340400618,DEFENSE,65,,,00:05:23,,,,,,"#24 Abram, #14 Reeves, #23 Sacko, #3 Coleman, #10 Dowuona",,2,,,,"D Foul,  ",,
Game #1 - Georgia Southern 11-06-23 (FINAL),4367.25,5.866816667000421,DEFENSE,66,,,00:05:30,,,,BLOB,,"#24 Abram, #14 Reeves, #23 Sacko, #3 Coleman, #10 Dowuona",,2,,O2,,"BLOB Def, Opp. 2pt Make,  ",,
Game #1 - Georgia Southern 11-06-23 (FINAL),4467.954,30.563538880000124,DEFENSE,67,,,00:05:57,,,,P/R,,"#24 Abram, #5 Gapare, #23 Sacko, #3 Coleman, #12 Claude",,2,,X2,, ,,
Game #1 - Georgia Southern 11-06-23 (FINAL),4521.576341718,8.597374949000368,DEFENSE,68,,,00:06:21,,,,BLOB,,"#24 Abram, #12 Claude, #23 Sacko, #3 Coleman, #13 Kelly",,2,,O2,,"BLOB Def, Opp. 2pt Make,  ",,
Game #1 - Georgia Southern 11-06-23 (FINAL),4540.348,10.194000000000415,DEFENSE,69,,,00:06:39,,,,,,"#13 Kelly, #3 Coleman, #23 Sacko, #12 Claude, #24 Abram",,2,,X2,TRANSITION,"Transition D,  ",,
Game #1 - Georgia Southern 11-06-23 (FINAL),4802.931,12.360883334000391,DEFENSE,70,,,00:07:14,,,,POST,,"#1 Sturdivant, #12 Claude, #14 Reeves, #3 Coleman, #13 Kelly",,2,,O2,,"SLOB Def, Opp. 2pt Make,  ",,
Game #1 - Georgia Southern 11-06-23 (FINAL),4836.162733334,6.289616665999347,DEFENSE,71,,,00:07:42,,,,,,"#1 Sturdivant, #12 Claude, #14 Reeves, #3 Coleman, #13 Kelly",,2,,X3,TRANSITION,"Transition D,  ",,
Game #1 - Georgia Southern 11-06-23 (FINAL),4858.785333334,19.640699249000136,DEFENSE,72,,,00:08:05,,,,DK/MVMT,,"#13 Kelly, #3 Coleman, #14 Reeves, #12 Claude, #1 Sturdivant",,2,,X3,, ,,
Game #1 - Georgia Southern 11-06-23 (FINAL),4887.49735,30.380350000000362,DEFENSE,73,,,00:08:34,,,,POST,,"#1 Sturdivant, #12 Claude, #14 Reeves, #3 Coleman, #13 Kelly",,2,,X3,,"Opp Off Reb,  ",,New Flag
Game #1 - Georgia Southern 11-06-23 (FINAL),5112.892,13.477316667000196,DEFENSE,74,,,00:09:03,,,,DK/MVMT,,"#1 Sturdivant, #12 Claude, #14 Reeves, #3 Coleman, #13 Kelly",,2,,TO,,"BLOB Def, Forced TO,  ",,
Game #1 - Georgia Southern 11-06-23 (FINAL),5146.99716054233,20.241062806670016,DEFENSE,75,,,00:09:35,,,,POST,,"#1 Sturdivant, #12 Claude, #14 Reeves, #3 Coleman, #13 Kelly",,2,,O2,,"Opp. 2pt Make,  ",,
Game #1 - Georgia Southern 11-06-23 (FINAL),5198.724933334,20.208618999000464,DEFENSE,76,,,00:10:27,,,,POST,,"#1 Sturdivant, #12 Claude, #14 Reeves, #3 Coleman, #13 Kelly",,2,,X2,, ,,
Game #1 - Georgia Southern 11-06-23 (FINAL),5234.310483334,16.282933333000074,DEFENSE,77,,,00:11:03,,,,P/R,,"#1 Sturdivant, #12 Claude, #14 Reeves, #3 Coleman, #13 Kelly",,2,,X2,,"Opp Off Reb,  ",,
Game #1 - Georgia Southern 11-06-23 (FINAL),5250.593416667,3.0196833329991932,DEFENSE,78,,,00:11:19,,,,OREB,,"#1 Sturdivant, #12 Claude, #14 Reeves, #3 Coleman, #13 Kelly",,2,,O2,,"Opp. 2pt Make,  ",,
Game #1 - Georgia Southern 11-06-23 (FINAL),5528.637,20.28778333399987,DEFENSE,79,,,00:11:56,,,,POST,,"#1 Sturdivant, #12 Claude, #14 Reeves, #3 Coleman, #13 Kelly",,2,,,,"D Foul,  ",,
Game #1 - Georgia Southern 11-06-23 (FINAL),5571.362393844,13.479606156000045,DEFENSE,80,,,00:12:14,,,,POST,,"#1 Sturdivant, #12 Claude, #14 Reeves, #3 Coleman, #13 Kelly",,2,,,,"BLOB Def, D Foul,  ",,
Game #1 - Georgia Southern 11-06-23 (FINAL),5604.115,9.335167750000437,DEFENSE,81,,,00:12:19,,,,POST,,"#1 Sturdivant, #12 Claude, #14 Reeves, #3 Coleman, #13 Kelly",,2,,TO,,"BLOB Def, Forced TO,  ",,
Game #1 - Georgia Southern 11-06-23 (FINAL),5668.95,9.68210594700031,DEFENSE,82,,,00:12:49,,,,ISO,,"#1 Sturdivant, #12 Claude, #14 Reeves, #3 Coleman, #13 Kelly",,2,,TO,,"Forced TO,  ",,
Game #1 - Georgia Southern 11-06-23 (FINAL),5691.290832146329,13.787167853671235,DEFENSE,83,,,00:13:11,,,,P/R,,"#1 Sturdivant, #12 Claude, #14 Reeves, #3 Coleman, #13 Kelly",,2,,O3,,"Opp. 3pt Make,  ",,
Game #1 - Georgia Southern 11-06-23 (FINAL),5725.2958648250005,13.098737202999473,DEFENSE,84,,,00:13:45,,,,ISO,,"#1 Sturdivant, #12 Claude, #14 Reeves, #3 Coleman, #13 Kelly",,2,,O2,,"Opp. 2pt Make,  ",,
Game #1 - Georgia Southern 11-06-23 (FINAL),5758.17,6.270083333999537,DEFENSE,85,,,00:14:18,,,,P/R,,"#1 Sturdivant, #12 Claude, #14 Reeves, #3 Coleman, #13 Kelly",,2,,X3,, ,,
Game #1 - Georgia Southern 11-06-23 (FINAL),5779.264013064,6.9811869360000856,DEFENSE,86,,,00:14:39,,,,,,"#1 Sturdivant, #12 Claude, #14 Reeves, #3 Coleman, #13 Kelly",,2,,TO,TRANSITION,"Transition D, Forced TO,  ",,
Game #1 - Georgia Southern 11-06-23 (FINAL),5863.539,11.978716667000299,DEFENSE,87,,,00:15:18,,,,P/R,,"#1 Sturdivant, #10 Dowuona, #14 Reeves, #3 Coleman, #13 Kelly",,2,,O2,,"Opp. 2pt Make,  ",,
Game #1 - Georgia Southern 11-06-23 (FINAL),5896.2551,9.843166666999423,DEFENSE,88,,,00:15:51,,,,P/R,,"#1 Sturdivant, #10 Dowuona, #14 Reeves, #3 Coleman, #13 Kelly",,2,,TO,, ,,
Game #1 - Georgia Southern 11-06-23 (FINAL),6126.39,7.25,DEFENSE,89,,,00:16:11,,,,POST,,"#1 Sturdivant, #10 Dowuona, #14 Reeves, #3 Coleman, #13 Kelly",,2,,X2F,,"SLOB Def, D Foul,  ",,
Game #1 - Georgia Southern 11-06-23 (FINAL),6157.393,5.7787500000004,DEFENSE,90,,,00:16:14,,,,POST,,"#1 Sturdivant, #10 Dowuona, #14 Reeves, #13 Kelly, #3 Coleman",,2,,FT - MK,, ,,
Game #1 - Georgia Southern 11-06-23 (FINAL),6175.188,7.453199999999924,DEFENSE,91,,,00:16:14,,,,POST,,"#1 Sturdivant, #10 Dowuona, #14 Reeves, #3 Coleman, #13 Kelly",,2,,FT - MI,, ,,
Game #1 - Georgia Southern 11-06-23 (FINAL),6210.085283334,10.807508828999744,DEFENSE,92,,,00:16:43,,,,P/R,,"#1 Sturdivant, #12 Claude, #14 Reeves, #3 Coleman, #13 Kelly",,2,,X3,, ,,
Game #1 - Georgia Southern 11-06-23 (FINAL),6288.874,15.372016667000025,DEFENSE,93,,,00:17:19,,,,P/R,,"#1 Sturdivant, #12 Claude, #14 Reeves, #3 Coleman, #13 Kelly",,2,,X3,, ,,
Game #1 - Georgia Southern 11-06-23 (FINAL),6336.9942214473285,7.366553515671512,DEFENSE,94,,,00:17:52,,,,ISO,,"#1 Sturdivant, #12 Claude, #14 Reeves, #3 Coleman, #13 Kelly",,2,,X2,,"Opp Off Reb,  ",,
Game #1 - Georgia Southern 11-06-23 (FINAL),6344.360774963,4.096075036999537,DEFENSE,95,,,00:17:59,,,,OREB,,"#1 Sturdivant, #12 Claude, #14 Reeves, #3 Coleman, #13 Kelly",,2,,O2,,"Opp. 2pt Make,  ",,
Game #1 - Georgia Southern 11-06-23 (FINAL),6421.453,24.167583333999573,DEFENSE,96,,,00:18:14,,,,POST,,"#1 Sturdivant, #23 Sacko, #14 Reeves, #3 Coleman, #13 Kelly",,2,,,,"D Foul,  ",,
Game #1 - Georgia Southern 11-06-23 (FINAL),6460.104,8.272649999999885,DEFENSE,97,,,00:18:32,,,,DK/MVMT,,"#1 Sturdivant, #23 Sacko, #14 Reeves, #3 Coleman, #13 Kelly",,2,,TO,,"BLOB Def, Forced TO,  ",,
Game #1 - Georgia Southern 11-06-23 (FINAL),6541.093276689331,6.119391502668805,DEFENSE,98,,,00:18:41,,,,ISO,,"#1 Sturdivant, #23 Sacko, #14 Reeves, #3 Coleman, #13 Kelly",,2,,TO,,"Forced TO,  ",,
Game #1 - Georgia Southern 11-06-23 (FINAL),6576.000833334,29.478166666000106,DEFENSE,99,,,00:19:14,,,,DK/MVMT,,"#1 Sturdivant, #23 Sacko, #14 Reeves, #3 Coleman, #13 Kelly",,2,,TO,,"Forced TO,  ",,
Game #1 - Georgia Southern 11-06-23 (FINAL),207.683,8.0,FGA - Gapare #5,1,,,00:00:04,,,,,,,,1,,,,,,
Game #1 - Georgia Southern 11-06-23 (FINAL),1834.583333334,8.0,FGA - Gapare #5,2,,,00:10:27,,,,,,,,1,,,,,,
Game #1 - Georgia Southern 11-06-23 (FINAL),1913.116,8.0,FGA - Gapare #5,3,,,00:11:25,,,,,,,,1,,,,,,
Game #1 - Georgia Southern 11-06-23 (FINAL),1974.433,8.0,FGA - Gapare #5,4,,,00:12:06,,,,,,,,1,,,,,,
Game #1 - Georgia Southern 11-06-23 (FINAL),3188.767520126,8.0,FGA - Gapare #5,5,,,00:18:24,,,,,,,,1,,,,,,
Game #1 - Georgia Southern 11-06-23 (FINAL),3754.833,8.0,FGA - Gapare #5,6,,,00:01:48,,,,,,,,2,,,,,,
Game #1 - Georgia Southern 11-06-23 (FINAL),279.233333334,8.0,FGA - Kelly #13,1,,,00:00:30,,,,,,,,1,,,,,,
Game #1 - Georgia Southern 11-06-23 (FINAL),397.829,8.0,FGA - Kelly #13,2,,,00:01:44,,,,,,,,1,,,,,,
Game #1 - Georgia Southern 11-06-23 (FINAL),405.55,8.0,FGA - Kelly #13,3,,,00:01:52,,,,,,,,1,,,,,,
Game #1 - Georgia Southern 11-06-23 (FINAL),440.816666667,8.0,FGA - Kelly #13,4,,,00:02:27,,,,,,,,1,,,,,,
Game #1 - Georgia Southern 11-06-23 (FINAL),567.4,8.0,FGA - Kelly #13,5,,,00:03:40,,,,,,,,1,,,,,,
Game #1 - Georgia Southern 11-06-23 (FINAL),2565.133,8.0,FGA - Kelly #13,6,,,00:14:38,,,,,,,,1,,,,,,
Game #1 - Georgia Southern 11-06-23 (FINAL),2615.283,8.0,FGA - Kelly #13,7,,,00:15:28,,,,,,,,1,,,,,,
Game #1 - Georgia Southern 11-06-23 (FINAL),2988.333,8.0,FGA - Kelly #13,8,,,00:17:01,,,,,,,,1,,,,,,
Game #1 - Georgia Southern 11-06-23 (FINAL),2993.066666667,8.0,FGA - Kelly #13,9,,,00:17:05,,,,,,,,1,,,,,,
Game #1 - Georgia Southern 11-06-23 (FINAL),3677.42,8.0,FGA - Kelly #13,10,,,00:00:31,,,,,,,,2,,,,,,
Game #1 - Georgia Southern 11-06-23 (FINAL),4550.649166667,8.0,FGA - Kelly #13,11,,,00:06:49,,,,,,,,2,,,,,,
Game #1 - Georgia Southern 11-06-23 (FINAL),4584.032999999999,8.0,FGA - Kelly #13,12,,,00:07:04,,,,,,,,2,,,,,,
Game #1 - Georgia Southern 11-06-23 (FINAL),4878.755999999999,8.0,FGA - Kelly #13,13,,,00:08:25,,,,,,,,2,,,,,,
Game #1 - Georgia Southern 11-06-23 (FINAL),5139.805471374,8.0,FGA - Kelly #13,14,,,00:09:28,,,,,,,,2,,,,,,
Game #1 - Georgia Southern 11-06-23 (FINAL),5518.536,8.0,FGA - Kelly #13,15,,,00:11:48,,,,,,,,2,,,,,,
Game #1 - Georgia Southern 11-06-23 (FINAL),5713.6777,8.0,FGA - Kelly #13,16,,,00:13:34,,,,,,,,2,,,,,,
Game #1 - Georgia Southern 11-06-23 (FINAL),5888.335516667,8.0,FGA - Kelly #13,17,,,00:15:43,,,,,,,,2,,,,,,
Game #1 - Georgia Southern 11-06-23 (FINAL),6201.581783334,8.0,FGA - Kelly #13,18,,,00:16:35,,,,,,,,2,,,,,,
Game #1 - Georgia Southern 11-06-23 (FINAL),6464.677949999999,8.0,FGA - Kelly #13,19,,,00:18:35,,,,,,,,2,,,,,,
Game #1 - Georgia Southern 11-06-23 (FINAL),329.983,8.0,OPP 2PT Shot,1,,,00:01:18,,,,,,,,1,,,,,,
Game #1 - Georgia Southern 11-06-23 (FINAL),331.983333334,8.0,OPP 2PT Shot,2,,,00:01:20,,,,,,,,1,,,,,,
Game #1 - Georgia Southern 11-06-23 (FINAL),851.95,8.0,OPP 2PT Shot,3,,,00:04:45,,,,,,,,1,,,,,,
Game #1 - Georgia Southern 11-06-23 (FINAL),937.716,8.0,OPP 2PT Shot,4,,,00:05:11,,,,,,,,1,,,,,,
Game #1 - Georgia Southern 11-06-23 (FINAL),1096.834,8.0,OPP 2PT Shot,5,,,00:06:10,,,,,,,,1,,,,,,
Game #1 - Georgia Southern 11-06-23 (FINAL),1148.766666667,8.0,OPP 2PT Shot,6,,,00:06:32,,,,,,,,1,,,,,,
Game #1 - Georgia Southern 11-06-23 (FINAL),1527.133,8.0,OPP 2PT Shot,7,,,00:08:22,,,,,,,,1,,,,,,
Game #1 - Georgia Southern 11-06-23 (FINAL),1715.983,8.0,OPP 2PT Shot,8,,,00:09:29,,,,,,,,1,,,,,,
Game #1 - Georgia Southern 11-06-23 (FINAL),1732.483,8.0,OPP 2PT Shot,9,,,00:09:46,,,,,,,,1,,,,,,
Game #1 - Georgia Southern 11-06-23 (FINAL),1855.116,8.0,OPP 2PT Shot,10,,,00:10:48,,,,,,,,1,,,,,,
Game #1 - Georgia Southern 11-06-23 (FINAL),2232.166,8.0,OPP 2PT Shot,11,,,00:12:23,,,,OREB,,,,1,,O2,,,,
Game #1 - Georgia Southern 11-06-23 (FINAL),2233.166,8.0,OPP 2PT Shot,12,,,00:12:24,,,,,,,,1,,,,,,
Game #1 - Georgia Southern 11-06-23 (FINAL),2283.671802915,8.0,OPP 2PT Shot,13,,,00:12:57,,,,,,,,1,,,,,,
Game #1 - Georgia Southern 11-06-23 (FINAL),2310.6995755826647,8.0,OPP 2PT Shot,14,,,00:13:08,,,,,,,,1,,,,,,
Game #1 - Georgia Southern 11-06-23 (FINAL),2410.45,8.0,OPP 2PT Shot,15,,,00:14:00,,,,,,,,1,,,,,,
Game #1 - Georgia Southern 11-06-23 (FINAL),2582.05,8.0,OPP 2PT Shot,16,,,00:14:55,,,,,,,,1,,,,,,
Game #1 - Georgia Southern 11-06-23 (FINAL),2844.966,8.0,OPP 2PT Shot,17,,,00:15:57,,,,,,,,1,,,,,,
Game #1 - Georgia Southern 11-06-23 (FINAL),3055.074,8.0,OPP 2PT Shot,18,,,00:17:27,,,,,,,,1,,,,,,
Game #1 - Georgia Southern 11-06-23 (FINAL),3303.237139583,8.0,OPP 2PT Shot,19,,,00:19:05,,,,,,,,1,,,,,,
Game #1 - Georgia Southern 11-06-23 (FINAL),3371.15,8.0,OPP 2PT Shot,20,,,00:19:54,,,,,,,,1,,,,,,
Game #1 - Georgia Southern 11-06-23 (FINAL),3652.685716667,8.0,OPP 2PT Shot,21,,,00:00:06,,,,,,,,2,,,,,,
Game #1 - Georgia Southern 11-06-23 (FINAL),3748.332,8.0,OPP 2PT Shot,22,,,00:01:42,,,,,,,,2,,,,,,
Game #1 - Georgia Southern 11-06-23 (FINAL),3773.606664648,8.0,OPP 2PT Shot,23,,,00:02:07,,,,,,,,2,,,,,,
Game #1 - Georgia Southern 11-06-23 (FINAL),3850.384,8.0,OPP 2PT Shot,24,,,00:02:58,,,,,,,,2,,,,,,
Game #1 - Georgia Southern 11-06-23 (FINAL),4365.6089999999995,8.0,OPP 2PT Shot,25,,,00:05:30,,,,,,,,2,,,,,,
Game #1 - Georgia Southern 11-06-23 (FINAL),4487.49531089,8.0,OPP 2PT Shot,26,,,00:06:16,,,,,,,,2,,,,,,
Game #1 - Georgia Southern 11-06-23 (FINAL),4520.569116667,8.0,OPP 2PT Shot,27,,,00:06:21,,,,,,,,2,,,,,,
Game #1 - Georgia Southern 11-06-23 (FINAL),4541.289816667,8.0,OPP 2PT Shot,28,,,00:06:40,,,,,,,,2,,,,,,
Game #1 - Georgia Southern 11-06-23 (FINAL),4808.412,8.0,OPP 2PT Shot,29,,,00:07:15,,,,,,,,2,,,,,,
Game #1 - Georgia Southern 11-06-23 (FINAL),5160.71,8.0,OPP 2PT Shot,30,,,00:09:49,,,,,,,,2,,,,,,
Game #1 - Georgia Southern 11-06-23 (FINAL),5211.909766667,8.0,OPP 2PT Shot,31,,,00:10:40,,,,,,,,2,,,,,,
Game #1 - Georgia Southern 11-06-23 (FINAL),5242.923,8.0,OPP 2PT Shot,32,,,00:11:11,,,,,,,,2,,,,,,
Game #1 - Georgia Southern 11-06-23 (FINAL),5246.6759999999995,8.0,OPP 2PT Shot,33,,,00:11:15,,,,,,,,2,,,,,,
Game #1 - Georgia Southern 11-06-23 (FINAL),5726.9439999999995,8.0,OPP 2PT Shot,34,,,00:13:47,,,,,,,,2,,,,,,
Game #1 - Georgia Southern 11-06-23 (FINAL),5866.314,8.0,OPP 2PT Shot,35,,,00:15:21,,,,,,,,2,,,,,,
Game #1 - Georgia Southern 11-06-23 (FINAL),6125.1888,8.0,OPP 2PT Shot,36,,,00:16:11,,,,,,,,2,,,,,,
Game #1 - Georgia Southern 11-06-23 (FINAL),6338.418,8.0,OPP 2PT Shot,37,,,00:17:54,,,,,,,,2,,,,,,
Game #1 - Georgia Southern 11-06-23 (FINAL),6339.237,8.0,OPP 2PT Shot,38,,,00:17:54,,,,,,,,2,,,,,,
Game #1 - Georgia Southern 11-06-23 (FINAL),392.333333334,8.0,FGA - Claude #12,1,,,00:01:38,,,,,,,,1,,,,,,
Game #1 - Georgia Southern 11-06-23 (FINAL),1545.583333334,8.0,FGA - Claude #12,2,,,00:08:41,,,,,,,,1,,,,,,
Game #1 - Georgia Southern 11-06-23 (FINAL),1596.5,8.0,FGA - Claude #12,3,,,00:08:46,,,,,,,,1,,,,,,
Game #1 - Georgia Southern 11-06-23 (FINAL),2892.746470833,8.0,FGA - Claude #12,4,,,00:16:34,,,,,,,,1,,,,,,
Game #1 - Georgia Southern 11-06-23 (FINAL),3282.71513208,8.0,FGA - Claude #12,5,,,00:18:45,,,,,,,,1,,,,,,
Game #1 - Georgia Southern 11-06-23 (FINAL),3730.38,8.0,FGA - Claude #12,6,,,00:01:24,,,,,,,,2,,,,,,
Game #1 - Georgia Southern 11-06-23 (FINAL),4055.8,8.0,FGA - Claude #12,7,,,00:04:11,,,,,,,,2,,,,,,
Game #1 - Georgia Southern 11-06-23 (FINAL),4064.295,8.0,FGA - Claude #12,8,,,00:04:19,,,,,,,,2,,,,,,
Game #1 - Georgia Southern 11-06-23 (FINAL),4828.429,8.0,FGA - Claude #12,9,,,00:07:35,,,,,,,,2,,,,,,
Game #1 - Georgia Southern 11-06-23 (FINAL),5772.353,8.0,FGA - Claude #12,10,,,00:14:32,,,,,,,,2,,,,,,
Game #1 - Georgia Southern 11-06-23 (FINAL),6238.652,8.0,FGA - Claude #12,11,,,00:17:12,,,,,,,,2,,,,,,
Game #1 - Georgia Southern 11-06-23 (FINAL),418.033333334,8.0,OPP 3PT Shot,1,,,00:02:04,,,,,,,,1,,,,,,
Game #1 - Georgia Southern 11-06-23 (FINAL),448.416666667,8.0,OPP 3PT Shot,2,,,00:02:35,,,,,,,,1,,,,,,
Game #1 - Georgia Southern 11-06-23 (FINAL),548.183,8.0,OPP 3PT Shot,3,,,00:03:21,,,,,,,,1,,,,,,
Game #1 - Georgia Southern 11-06-23 (FINAL),574.883,8.0,OPP 3PT Shot,4,,,00:03:48,,,,,,,,1,,,,,,
Game #1 - Georgia Southern 11-06-23 (FINAL),973.966,8.0,OPP 3PT Shot,5,,,00:05:20,,,,,,,,1,,,,,,
Game #1 - Georgia Southern 11-06-23 (FINAL),1212.266,8.0,OPP 3PT Shot,6,,,00:07:15,,,,,,,,1,,,,,,
Game #1 - Georgia Southern 11-06-23 (FINAL),1240.733,8.0,OPP 3PT Shot,7,,,00:07:44,,,,,,,,1,,,,,,
Game #1 - Georgia Southern 11-06-23 (FINAL),1656.007,8.0,OPP 3PT Shot,8,,,00:08:56,,,,,,,,1,,,,,,
Game #1 - Georgia Southern 11-06-23 (FINAL),1758.45,8.0,OPP 3PT Shot,9,,,00:10:12,,,,,,,,1,,,,,,
Game #1 - Georgia Southern 11-06-23 (FINAL),1932.616,8.0,OPP 3PT Shot,10,,,00:11:45,,,,,,,,1,,,,,,
Game #1 - Georgia Southern 11-06-23 (FINAL),2413.5,8.0,OPP 3PT Shot,11,,,00:14:03,,,,,,,,1,,,,,,
Game #1 - Georgia Southern 11-06-23 (FINAL),3072.083,8.0,OPP 3PT Shot,12,,,00:17:44,,,,,,,,1,,,,,,
Game #1 - Georgia Southern 11-06-23 (FINAL),3710.186,8.0,OPP 3PT Shot,13,,,00:01:04,,,,,,,,2,,,,,,
Game #1 - Georgia Southern 11-06-23 (FINAL),4080.56,8.0,OPP 3PT Shot,14,,,00:04:35,,,,,,,,2,,,,,,
Game #1 - Georgia Southern 11-06-23 (FINAL),4835.195,8.0,OPP 3PT Shot,15,,,00:07:41,,,,,,,,2,,,,,,
Game #1 - Georgia Southern 11-06-23 (FINAL),4870.2351,8.0,OPP 3PT Shot,16,,,00:08:16,,,,,,,,2,,,,,,
Game #1 - Georgia Southern 11-06-23 (FINAL),4907.223,8.0,OPP 3PT Shot,17,,,00:08:53,,,,,,,,2,,,,,,
Game #1 - Georgia Southern 11-06-23 (FINAL),5695.893,8.0,OPP 3PT Shot,18,,,00:13:16,,,,,,,,2,,,,,,
Game #1 - Georgia Southern 11-06-23 (FINAL),5756.719,8.0,OPP 3PT Shot,19,,,00:14:17,,,,,,,,2,,,,,,
Game #1 - Georgia Southern 11-06-23 (FINAL),6213.710999999999,8.0,OPP 3PT Shot,20,,,00:16:47,,,,,,,,2,,,,,,
Game #1 - Georgia Southern 11-06-23 (FINAL),6288.886,8.0,OPP 3PT Shot,21,,,00:17:19,,,,,,,,2,,,,,,
Game #1 - Georgia Southern 11-06-23 (FINAL),471.7,8.0,FGA - Abram #24,1,,,00:02:58,,,,,,,,1,,,,,,
Game #1 - Georgia Southern 11-06-23 (FINAL),4063.295,8.0,FGA - Abram #24,2,,,00:04:18,,,,,,,,2,,,,,,
Game #1 - Georgia Southern 11-06-23 (FINAL),4555.704216667,8.0,FGA - Abram #24,3,,,00:06:54,,,,,,,,2,,,,,,
Game #1 - Georgia Southern 11-06-23 (FINAL),833.233,8.0,FGA - Sturdivant #1,1,,,00:04:27,,,,,,,,1,,,,,,
Game #1 - Georgia Southern 11-06-23 (FINAL),1742.7,8.0,FGA - Sturdivant #1,2,,,00:09:56,,,,,,,,1,,,,,,
Game #1 - Georgia Southern 11-06-23 (FINAL),2329.633,8.0,FGA - Sturdivant #1,3,,,00:13:27,,,,,,,,1,,,,,,
Game #1 - Georgia Southern 11-06-23 (FINAL),5189.477,8.0,FGA - Sturdivant #1,4,,,00:10:18,,,,,,,,2,,,,,,
Game #1 - Georgia Southern 11-06-23 (FINAL),6567.770442041,8.0,FGA - Sturdivant #1,5,,,00:19:08,,,,,,,,2,,,,,,
Game #1 - Georgia Southern 11-06-23 (FINAL),1016.216,7.999999999999886,FGA - Reeves #14,1,,,00:05:44,,,,,,,,1,,,,,,
Game #1 - Georgia Southern 11-06-23 (FINAL),1699.483,8.0,FGA - Reeves #14,2,,,00:09:13,,,,,,,,1,,,,,,
Game #1 - Georgia Southern 11-06-23 (FINAL),2597.533,8.0,FGA - Reeves #14,3,,,00:15:11,,,,,,,,1,,,,,,
Game #1 - Georgia Southern 11-06-23 (FINAL),2853.9,8.0,FGA - Reeves #14,4,,,00:16:06,,,,,,,,1,,,,,,
Game #1 - Georgia Southern 11-06-23 (FINAL),3694.1438,8.0,FGA - Reeves #14,5,,,00:00:48,,,,,,,,2,,,,,,
Game #1 - Georgia Southern 11-06-23 (FINAL),3817.409,8.0,FGA - Reeves #14,6,,,00:02:25,,,,,,,,2,,,,,,
Game #1 - Georgia Southern 11-06-23 (FINAL),5745.91,8.0,FGA - Reeves #14,7,,,00:14:06,,,,,,,,2,,,,,,
Game #1 - Georgia Southern 11-06-23 (FINAL),1192.766,8.0,FGA - Coleman #3,1,,,00:06:56,,,,,,,,1,,,,,,
Game #1 - Georgia Southern 11-06-23 (FINAL),1278.233,8.0,FGA - Coleman #3,2,,,00:08:04,,,,,,,,1,,,,,,
Game #1 - Georgia Southern 11-06-23 (FINAL),1542.666666667,8.0,FGA - Coleman #3,3,,,00:08:38,,,,,,,,1,,,,,,
Game #1 - Georgia Southern 11-06-23 (FINAL),3973.955,8.0,FGA - Coleman #3,4,,,00:03:48,,,,,,,,2,,,,,,
Game #1 - Georgia Southern 11-06-23 (FINAL),4391.646,8.0,FGA - Coleman #3,5,,,00:05:50,,,,,,,,2,,,,,,
Game #1 - Georgia Southern 11-06-23 (FINAL),4849.952,8.0,FGA - Coleman #3,6,,,00:07:56,,,,,,,,2,,,,,,
Game #1 - Georgia Southern 11-06-23 (FINAL),5225.673,8.0,FGA - Coleman #3,7,,,00:10:54,,,,,,,,2,,,,,,
Game #1 - Georgia Southern 11-06-23 (FINAL),5677.408133334,8.0,FGA - Coleman #3,8,,,00:12:57,,,,,,,,2,,,,,,
Game #1 - Georgia Southern 11-06-23 (FINAL),5903.15,8.0,FGA - Coleman #3,9,,,00:15:58,,,,,,,,2,,,,,,
Game #1 - Georgia Southern 11-06-23 (FINAL),6328.493,8.0,FGA - Coleman #3,10,,,00:17:44,,,,,,,,2,,,,,,
Game #1 - Georgia Southern 11-06-23 (FINAL),1721.983,8.0,FGA - Sacko #23,1,,,00:09:35,,,,,,,,1,,,,,,
Game #1 - Georgia Southern 11-06-23 (FINAL),3324.233,8.0,FGA - Sacko #23,2,,,00:19:26,,,,,,,,1,,,,,,
Game #1 - Georgia Southern 11-06-23 (FINAL),3936.933,8.0,FGA - Sacko #23,3,,,00:03:11,,,,,,,,2,,,,,,
Game #1 - Georgia Southern 11-06-23 (FINAL),2324.633,8.0,FGA - Dowuona #10,1,,,00:13:22,,,,,,,,1,,,,,,
Game #1 - Georgia Southern 11-06-23 (FINAL),2347.133,8.0,FGA - Dowuona #10,2,,,00:13:44,,,,,,,,1,,,,,,
Game #1 - Georgia Southern 11-06-23 (FINAL),193.522,442.117,Game,1,,,,,,,,,,,,,,,,,
Game #1 - Georgia Southern 11-06-23 (FINAL),811.09,483.05100000000004,Game,2,,,00:04:12,,,,,,,,1,,,,,,
Game #1 - Georgia Southern 11-06-23 (FINAL),1493.542,493.779,Game,3,,,00:08:10,,,,,,,,1,,,,,,
Game #1 - Georgia Southern 11-06-23 (FINAL),2187.316,446.567,Game,4,,,00:12:15,,,,,,,,1,,,,,,
Game #1 - Georgia Southern 11-06-23 (FINAL),2817.354,572.4950000000003,Game,5,,,00:15:35,,,,,,,,1,,,,,,
Game #1 - Georgia Southern 11-06-23 (FINAL),3642.121,476.8239999999996,Game,6,,,,,,,,,,,,,,,,,
Game #1 - Georgia Southern 11-06-23 (FINAL),4215.052,378.58200000000033,Game,7,,,00:05:08,,,,,,,,2,,,,,,
Game #1 - Georgia Southern 11-06-23 (FINAL),4798.415,122.65099999999984,Game,8,,,00:07:14,,,,,,,,2,,,,,,
Game #1 - Georgia Southern 11-06-23 (FINAL),5111.696,175.66300000000047,Game,9,,,00:09:03,,,,,,,,2,,,,,,
Game #1 - Georgia Southern 11-06-23 (FINAL),5518.818,399.2679999999991,Game,10,,,00:11:48,,,,,,,,2,,,,,,
Game #1 - Georgia Southern 11-06-23 (FINAL),6113.161,532.4609999999993,Game,11,,,00:16:11,,,,,,,,2,,,,,,