Timeline,Start time,Duration,Row,Instance number,DEFENSE,HALF COURT ACTIONS,OFFENSE,ON COURT,Result,TRANSITION,Ungrouped,Notes,Flags
Game #11 - Hawai'i 12-21-23 (FINAL),15.510338516000004,17.510561484000007,OFFENSE,1,,P/R,,"#2 George, #11 Ndongo, #5 Gapare, #14 Reeves, #13 Kelly",O2,,,,
Game #11 - Hawai'i 12-21-23 (FINAL),55.08997365500001,22.282526344999994,OFFENSE,2,,P/R,,"#2 George, #11 Ndongo, #5 Gapare, #14 Reeves, #13 Kelly",O3,,,,
Game #11 - Hawai'i 12-21-23 (FINAL),97.63106580500002,6.906500861999973,OFFENSE,3,,,"Transition O, Forced Foul","#2 George, #11 Ndongo, #5 Gapare, #14 Reeves, #13 Kelly",X2F,TRANSITION,,,
Game #11 - Hawai'i 12-21-23 (FINAL),130.0542,7.316699999999997,OFFENSE,4,,,,"#2 George, #11 Ndongo, #5 Gapare, #14 Reeves, #13 Kelly",FT - MI,TRANSITION,,,
Game #11 - Hawai'i 12-21-23 (FINAL),145.91446323099947,6.599402916667032,OFFENSE,5,,,,"#2 George, #11 Ndongo, #5 Gapare, #14 Reeves, #13 Kelly",FT - MK,TRANSITION,,,
Game #11 - Hawai'i 12-21-23 (FINAL),187.10423333300002,12.133333333999985,OFFENSE,6,,P/R,,"#2 George, #11 Ndongo, #5 Gapare, #14 Reeves, #13 Kelly",TO,,,,
Game #11 - Hawai'i 12-21-23 (FINAL),209.754233333,14.766666666999981,OFFENSE,7,,P/R,,"#2 George, #11 Ndongo, #5 Gapare, #14 Reeves, #13 Kelly",O2,,,,
Game #11 - Hawai'i 12-21-23 (FINAL),243.954233333,10.149966667000001,OFFENSE,8,,ISO,,"#2 George, #11 Ndongo, #5 Gapare, #14 Reeves, #13 Kelly",O2,,,,
Game #11 - Hawai'i 12-21-23 (FINAL),319.9542,24.583366666666677,OFFENSE,9,,P/R,,"#2 George, #11 Ndongo, #5 Gapare, #14 Reeves, #13 Kelly",O2,,,,
Game #11 - Hawai'i 12-21-23 (FINAL),368.16506666666675,25.50003333299992,OFFENSE,10,,P/R,GT Off Reb,"#1 Sturdivant, #11 Ndongo, #5 Gapare, #14 Reeves, #13 Kelly",X2,,,,
Game #11 - Hawai'i 12-21-23 (FINAL),393.66509999966667,5.149999999999977,OFFENSE,11,,,,"#1 Sturdivant, #11 Ndongo, #5 Gapare, #14 Reeves, #13 Kelly",,,,,
Game #11 - Hawai'i 12-21-23 (FINAL),405.2317666666667,17.449999999999932,OFFENSE,12,,P/R,SLOB Off,"#1 Sturdivant, #11 Ndongo, #13 Kelly, #14 Reeves, #3 Coleman",X2,,,,
Game #11 - Hawai'i 12-21-23 (FINAL),439.7317666666667,24.18333333299995,OFFENSE,13,,P/R,,"#1 Sturdivant, #11 Ndongo, #13 Kelly, #14 Reeves, #3 Coleman",O2,,,,
Game #11 - Hawai'i 12-21-23 (FINAL),514.6484333336666,16.25,OFFENSE,14,,DHO/HOFF,GT Off Reb,"#1 Sturdivant, #5 Gapare, #13 Kelly, #3 Coleman, #12 Claude",X2,,,,
Game #11 - Hawai'i 12-21-23 (FINAL),530.8984333336666,12.41666666599997,OFFENSE,15,,DK/MVMT,,"#1 Sturdivant, #5 Gapare, #13 Kelly, #3 Coleman, #12 Claude",X3,,,,
Game #11 - Hawai'i 12-21-23 (FINAL),566.3150999996667,7.8807588930000065,OFFENSE,16,,,Transition O,"#1 Sturdivant, #5 Gapare, #13 Kelly, #3 Coleman, #12 Claude",O2,TRANSITION,,,
Game #11 - Hawai'i 12-21-23 (FINAL),662.5484333333334,21.883333333333326,OFFENSE,17,,P/R,,"#1 Sturdivant, #5 Gapare, #2 George, #12 Claude, #3 Coleman",TO,,,,
Game #11 - Hawai'i 12-21-23 (FINAL),731.0317666666667,20.26666666699998,OFFENSE,18,,P/R,,"#1 Sturdivant, #5 Gapare, #2 George, #12 Claude, #3 Coleman",TO,,,,
Game #11 - Hawai'i 12-21-23 (FINAL),767.0962174826655,6.5215825173345365,OFFENSE,19,,,Transition O,"#1 Sturdivant, #5 Gapare, #2 George, #12 Claude, #3 Coleman",O2,TRANSITION,,,
Game #11 - Hawai'i 12-21-23 (FINAL),819.5344333333333,12.600033333000056,OFFENSE,20,,P/R,,"#1 Sturdivant, #5 Gapare, #2 George, #12 Claude, #3 Coleman",O3,,,,
Game #11 - Hawai'i 12-21-23 (FINAL),848.2678000003332,9.183333333000064,OFFENSE,21,,,"Transition O, GT Off Reb","#1 Sturdivant, #5 Gapare, #2 George, #12 Claude, #3 Coleman",X3,TRANSITION,,,
Game #11 - Hawai'i 12-21-23 (FINAL),857.4511333333332,10.983333333000019,OFFENSE,22,,P/R,,"#1 Sturdivant, #5 Gapare, #2 George, #12 Claude, #3 Coleman",O2,,,,
Game #11 - Hawai'i 12-21-23 (FINAL),894.9971333330002,14.449999999999818,OFFENSE,23,,P/R,,"#1 Sturdivant, #5 Gapare, #2 George, #12 Claude, #3 Coleman",TO,,,,
Game #11 - Hawai'i 12-21-23 (FINAL),963.2213333333334,28.768782293666618,OFFENSE,24,,ISO,GT Off Reb,"#14 Reeves, #11 Ndongo, #2 George, #12 Claude, #13 Kelly",X2,,,,
Game #11 - Hawai'i 12-21-23 (FINAL),991.990115627,4.540351040000132,OFFENSE,25,,OREB,,"#14 Reeves, #11 Ndongo, #2 George, #12 Claude, #13 Kelly",O2,,,,
Game #11 - Hawai'i 12-21-23 (FINAL),1015.7804666670002,12.566666665999946,OFFENSE,26,,DK/MVMT,GT Off Reb,"#14 Reeves, #11 Ndongo, #2 George, #12 Claude, #13 Kelly",X2,,,,
Game #11 - Hawai'i 12-21-23 (FINAL),1028.347133333,2.216666667000027,OFFENSE,27,,OREB,,"#14 Reeves, #11 Ndongo, #2 George, #12 Claude, #13 Kelly",X2,,,,
Game #11 - Hawai'i 12-21-23 (FINAL),1048.1304666666667,12.25,OFFENSE,28,,P/R,,"#14 Reeves, #11 Ndongo, #2 George, #12 Claude, #13 Kelly",O2,,,,
Game #11 - Hawai'i 12-21-23 (FINAL),1080.0138000000002,11.099999999999909,OFFENSE,29,,,,"#14 Reeves, #11 Ndongo, #2 George, #12 Claude, #13 Kelly",,,,,
Game #11 - Hawai'i 12-21-23 (FINAL),1104.9604333333334,13.983333333000019,OFFENSE,30,,P/R,,"#14 Reeves, #11 Ndongo, #2 George, #5 Gapare, #13 Kelly",O2,,,,
Game #11 - Hawai'i 12-21-23 (FINAL),1155.3271,12.733333333333348,OFFENSE,31,,P/R,Forced Foul,"#14 Reeves, #11 Ndongo, #2 George, #5 Gapare, #13 Kelly",X2F,,,,
Game #11 - Hawai'i 12-21-23 (FINAL),1188.1104333333335,3.5166666666666515,OFFENSE,32,,P/R,,"#14 Reeves, #11 Ndongo, #2 George, #5 Gapare, #13 Kelly",FT - MK,,,,
Game #11 - Hawai'i 12-21-23 (FINAL),1197.1437333333333,7.516700000000128,OFFENSE,33,,P/R,,"#14 Reeves, #11 Ndongo, #2 George, #5 Gapare, #13 Kelly",FT - MK,,,,
Game #11 - Hawai'i 12-21-23 (FINAL),1251.6879381123333,14.990647956000203,OFFENSE,34,,P/R,,"#14 Reeves, #11 Ndongo, #2 George, #5 Gapare, #13 Kelly",X3,,,,
Game #11 - Hawai'i 12-21-23 (FINAL),1292.0771000003333,20.49999999966667,OFFENSE,35,,P/R,,"#14 Reeves, #11 Ndongo, #2 George, #5 Gapare, #13 Kelly",O2,,,,
Game #11 - Hawai'i 12-21-23 (FINAL),1343.3334899043334,7.560243428999911,OFFENSE,36,,,Transition O,"#14 Reeves, #11 Ndongo, #2 George, #5 Gapare, #13 Kelly",X3,TRANSITION,,,
Game #11 - Hawai'i 12-21-23 (FINAL),1357.3437666663335,26.73333333399978,OFFENSE,37,,DK/MVMT,,"#14 Reeves, #11 Ndongo, #2 George, #5 Gapare, #13 Kelly",X3,,,,
Game #11 - Hawai'i 12-21-23 (FINAL),1398.001366666667,10.616700000000037,OFFENSE,38,,P/R,,"#14 Reeves, #11 Ndongo, #1 Sturdivant, #3 Coleman, #13 Kelly",X2,,,,
Game #11 - Hawai'i 12-21-23 (FINAL),1428.6680666666668,13.350000000000364,OFFENSE,39,,P/R,Forced Foul,"#14 Reeves, #11 Ndongo, #1 Sturdivant, #3 Coleman, #13 Kelly",,,,,
Game #11 - Hawai'i 12-21-23 (FINAL),1450.8013999996672,20.699999999999818,OFFENSE,40,,P/R,BLOB Off,"#14 Reeves, #11 Ndongo, #1 Sturdivant, #3 Coleman, #13 Kelly",O2,,,,
Game #11 - Hawai'i 12-21-23 (FINAL),1542.901399999667,15.900000000000091,OFFENSE,41,,P/R,,"#14 Reeves, #11 Ndongo, #1 Sturdivant, #3 Coleman, #13 Kelly",X2,,,,
Game #11 - Hawai'i 12-21-23 (FINAL),1568.9847333336672,10.116666665999674,OFFENSE,42,,P/R,,"#14 Reeves, #11 Ndongo, #1 Sturdivant, #3 Coleman, #13 Kelly",O3,,,,
Game #11 - Hawai'i 12-21-23 (FINAL),1593.1180666666671,11.533333332999973,OFFENSE,43,,DK/MVMT,,"#14 Reeves, #11 Ndongo, #1 Sturdivant, #3 Coleman, #13 Kelly",O3,,,,
Game #11 - Hawai'i 12-21-23 (FINAL),1618.601399999667,6.933333333666724,OFFENSE,44,,,Transition O,"#14 Reeves, #11 Ndongo, #1 Sturdivant, #3 Coleman, #13 Kelly",O2,TRANSITION,,,
Game #11 - Hawai'i 12-21-23 (FINAL),1713.0586708116668,5.2427291880003395,OFFENSE,45,,,,"#14 Reeves, #11 Ndongo, #1 Sturdivant, #3 Coleman, #13 Kelly",,,,,
Game #11 - Hawai'i 12-21-23 (FINAL),1736.9272000000003,11.937766666333118,OFFENSE,46,,P/R,,"#2 George, #11 Ndongo, #5 Gapare, #14 Reeves, #13 Kelly",X2,,,,
Game #11 - Hawai'i 12-21-23 (FINAL),1775.7316333333335,4.990581485999883,OFFENSE,47,,,Forced Foul,"#2 George, #11 Ndongo, #5 Gapare, #14 Reeves, #13 Kelly",,,,,
Game #11 - Hawai'i 12-21-23 (FINAL),1793.6649333333337,10.769459665999875,OFFENSE,48,,P/R,"GT Off Reb, Forced Foul","#2 George, #11 Ndongo, #5 Gapare, #14 Reeves, #13 Kelly",,,,,
Game #11 - Hawai'i 12-21-23 (FINAL),1819.5816333333335,15.860533333333478,OFFENSE,49,,CUT,BLOB Off,"#2 George, #11 Ndongo, #5 Gapare, #14 Reeves, #13 Kelly",O2,,,,
Game #11 - Hawai'i 12-21-23 (FINAL),1848.575240198333,19.489726468000754,OFFENSE,50,,P/R,,"#2 George, #11 Ndongo, #5 Gapare, #14 Reeves, #13 Kelly",X2,,,,
Game #11 - Hawai'i 12-21-23 (FINAL),1890.0948628883336,10.620070444999783,OFFENSE,51,,P/R,GT Off Reb,"#2 George, #11 Ndongo, #5 Gapare, #14 Reeves, #13 Kelly",X2,,,,
Game #11 - Hawai'i 12-21-23 (FINAL),1900.7149333333334,2.000033333000374,OFFENSE,52,,OREB,,"#2 George, #11 Ndongo, #5 Gapare, #14 Reeves, #13 Kelly",O2,,,,
Game #11 - Hawai'i 12-21-23 (FINAL),1959.6337830223335,5.631150311000056,OFFENSE,53,,,Transition O,"#2 George, #12 Claude, #5 Gapare, #14 Reeves, #13 Kelly",O2,TRANSITION,,,
Game #11 - Hawai'i 12-21-23 (FINAL),2041.3748961853337,18.906737148000275,OFFENSE,54,,P/R,,"#2 George, #12 Claude, #5 Gapare, #14 Reeves, #13 Kelly",O3,,,,
Game #11 - Hawai'i 12-21-23 (FINAL),2095.6016666666674,25.3333333329997,OFFENSE,55,,DK/MVMT,,"#1 Sturdivant, #12 Claude, #5 Gapare, #14 Reeves, #13 Kelly",X3,,,,
Game #11 - Hawai'i 12-21-23 (FINAL),2145.1167075156673,6.018292484000085,OFFENSE,56,,,Transition O,"#1 Sturdivant, #12 Claude, #5 Gapare, #14 Reeves, #13 Kelly",TO,TRANSITION,,,
Game #11 - Hawai'i 12-21-23 (FINAL),2159.301666666667,22.833333333000155,OFFENSE,57,,OFF BALL SCREEN,GT Off Reb,"#1 Sturdivant, #12 Claude, #5 Gapare, #14 Reeves, #13 Kelly",X3,,,,
Game #11 - Hawai'i 12-21-23 (FINAL),2182.1349999996673,5.317416099999718,OFFENSE,58,,ISO,,"#1 Sturdivant, #12 Claude, #5 Gapare, #14 Reeves, #13 Kelly",TO,,,,
Game #11 - Hawai'i 12-21-23 (FINAL),2218.2521333333334,16.658217697000055,OFFENSE,59,,P/R,,"#1 Sturdivant, #11 Ndongo, #3 Coleman, #14 Reeves, #13 Kelly",X2,,,,
Game #11 - Hawai'i 12-21-23 (FINAL),2255.9987763383324,18.704583521001496,OFFENSE,60,,P/R,,"#1 Sturdivant, #11 Ndongo, #3 Coleman, #14 Reeves, #13 Kelly",X3,,,,
Game #11 - Hawai'i 12-21-23 (FINAL),2337.568800000334,21.656565235000016,OFFENSE,61,,DK/MVMT,Forced Foul,"#1 Sturdivant, #11 Ndongo, #3 Coleman, #14 Reeves, #13 Kelly",,,,,
Game #11 - Hawai'i 12-21-23 (FINAL),2377.952133333333,13.616666667000118,OFFENSE,62,,P/R,"BLOB Off, Forced Foul","#1 Sturdivant, #11 Ndongo, #3 Coleman, #14 Reeves, #2 George",,,,,
Game #11 - Hawai'i 12-21-23 (FINAL),2408.5021333333334,16.12607886600017,OFFENSE,63,,P/R,BLOB Off,"#1 Sturdivant, #11 Ndongo, #3 Coleman, #14 Reeves, #2 George",X3,,,,
Game #11 - Hawai'i 12-21-23 (FINAL),2442.860199132334,15.83478289499999,OFFENSE,64,,,,"#1 Sturdivant, #11 Ndongo, #3 Coleman, #14 Reeves, #2 George",,,,,
Game #11 - Hawai'i 12-21-23 (FINAL),2475.8354333333336,15.03788669800042,OFFENSE,65,,P/R,GT Off Reb,"#13 Kelly, #11 Ndongo, #3 Coleman, #5 Gapare, #2 George",X3,,,,
Game #11 - Hawai'i 12-21-23 (FINAL),2490.8733200313336,3.632100148999598,OFFENSE,66,,OREB,Forced Foul,"#13 Kelly, #11 Ndongo, #3 Coleman, #5 Gapare, #2 George",,,,,
Game #11 - Hawai'i 12-21-23 (FINAL),2508.0147000000006,28.800000000000182,OFFENSE,67,,OTHER,BLOB Off,"#13 Kelly, #11 Ndongo, #3 Coleman, #5 Gapare, #2 George",TO,,,,
Game #11 - Hawai'i 12-21-23 (FINAL),2649.2647333330005,16.733333334000235,OFFENSE,68,,P/R,,"#13 Kelly, #11 Ndongo, #3 Coleman, #5 Gapare, #2 George",X2,,,,
Game #11 - Hawai'i 12-21-23 (FINAL),2687.798066667001,9.43333333299961,OFFENSE,69,,,Transition O,"#13 Kelly, #11 Ndongo, #3 Coleman, #5 Gapare, #2 George",X2,TRANSITION,,,
Game #11 - Hawai'i 12-21-23 (FINAL),2786.9122582400005,16.779462446000252,OFFENSE,70,,P/R,,"#13 Kelly, #12 Claude, #14 Reeves, #5 Gapare, #1 Sturdivant",X2,,,,
Game #11 - Hawai'i 12-21-23 (FINAL),2813.937503573001,7.380075748999843,OFFENSE,71,,P/R,,"#13 Kelly, #12 Claude, #14 Reeves, #5 Gapare, #1 Sturdivant",TO,,,,
Game #11 - Hawai'i 12-21-23 (FINAL),2871.864700000001,25.4117106169997,OFFENSE,72,,ISO,,"#2 George, #12 Claude, #14 Reeves, #5 Gapare, #1 Sturdivant",X2,,,,
Game #11 - Hawai'i 12-21-23 (FINAL),2904.4314000000004,23.140787197999998,OFFENSE,73,,ISO,Forced Foul,"#2 George, #12 Claude, #14 Reeves, #5 Gapare, #1 Sturdivant",X2F,,,,
Game #11 - Hawai'i 12-21-23 (FINAL),2953.581400000001,5.75,OFFENSE,74,,ISO,,"#2 George, #12 Claude, #14 Reeves, #5 Gapare, #1 Sturdivant",FT - MK,,,,
Game #11 - Hawai'i 12-21-23 (FINAL),2977.8480666666674,5.616666666333003,OFFENSE,75,,ISO,,"#2 George, #12 Claude, #14 Reeves, #5 Gapare, #1 Sturdivant",FT - MI,,,,
Game #11 - Hawai'i 12-21-23 (FINAL),3071.6197333336668,17.5,OFFENSE,76,,DK/MVMT,GT Off Reb,"#2 George, #11 Ndongo, #14 Reeves, #3 Coleman, #13 Kelly",X3,,,,
Game #11 - Hawai'i 12-21-23 (FINAL),3089.1197333336668,9.783333332999973,OFFENSE,77,,P/R,Forced Foul,"#2 George, #11 Ndongo, #14 Reeves, #3 Coleman, #13 Kelly",X2F,,,,
Game #11 - Hawai'i 12-21-23 (FINAL),3124.719733333667,3.7666666659997645,OFFENSE,78,,P/R,,"#2 George, #11 Ndongo, #14 Reeves, #3 Coleman, #13 Kelly",FT - MI,,,,
Game #11 - Hawai'i 12-21-23 (FINAL),3135.2697333336673,7.033333332999973,OFFENSE,79,,P/R,,"#2 George, #11 Ndongo, #14 Reeves, #3 Coleman, #13 Kelly",FT - MK,,,,
Game #11 - Hawai'i 12-21-23 (FINAL),3206.003066666667,5.066666666999481,OFFENSE,80,,OTHER,,"#2 George, #11 Ndongo, #14 Reeves, #3 Coleman, #13 Kelly",FT - MI,,,,
Game #11 - Hawai'i 12-21-23 (FINAL),3225.2697333333335,7.269917946333408,OFFENSE,81,,,"Transition O, GT Off Reb","#2 George, #11 Ndongo, #14 Reeves, #3 Coleman, #13 Kelly",X2,TRANSITION,,,
Game #11 - Hawai'i 12-21-23 (FINAL),3232.539651279667,2.9076100740003312,OFFENSE,82,,OREB,GT Off Reb,"#2 George, #11 Ndongo, #14 Reeves, #3 Coleman, #13 Kelly",X2,,,,
Game #11 - Hawai'i 12-21-23 (FINAL),3235.4472613536673,2.9724719796658974,OFFENSE,83,,OREB,,"#2 George, #11 Ndongo, #14 Reeves, #3 Coleman, #13 Kelly",O2,,,,
Game #11 - Hawai'i 12-21-23 (FINAL),3304.6863999996667,35.38387971600059,OFFENSE,84,,DK/MVMT,GT Off Reb,"#2 George, #11 Ndongo, #14 Reeves, #3 Coleman, #13 Kelly",X2,,,,
Game #11 - Hawai'i 12-21-23 (FINAL),3340.0702797156673,12.601186950999363,OFFENSE,85,,DK/MVMT,,"#2 George, #11 Ndongo, #14 Reeves, #3 Coleman, #13 Kelly",O2,,,,
Game #11 - Hawai'i 12-21-23 (FINAL),3431.169733333333,15.9594541593342,OFFENSE,86,,P/R,,"#2 George, #11 Ndongo, #14 Reeves, #3 Coleman, #13 Kelly",X3,,,,
Game #11 - Hawai'i 12-21-23 (FINAL),3513.736366666667,13.622108110000227,OFFENSE,87,,P/R,GT Off Reb,"#2 George, #11 Ndongo, #14 Reeves, #5 Gapare, #13 Kelly",X2,,,,
Game #11 - Hawai'i 12-21-23 (FINAL),3527.358474776667,2.5870585566663067,OFFENSE,88,,OREB,,"#2 George, #11 Ndongo, #14 Reeves, #5 Gapare, #13 Kelly",O2,,,,
Game #11 - Hawai'i 12-21-23 (FINAL),3548.0197333336673,19.499999999666215,OFFENSE,89,,POST,,"#2 George, #11 Ndongo, #14 Reeves, #5 Gapare, #13 Kelly",O2,,,,
Game #11 - Hawai'i 12-21-23 (FINAL),3650.4721666666665,15.114194358000532,OFFENSE,90,,P/R,Forced Foul,"#2 George, #11 Ndongo, #14 Reeves, #5 Gapare, #13 Kelly",X2F,,,,
Game #11 - Hawai'i 12-21-23 (FINAL),3694.969837529001,4.698983916661746,OFFENSE,91,,P/R,,"#2 George, #11 Ndongo, #14 Reeves, #5 Gapare, #13 Kelly",FT - MK,,,,
Game #11 - Hawai'i 12-21-23 (FINAL),3718.1646909039982,4.503202959333976,OFFENSE,92,,P/R,,"#2 George, #11 Ndongo, #14 Reeves, #5 Gapare, #13 Kelly",FT - MK,,,,
Game #11 - Hawai'i 12-21-23 (FINAL),3736.8073356136665,5.571742621999874,OFFENSE,93,,,"Forced Foul, Transition O","#2 George, #11 Ndongo, #14 Reeves, #5 Gapare, #13 Kelly",X2F,TRANSITION,,,
Game #11 - Hawai'i 12-21-23 (FINAL),3771.06638826733,4.900009042667989,OFFENSE,94,,,,"#2 George, #11 Ndongo, #14 Reeves, #5 Gapare, #13 Kelly",FT - MK,TRANSITION,,,
Game #11 - Hawai'i 12-21-23 (FINAL),3783.869761600665,9.642024584001774,OFFENSE,95,,,,"#2 George, #11 Ndongo, #14 Reeves, #5 Gapare, #13 Kelly",FT - MI,TRANSITION,,,
Game #11 - Hawai'i 12-21-23 (FINAL),3868.605466666667,17.88336666699979,OFFENSE,96,,DK/MVMT,,"#2 George, #11 Ndongo, #14 Reeves, #5 Gapare, #13 Kelly",O2,,,,
Game #11 - Hawai'i 12-21-23 (FINAL),3916.7700530303337,10.418780303332824,OFFENSE,97,,,"GT Off Reb, Transition O","#2 George, #11 Ndongo, #14 Reeves, #5 Gapare, #13 Kelly",X2,TRANSITION,,,
Game #11 - Hawai'i 12-21-23 (FINAL),3927.1888333333336,16.466666666333367,OFFENSE,98,,P/R,,"#2 George, #11 Ndongo, #14 Reeves, #5 Gapare, #13 Kelly",O2,,,,
Game #11 - Hawai'i 12-21-23 (FINAL),4039.1497,14.328400000000329,OFFENSE,99,,P/R,,"#2 George, #11 Ndongo, #14 Reeves, #5 Gapare, #13 Kelly",O2,,,,
Game #11 - Hawai'i 12-21-23 (FINAL),4232.674233333333,7.266700000000128,OFFENSE,100,,OTHER,Forced Foul,"#2 George, #11 Ndongo, #14 Reeves, #5 Gapare, #13 Kelly",,,,,
Game #11 - Hawai'i 12-21-23 (FINAL),4272.190933333333,4.516666666666424,OFFENSE,101,,OTHER,,"#2 George, #11 Ndongo, #14 Reeves, #5 Gapare, #13 Kelly",FT - MK,,,,
Game #11 - Hawai'i 12-21-23 (FINAL),4292.474233333333,5.5,OFFENSE,102,,OTHER,,"#2 George, #11 Ndongo, #14 Reeves, #5 Gapare, #13 Kelly",FT - MK,,,,
Game #11 - Hawai'i 12-21-23 (FINAL),0.35420000000000584,15.156138515999999,DEFENSE,1,,P/R,,"#2 George, #11 Ndongo, #14 Reeves, #13 Kelly, #5 Gapare",TO,,,,
Game #11 - Hawai'i 12-21-23 (FINAL),33.02090000000001,22.069073654999997,DEFENSE,2,,POST,,"#2 George, #11 Ndongo, #14 Reeves, #13 Kelly, #5 Gapare",X2,,,,
Game #11 - Hawai'i 12-21-23 (FINAL),77.3725,20.258565805000018,DEFENSE,3,,P/R,,"#2 George, #11 Ndongo, #14 Reeves, #13 Kelly, #5 Gapare",X2,,,,
Game #11 - Hawai'i 12-21-23 (FINAL),152.5138661476665,34.59036718533352,DEFENSE,4,,DK/MVMT,,"#2 George, #11 Ndongo, #14 Reeves, #13 Kelly, #5 Gapare",O3,,,,
Game #11 - Hawai'i 12-21-23 (FINAL),199.237566667,10.516666665999992,DEFENSE,5,Transition D,,,"#2 George, #11 Ndongo, #14 Reeves, #13 Kelly, #5 Gapare",X3,TRANSITION,,,
Game #11 - Hawai'i 12-21-23 (FINAL),224.52089999999998,19.433333333000007,DEFENSE,6,,P/R,,"#2 George, #11 Ndongo, #14 Reeves, #13 Kelly, #5 Gapare",X2,,,,
Game #11 - Hawai'i 12-21-23 (FINAL),254.1042,25.70003333300002,DEFENSE,7,D Foul,DK/MVMT,,"#2 George, #11 Ndongo, #14 Reeves, #13 Kelly, #5 Gapare",O3F,,,,
Game #11 - Hawai'i 12-21-23 (FINAL),315.954233333,3.999966667000024,DEFENSE,8,,DK/MVMT,,"#2 George, #11 Ndongo, #14 Reeves, #13 Kelly, #5 Gapare",FT - MK,,,,
Game #11 - Hawai'i 12-21-23 (FINAL),344.5375666666667,20.133333333333326,DEFENSE,9,,POST,,"#2 George, #11 Ndongo, #14 Reeves, #13 Kelly, #5 Gapare",O2,,,,
Game #11 - Hawai'i 12-21-23 (FINAL),422.68176666666665,17.050000000000068,DEFENSE,10,,POST,,"#1 Sturdivant, #11 Ndongo, #14 Reeves, #3 Coleman, #13 Kelly",O2,,,,
Game #11 - Hawai'i 12-21-23 (FINAL),463.91509999966667,17.199966667000012,DEFENSE,11,,,,"#1 Sturdivant, #11 Ndongo, #14 Reeves, #3 Coleman, #13 Kelly",,,,,
Game #11 - Hawai'i 12-21-23 (FINAL),492.91506666666675,21.73336666699987,DEFENSE,12,BLOB Def,P/R,,"#1 Sturdivant, #5 Gapare, #3 Coleman, #13 Kelly, #12 Claude",X3,,,,
Game #11 - Hawai'i 12-21-23 (FINAL),543.3150999996667,23.0,DEFENSE,13,,P/R,,"#1 Sturdivant, #5 Gapare, #3 Coleman, #13 Kelly, #12 Claude",X2,,,,
Game #11 - Hawai'i 12-21-23 (FINAL),574.1958588926666,12.269207774000051,DEFENSE,14,D Foul,P/R,,"#1 Sturdivant, #5 Gapare, #3 Coleman, #13 Kelly, #12 Claude",X2F,,,,
Game #11 - Hawai'i 12-21-23 (FINAL),613.9317666666666,5.050000000000068,DEFENSE,15,,P/R,,"#1 Sturdivant, #5 Gapare, #3 Coleman, #13 Kelly, #12 Claude",FT - MI,,,,
Game #11 - Hawai'i 12-21-23 (FINAL),647.9817666666668,5.5166666666666515,DEFENSE,16,,P/R,,"#1 Sturdivant, #5 Gapare, #3 Coleman, #13 Kelly, #12 Claude",FT - MK,,,,
Game #11 - Hawai'i 12-21-23 (FINAL),702.1817666666666,28.850000000000023,DEFENSE,17,,DK/MVMT,,"#1 Sturdivant, #5 Gapare, #12 Claude, #3 Coleman, #2 George",X3,,,,
Game #11 - Hawai'i 12-21-23 (FINAL),754.7011333333332,12.395084149332206,DEFENSE,18,,P/R,,"#1 Sturdivant, #5 Gapare, #12 Claude, #3 Coleman, #2 George",X3,,,,
Game #11 - Hawai'i 12-21-23 (FINAL),773.6178,23.400000000333193,DEFENSE,19,,P/R,,"#1 Sturdivant, #5 Gapare, #12 Claude, #3 Coleman, #2 George",TO,,,,
Game #11 - Hawai'i 12-21-23 (FINAL),832.1344666663333,16.13333333399987,DEFENSE,20,,P/R,,"#1 Sturdivant, #5 Gapare, #12 Claude, #3 Coleman, #2 George",X3,,,,
Game #11 - Hawai'i 12-21-23 (FINAL),870.697133333,24.300000000000182,DEFENSE,21,,P/R,,"#1 Sturdivant, #5 Gapare, #12 Claude, #3 Coleman, #2 George",O2,,,,
Game #11 - Hawai'i 12-21-23 (FINAL),931.0638000000001,32.15753333333328,DEFENSE,22,,DK/MVMT,,"#14 Reeves, #11 Ndongo, #12 Claude, #13 Kelly, #2 George",O2,,,,
Game #11 - Hawai'i 12-21-23 (FINAL),996.5304666670002,19.25,DEFENSE,23,,ISO,,"#14 Reeves, #11 Ndongo, #12 Claude, #13 Kelly, #2 George",X2,,,,
Game #11 - Hawai'i 12-21-23 (FINAL),1030.5638000000001,17.683333333000064,DEFENSE,24,,P/R,,"#14 Reeves, #11 Ndongo, #12 Claude, #13 Kelly, #2 George",O3,,,,
Game #11 - Hawai'i 12-21-23 (FINAL),1060.3804666666667,19.63333333333344,DEFENSE,25,,P/R,,"#14 Reeves, #11 Ndongo, #12 Claude, #13 Kelly, #2 George",X3,,,,
Game #11 - Hawai'i 12-21-23 (FINAL),1118.9437666663334,18.36666666699989,DEFENSE,26,,OFF BALL SCREEN,,"#14 Reeves, #11 Ndongo, #5 Gapare, #13 Kelly, #2 George",X3,,,,
Game #11 - Hawai'i 12-21-23 (FINAL),1204.6604333333335,27.950019903999873,DEFENSE,27,Opp Off Reb,P/R,,"#14 Reeves, #11 Ndongo, #5 Gapare, #13 Kelly, #2 George",X3,,,,
Game #11 - Hawai'i 12-21-23 (FINAL),1232.6104532373333,5.033313429000145,DEFENSE,28,Opp Off Reb,OREB,,"#14 Reeves, #11 Ndongo, #5 Gapare, #13 Kelly, #2 George",,,,,
Game #11 - Hawai'i 12-21-23 (FINAL),1237.6437666663335,14.044171445999837,DEFENSE,29,,P/R,,"#14 Reeves, #11 Ndongo, #5 Gapare, #13 Kelly, #2 George",O2,,,,
Game #11 - Hawai'i 12-21-23 (FINAL),1266.6785860683335,25.398513931999787,DEFENSE,30,,P/R,,"#14 Reeves, #11 Ndongo, #5 Gapare, #13 Kelly, #2 George",O2,,,,
Game #11 - Hawai'i 12-21-23 (FINAL),1312.5771,30.756389904333446,DEFENSE,31,,ISO,,"#14 Reeves, #11 Ndongo, #5 Gapare, #13 Kelly, #2 George",X2,,,,
Game #11 - Hawai'i 12-21-23 (FINAL),1350.8937333333333,6.450033333000192,DEFENSE,32,Transition D,,,"#14 Reeves, #11 Ndongo, #5 Gapare, #13 Kelly, #2 George",O3,TRANSITION,,,
Game #11 - Hawai'i 12-21-23 (FINAL),1408.6180666666671,20.049999999999727,DEFENSE,33,,P/R,,"#14 Reeves, #11 Ndongo, #3 Coleman, #13 Kelly, #1 Sturdivant",X3,,,,
Game #11 - Hawai'i 12-21-23 (FINAL),1471.501399999667,16.1651962573319,DEFENSE,34,D Foul,POST,,"#14 Reeves, #11 Ndongo, #3 Coleman, #13 Kelly, #1 Sturdivant",X2F,,,,
Game #11 - Hawai'i 12-21-23 (FINAL),1506.4617903833334,6.803642249665245,DEFENSE,35,,POST,,"#14 Reeves, #11 Ndongo, #3 Coleman, #13 Kelly, #1 Sturdivant",FT - MI,,,,
Game #11 - Hawai'i 12-21-23 (FINAL),1526.9347333333337,4.033333333333303,DEFENSE,36,,POST,,"#14 Reeves, #11 Ndongo, #3 Coleman, #13 Kelly, #1 Sturdivant",FT - MK,,,,
Game #11 - Hawai'i 12-21-23 (FINAL),1558.8013999996672,10.183333334000054,DEFENSE,37,,P/R,,"#14 Reeves, #11 Ndongo, #3 Coleman, #13 Kelly, #1 Sturdivant",X2,,,,
Game #11 - Hawai'i 12-21-23 (FINAL),1579.101399999667,14.016666667000209,DEFENSE,38,,OFF BALL SCREEN,,"#14 Reeves, #11 Ndongo, #3 Coleman, #13 Kelly, #1 Sturdivant",X3,,,,
Game #11 - Hawai'i 12-21-23 (FINAL),1604.651399999667,13.949999999999818,DEFENSE,39,,P/R,,"#14 Reeves, #11 Ndongo, #3 Coleman, #13 Kelly, #1 Sturdivant",X2,,,,
Game #11 - Hawai'i 12-21-23 (FINAL),1625.5347333333336,28.333333333333485,DEFENSE,40,D Foul,P/R,,"#14 Reeves, #11 Ndongo, #3 Coleman, #13 Kelly, #1 Sturdivant",X2F,,,,
Game #11 - Hawai'i 12-21-23 (FINAL),1687.064048128999,4.343055959668163,DEFENSE,41,,P/R,,"#14 Reeves, #11 Ndongo, #3 Coleman, #13 Kelly, #1 Sturdivant",FT - MI,,,,
Game #11 - Hawai'i 12-21-23 (FINAL),1708.7676867696666,4.290984042000218,DEFENSE,42,,P/R,,"#14 Reeves, #11 Ndongo, #3 Coleman, #13 Kelly, #1 Sturdivant",FT - MI,,,,
Game #11 - Hawai'i 12-21-23 (FINAL),1748.8649666663334,26.866666667000118,DEFENSE,43,,DK/MVMT,,"#2 George, #11 Ndongo, #14 Reeves, #13 Kelly, #5 Gapare",X3,,,,
Game #11 - Hawai'i 12-21-23 (FINAL),1835.442166666667,10.944121511666708,DEFENSE,44,Opp Off Reb,P/R,,"#2 George, #11 Ndongo, #14 Reeves, #13 Kelly, #5 Gapare",X2,,,,
Game #11 - Hawai'i 12-21-23 (FINAL),1846.3862881783336,2.1889520199993058,DEFENSE,45,,OREB,,"#2 George, #11 Ndongo, #14 Reeves, #13 Kelly, #5 Gapare",O2,,,,
Game #11 - Hawai'i 12-21-23 (FINAL),1868.0649666663337,22.029896221999934,DEFENSE,46,,POST,,"#2 George, #11 Ndongo, #14 Reeves, #13 Kelly, #5 Gapare",X2,,,,
Game #11 - Hawai'i 12-21-23 (FINAL),1902.7149666663338,20.049999999999727,DEFENSE,47,,POST,,"#2 George, #11 Ndongo, #14 Reeves, #13 Kelly, #5 Gapare",,,,,
Game #11 - Hawai'i 12-21-23 (FINAL),1938.2816333333337,21.352149688999816,DEFENSE,48,BLOB Def,DK/MVMT,,"#2 George, #12 Claude, #14 Reeves, #13 Kelly, #5 Gapare",X2,,,,
Game #11 - Hawai'i 12-21-23 (FINAL),1965.2649333333336,28.966699999999946,DEFENSE,49,D Foul,P/R,,"#2 George, #12 Claude, #14 Reeves, #13 Kelly, #5 Gapare",X2F,,,,
Game #11 - Hawai'i 12-21-23 (FINAL),2020.6771734986644,2.604659875669313,DEFENSE,50,,P/R,,"#2 George, #12 Claude, #14 Reeves, #13 Kelly, #5 Gapare",FT - MK,,,,
Game #11 - Hawai'i 12-21-23 (FINAL),2037.175164183998,4.199732001335633,DEFENSE,51,,P/R,,"#2 George, #12 Claude, #14 Reeves, #13 Kelly, #5 Gapare",FT - MK,,,,
Game #11 - Hawai'i 12-21-23 (FINAL),2060.281633333334,23.522300000000087,DEFENSE,52,D Foul,DK/MVMT,,"#2 George, #12 Claude, #14 Reeves, #13 Kelly, #5 Gapare",O2F,,,,
Game #11 - Hawai'i 12-21-23 (FINAL),2091.494227354334,4.419114708333382,DEFENSE,53,,DK/MVMT,,"#2 George, #12 Claude, #14 Reeves, #13 Kelly, #5 Gapare",FT - MI,,,,
Game #11 - Hawai'i 12-21-23 (FINAL),2128.4349666666667,16.681740849000107,DEFENSE,54,,DK/MVMT,,"#1 Sturdivant, #12 Claude, #14 Reeves, #13 Kelly, #5 Gapare",X2,,,,
Game #11 - Hawai'i 12-21-23 (FINAL),2151.1349999996673,8.166666666999845,DEFENSE,55,Transition D,,,"#1 Sturdivant, #12 Claude, #14 Reeves, #13 Kelly, #5 Gapare",O3,TRANSITION,,,
Game #11 - Hawai'i 12-21-23 (FINAL),2187.452416099667,4.482550567000089,DEFENSE,56,"Transition D, Opp Off Reb",,,"#1 Sturdivant, #12 Claude, #14 Reeves, #13 Kelly, #5 Gapare",X2,TRANSITION,,,
Game #11 - Hawai'i 12-21-23 (FINAL),2191.9349666666667,4.383366666666916,DEFENSE,57,,OREB,,"#1 Sturdivant, #12 Claude, #14 Reeves, #13 Kelly, #5 Gapare",O2,,,,
Game #11 - Hawai'i 12-21-23 (FINAL),2234.910351030334,21.088425307998477,DEFENSE,58,,P/R,,"#1 Sturdivant, #11 Ndongo, #14 Reeves, #13 Kelly, #3 Coleman",O2,,,,
Game #11 - Hawai'i 12-21-23 (FINAL),2274.7033598593334,6.462744046999887,DEFENSE,59,"Transition D, D Foul",,,"#1 Sturdivant, #11 Ndongo, #14 Reeves, #13 Kelly, #3 Coleman",X2F,TRANSITION,,,
Game #11 - Hawai'i 12-21-23 (FINAL),2306.4188000000004,7.316666666333276,DEFENSE,60,,,,"#1 Sturdivant, #11 Ndongo, #14 Reeves, #13 Kelly, #3 Coleman",FT - MK,TRANSITION,,,
Game #11 - Hawai'i 12-21-23 (FINAL),2329.2521333333334,8.316666666999936,DEFENSE,61,,,,"#1 Sturdivant, #11 Ndongo, #14 Reeves, #13 Kelly, #3 Coleman",FT - MK,TRANSITION,,,
Game #11 - Hawai'i 12-21-23 (FINAL),2424.6282121993336,18.231986932999916,DEFENSE,62,,P/R,,"#1 Sturdivant, #11 Ndongo, #14 Reeves, #2 George, #3 Coleman",O2,,,,
Game #11 - Hawai'i 12-21-23 (FINAL),2604.864700000001,24.869094654000037,DEFENSE,63,Opp Off Reb,DK/MVMT,,"#13 Kelly, #11 Ndongo, #5 Gapare, #2 George, #3 Coleman",X3,,,,
Game #11 - Hawai'i 12-21-23 (FINAL),2629.733794654001,5.030938678999519,DEFENSE,64,,OREB,,"#13 Kelly, #11 Ndongo, #5 Gapare, #2 George, #3 Coleman",X2,,,,
Game #11 - Hawai'i 12-21-23 (FINAL),2665.998066667001,21.800000000000182,DEFENSE,65,,P/R,,"#13 Kelly, #11 Ndongo, #5 Gapare, #2 George, #3 Coleman",X2,,,,
Game #11 - Hawai'i 12-21-23 (FINAL),2697.2314000000006,24.94442376799907,DEFENSE,66,D Foul,DK/MVMT,,"#13 Kelly, #11 Ndongo, #5 Gapare, #2 George, #3 Coleman",,,,,
Game #11 - Hawai'i 12-21-23 (FINAL),2752.7266666666674,8.721400000333233,DEFENSE,67,"BLOB Def, D Foul",BLOB,,"#13 Kelly, #12 Claude, #5 Gapare, #1 Sturdivant, #14 Reeves",O2F,,,,
Game #11 - Hawai'i 12-21-23 (FINAL),2786.0147000000006,0.897558239999853,DEFENSE,68,,BLOB,,"#13 Kelly, #12 Claude, #5 Gapare, #1 Sturdivant, #14 Reeves",FT - MK,,,,
Game #11 - Hawai'i 12-21-23 (FINAL),2803.6917206860007,10.245782887000132,DEFENSE,69,,P/R,,"#13 Kelly, #12 Claude, #5 Gapare, #1 Sturdivant, #14 Reeves",X2,,,,
Game #11 - Hawai'i 12-21-23 (FINAL),2821.3175793220007,12.837255206000009,DEFENSE,70,"Transition D, Opp Off Reb",,,"#13 Kelly, #12 Claude, #5 Gapare, #1 Sturdivant, #14 Reeves",X3,TRANSITION,,,
Game #11 - Hawai'i 12-21-23 (FINAL),2858.6646666666675,13.250033333332794,DEFENSE,71,,P/R,,"#13 Kelly, #12 Claude, #5 Gapare, #1 Sturdivant, #14 Reeves",O3,,,,
Game #11 - Hawai'i 12-21-23 (FINAL),2897.2764106170007,7.154989382999702,DEFENSE,72,Transition D,,,"#2 George, #12 Claude, #5 Gapare, #1 Sturdivant, #14 Reeves",X3,TRANSITION,,,
Game #11 - Hawai'i 12-21-23 (FINAL),2990.7314000000006,31.635533333333115,DEFENSE,73,D Foul,POST,,"#2 George, #12 Claude, #5 Gapare, #1 Sturdivant, #14 Reeves",,,,,
Game #11 - Hawai'i 12-21-23 (FINAL),3048.5965868290004,4.80158816666426,DEFENSE,74,,POST,,"#2 George, #12 Claude, #5 Gapare, #1 Sturdivant, #14 Reeves",FT - MK,,,,
Game #11 - Hawai'i 12-21-23 (FINAL),3064.7994662046667,6.079313416999867,DEFENSE,75,,POST,,"#2 George, #12 Claude, #5 Gapare, #1 Sturdivant, #14 Reeves",FT - MI,,,,
Game #11 - Hawai'i 12-21-23 (FINAL),3142.3030666666673,28.949999999999818,DEFENSE,76,Opp Off Reb,P/R,,"#2 George, #11 Ndongo, #3 Coleman, #13 Kelly, #14 Reeves",X3,,,,
Game #11 - Hawai'i 12-21-23 (FINAL),3211.0697333336666,14.199999999666943,DEFENSE,77,,P/R,,"#2 George, #11 Ndongo, #3 Coleman, #13 Kelly, #14 Reeves",O2,,,,
Game #11 - Hawai'i 12-21-23 (FINAL),3238.419733333333,14.214366666667047,DEFENSE,78,D Foul,P/R,,"#2 George, #11 Ndongo, #3 Coleman, #13 Kelly, #14 Reeves",X2F,,,,
Game #11 - Hawai'i 12-21-23 (FINAL),3279.1363666666666,3.5,DEFENSE,79,,P/R,,"#2 George, #11 Ndongo, #3 Coleman, #13 Kelly, #14 Reeves",FT - MK,,,,
Game #11 - Hawai'i 12-21-23 (FINAL),3298.8863999996665,5.800000000000182,DEFENSE,80,,P/R,,"#2 George, #11 Ndongo, #3 Coleman, #13 Kelly, #14 Reeves",FT - MK,,,,
Game #11 - Hawai'i 12-21-23 (FINAL),3352.6714666666667,22.22950989200035,DEFENSE,81,D Foul,P/R,,"#2 George, #11 Ndongo, #3 Coleman, #13 Kelly, #14 Reeves",X2F,,,,
Game #11 - Hawai'i 12-21-23 (FINAL),3400.1530666666667,5.266666667000209,DEFENSE,82,,P/R,,"#2 George, #11 Ndongo, #3 Coleman, #13 Kelly, #14 Reeves",FT - MK,,,,
Game #11 - Hawai'i 12-21-23 (FINAL),3421.436366666667,3.25,DEFENSE,83,,P/R,,"#2 George, #11 Ndongo, #3 Coleman, #13 Kelly, #14 Reeves",FT - MK,,,,
Game #11 - Hawai'i 12-21-23 (FINAL),3447.1291874926674,19.823879173999558,DEFENSE,84,D Foul,P/R,,"#2 George, #11 Ndongo, #5 Gapare, #13 Kelly, #14 Reeves",X2F,,,,
Game #11 - Hawai'i 12-21-23 (FINAL),3491.953066666667,4.016666666666424,DEFENSE,85,,P/R,,"#2 George, #11 Ndongo, #5 Gapare, #13 Kelly, #14 Reeves",FT - MK,,,,
Game #11 - Hawai'i 12-21-23 (FINAL),3507.486366666667,6.25,DEFENSE,86,,P/R,,"#2 George, #11 Ndongo, #5 Gapare, #13 Kelly, #14 Reeves",FT - MK,,,,
Game #11 - Hawai'i 12-21-23 (FINAL),3529.9455333333335,18.074200000333803,DEFENSE,87,,POST,,"#2 George, #11 Ndongo, #5 Gapare, #13 Kelly, #14 Reeves",TO,,,,
Game #11 - Hawai'i 12-21-23 (FINAL),3567.5197333333335,7.75,DEFENSE,88,,,,"#2 George, #11 Ndongo, #5 Gapare, #13 Kelly, #14 Reeves",,,,,
Game #11 - Hawai'i 12-21-23 (FINAL),3593.538833333333,21.000000000333785,DEFENSE,89,"SLOB Def, Opp Off Reb",OFF BALL SCREEN,,"#2 George, #11 Ndongo, #5 Gapare, #13 Kelly, #14 Reeves",X3,,,,
Game #11 - Hawai'i 12-21-23 (FINAL),3614.538833333667,5.683333332999609,DEFENSE,90,,,,"#2 George, #11 Ndongo, #5 Gapare, #13 Kelly, #14 Reeves",,,,,
Game #11 - Hawai'i 12-21-23 (FINAL),3638.1888333333336,12.283333333332848,DEFENSE,91,SLOB Def,P/R,,"#2 George, #11 Ndongo, #5 Gapare, #13 Kelly, #14 Reeves",O2,,,,
Game #11 - Hawai'i 12-21-23 (FINAL),3724.070528903663,12.736806710003293,DEFENSE,92,,P/R,,"#2 George, #11 Ndongo, #5 Gapare, #13 Kelly, #14 Reeves",TO,,,,
Game #11 - Hawai'i 12-21-23 (FINAL),3793.5117861846666,21.598291883000456,DEFENSE,93,D Foul,P/R,,"#2 George, #11 Ndongo, #5 Gapare, #13 Kelly, #14 Reeves",X2F,,,,
Game #11 - Hawai'i 12-21-23 (FINAL),3840.966543988333,4.2035481663315295,DEFENSE,94,,P/R,,"#2 George, #11 Ndongo, #5 Gapare, #13 Kelly, #14 Reeves",FT - MK,,,,
Game #11 - Hawai'i 12-21-23 (FINAL),3858.9693570726677,5.100528665666388,DEFENSE,95,,P/R,,"#2 George, #11 Ndongo, #5 Gapare, #13 Kelly, #14 Reeves",FT - MK,,,,
Game #11 - Hawai'i 12-21-23 (FINAL),3886.4888333336667,30.281219696666994,DEFENSE,96,,P/R,,"#2 George, #11 Ndongo, #5 Gapare, #13 Kelly, #14 Reeves",X3,,,,
Game #11 - Hawai'i 12-21-23 (FINAL),3943.655499999667,7.516666666999299,DEFENSE,97,,,,"#2 George, #11 Ndongo, #5 Gapare, #13 Kelly, #14 Reeves",,,,,
Game #11 - Hawai'i 12-21-23 (FINAL),3977.2830333330003,18.33103333366671,DEFENSE,98,"SLOB Def, D Foul",DK/MVMT,,"#2 George, #11 Ndongo, #5 Gapare, #13 Kelly, #14 Reeves",O2F,,,,
Game #11 - Hawai'i 12-21-23 (FINAL),4030.366366666666,6.25,DEFENSE,99,,DK/MVMT,,"#2 George, #11 Ndongo, #5 Gapare, #13 Kelly, #14 Reeves",FT - MK,,,,
Game #11 - Hawai'i 12-21-23 (FINAL),4053.4781000000003,15.77271467599985,DEFENSE,100,Opp Off Reb,DK/MVMT,,"#2 George, #11 Ndongo, #5 Gapare, #13 Kelly, #14 Reeves",X3,,,,
Game #11 - Hawai'i 12-21-23 (FINAL),4136.0008,15.215566666666746,DEFENSE,101,"SLOB Def, D Foul",ISO,,"#2 George, #11 Ndongo, #5 Gapare, #13 Kelly, #14 Reeves",O2F,,,,
Game #11 - Hawai'i 12-21-23 (FINAL),4204.483,6.7000333329997375,DEFENSE,102,,ISO,,"#2 George, #11 Ndongo, #5 Gapare, #13 Kelly, #14 Reeves",FT - MI,,,,
Game #11 - Hawai'i 12-21-23 (FINAL),4297.974233333333,11.899999999999636,DEFENSE,103,,P/R,,"#2 George, #11 Ndongo, #5 Gapare, #13 Kelly, #14 Reeves",X3,,,,
Game #11 - Hawai'i 12-21-23 (FINAL),0.0,365.902,GAME,1,,,,,,,,,
Game #11 - Hawai'i 12-21-23 (FINAL),365.902,388.10009999999994,GAME,2,,,,,,,,,
Game #11 - Hawai'i 12-21-23 (FINAL),754.0020999999999,116.15730000000008,GAME,3,,,,,,,,,
Game #11 - Hawai'i 12-21-23 (FINAL),870.1594,226.2319,GAME,4,,,,,,,,,
Game #11 - Hawai'i 12-21-23 (FINAL),1096.3913,293.9401333333335,GAME,5,,,,,,,,,
Game #11 - Hawai'i 12-21-23 (FINAL),1390.3314333333335,335.1917000000003,GAME,6,,,,,,,,,
Game #11 - Hawai'i 12-21-23 (FINAL),1725.5231333333338,361.0531333333331,GAME,7,,,,,,,,,
Game #11 - Hawai'i 12-21-23 (FINAL),2086.576266666667,129.45449999999983,GAME,8,,,,,,,,,
Game #11 - Hawai'i 12-21-23 (FINAL),2216.0307666666668,290.4839333333334,GAME,9,,,,,,,,,
Game #11 - Hawai'i 12-21-23 (FINAL),2506.5147000000006,529.3842333333332,GAME,10,,,,,,,,,
Game #11 - Hawai'i 12-21-23 (FINAL),3035.898933333334,547.3443666666662,GAME,11,,,,,,,,,
Game #11 - Hawai'i 12-21-23 (FINAL),3583.2433,393.3837999999996,GAME,12,,,,,,,,,
Game #11 - Hawai'i 12-21-23 (FINAL),3976.6270999999997,248.6289333333334,GAME,13,,,,,,,,,
Game #11 - Hawai'i 12-21-23 (FINAL),4225.256033333333,104.01823333333323,GAME,14,,,,,,,,,
Game #11 - Hawai'i 12-21-23 (FINAL),47.66735218800001,8.0,OPP 2PT Shot,1,,,,,,,,,
Game #11 - Hawai'i 12-21-23 (FINAL),90.67090000000002,8.0,OPP 2PT Shot,2,,,,,,,,,
Game #11 - Hawai'i 12-21-23 (FINAL),235.687566667,8.0,OPP 2PT Shot,3,,,,,,,,,
Game #11 - Hawai'i 12-21-23 (FINAL),356.88541209,8.0,OPP 2PT Shot,4,,,,,,,,,
Game #11 - Hawai'i 12-21-23 (FINAL),432.7317666666667,8.0,OPP 2PT Shot,5,,,,,,,,,
Game #11 - Hawai'i 12-21-23 (FINAL),559.2217666666668,8.0,OPP 2PT Shot,6,,,,,,,,,
Game #11 - Hawai'i 12-21-23 (FINAL),579.4602666666667,8.0,OPP 2PT Shot,7,,,,,,,,,
Game #11 - Hawai'i 12-21-23 (FINAL),887.7404333333334,8.0,OPP 2PT Shot,8,,,,,,,,,
Game #11 - Hawai'i 12-21-23 (FINAL),955.7852742260002,8.0,OPP 2PT Shot,9,,,,,,,,,
Game #11 - Hawai'i 12-21-23 (FINAL),1007.5304666670002,8.0,OPP 2PT Shot,10,,,,,,,,,
Game #11 - Hawai'i 12-21-23 (FINAL),1244.9604333333334,8.0,OPP 2PT Shot,11,,,,,,,,,
Game #11 - Hawai'i 12-21-23 (FINAL),1285.3104333333333,8.0,OPP 2PT Shot,12,,,,,,,,,
Game #11 - Hawai'i 12-21-23 (FINAL),1336.4001571093333,8.0,OPP 2PT Shot,13,,,,,,,,,
Game #11 - Hawai'i 12-21-23 (FINAL),1481.1094560676672,8.0,OPP 2PT Shot,14,,,,,,,,,
Game #11 - Hawai'i 12-21-23 (FINAL),1561.9180666666668,8.0,OPP 2PT Shot,15,,,,,,,,,
Game #11 - Hawai'i 12-21-23 (FINAL),1611.251366666667,8.0,OPP 2PT Shot,16,,,,,,,,,
Game #11 - Hawai'i 12-21-23 (FINAL),1647.0513999996672,8.0,OPP 2PT Shot,17,,,,,,,,,
Game #11 - Hawai'i 12-21-23 (FINAL),1839.6816333333338,8.0,OPP 2PT Shot,18,,,,,,,,,
Game #11 - Hawai'i 12-21-23 (FINAL),1842.0702340313335,8.0,OPP 2PT Shot,19,,,,,,,,,
Game #11 - Hawai'i 12-21-23 (FINAL),1883.4483000003336,8.0,OPP 2PT Shot,20,,,,,,,,,
Game #11 - Hawai'i 12-21-23 (FINAL),1952.6149333333335,8.0,OPP 2PT Shot,21,,,,,,,,,
Game #11 - Hawai'i 12-21-23 (FINAL),1986.3483000000003,8.0,OPP 2PT Shot,22,,,,,,,,,
Game #11 - Hawai'i 12-21-23 (FINAL),2076.0539420973337,8.0,OPP 2PT Shot,23,,,,,,,,,
Game #11 - Hawai'i 12-21-23 (FINAL),2139.1292714796673,8.0,OPP 2PT Shot,24,,,,,,,,,
Game #11 - Hawai'i 12-21-23 (FINAL),2185.8849999996673,8.0,OPP 2PT Shot,25,,,,,,,,,
Game #11 - Hawai'i 12-21-23 (FINAL),2186.9349666666667,8.0,OPP 2PT Shot,26,,,,,,,,,
Game #11 - Hawai'i 12-21-23 (FINAL),2249.0354666663334,8.0,OPP 2PT Shot,27,,,,,,,,,
Game #11 - Hawai'i 12-21-23 (FINAL),2274.440872944334,8.0,OPP 2PT Shot,28,,,,,,,,,
Game #11 - Hawai'i 12-21-23 (FINAL),2436.4226464033336,8.0,OPP 2PT Shot,29,,,,,,,,,
Game #11 - Hawai'i 12-21-23 (FINAL),2625.498066666667,8.0,OPP 2PT Shot,30,,,,,,,,,
Game #11 - Hawai'i 12-21-23 (FINAL),2680.5314000000008,8.0,OPP 2PT Shot,31,,,,,,,,,
Game #11 - Hawai'i 12-21-23 (FINAL),2753.1118375310007,8.0,OPP 2PT Shot,32,,,,,,,,,
Game #11 - Hawai'i 12-21-23 (FINAL),2806.5147333330005,8.0,OPP 2PT Shot,33,,,,,,,,,
Game #11 - Hawai'i 12-21-23 (FINAL),3014.6169627830004,8.0,OPP 2PT Shot,34,,,,,,,,,
Game #11 - Hawai'i 12-21-23 (FINAL),3217.7697333333335,8.0,OPP 2PT Shot,35,,,,,,,,,
Game #11 - Hawai'i 12-21-23 (FINAL),3244.884129769667,8.0,OPP 2PT Shot,36,,,,,,,,,
Game #11 - Hawai'i 12-21-23 (FINAL),3368.1863999996667,8.0,OPP 2PT Shot,37,,,,,,,,,
Game #11 - Hawai'i 12-21-23 (FINAL),3643.438941438667,8.0,OPP 2PT Shot,38,,,,,,,,,
Game #11 - Hawai'i 12-21-23 (FINAL),3807.5312101786667,8.0,OPP 2PT Shot,39,,,,,,,,,
Game #11 - Hawai'i 12-21-23 (FINAL),3987.8640996249997,8.0,OPP 2PT Shot,40,,,,,,,,,
Game #11 - Hawai'i 12-21-23 (FINAL),4143.708080804,8.0,OPP 2PT Shot,41,,,,,,,,,
Game #11 - Hawai'i 12-21-23 (FINAL),179.504233333,8.0,OPP 3PT Shot,1,,,,,,,,,
Game #11 - Hawai'i 12-21-23 (FINAL),201.62740335,8.0,OPP 3PT Shot,2,,,,,,,,,
Game #11 - Hawai'i 12-21-23 (FINAL),270.387566667,8.0,OPP 3PT Shot,3,,,,,,,,,
Game #11 - Hawai'i 12-21-23 (FINAL),505.72396666666674,7.999999999999943,OPP 3PT Shot,4,,,,,,,,,
Game #11 - Hawai'i 12-21-23 (FINAL),723.2650666666666,8.0,OPP 3PT Shot,5,,,,,,,,,
Game #11 - Hawai'i 12-21-23 (FINAL),760.1178,8.0,OPP 3PT Shot,6,,,,,,,,,
Game #11 - Hawai'i 12-21-23 (FINAL),840.6844666663333,8.0,OPP 3PT Shot,7,,,,,,,,,
Game #11 - Hawai'i 12-21-23 (FINAL),1039.947133333,8.0,OPP 3PT Shot,8,,,,,,,,,
Game #11 - Hawai'i 12-21-23 (FINAL),1072.1971,8.0,OPP 3PT Shot,9,,,,,,,,,
Game #11 - Hawai'i 12-21-23 (FINAL),1126.7104333333334,8.0,OPP 3PT Shot,10,,,,,,,,,
Game #11 - Hawai'i 12-21-23 (FINAL),1224.3783295323335,8.0,OPP 3PT Shot,11,,,,,,,,,
Game #11 - Hawai'i 12-21-23 (FINAL),1229.2104333333334,8.0,OPP 3PT Shot,12,,,,,,,,,
Game #11 - Hawai'i 12-21-23 (FINAL),1349.5771000003333,8.0,OPP 3PT Shot,13,,,,,,,,,
Game #11 - Hawai'i 12-21-23 (FINAL),1420.8680666666671,8.0,OPP 3PT Shot,14,,,,,,,,,
Game #11 - Hawai'i 12-21-23 (FINAL),1585.2814604476669,8.0,OPP 3PT Shot,15,,,,,,,,,
Game #11 - Hawai'i 12-21-23 (FINAL),1766.8140171043335,8.0,OPP 3PT Shot,16,,,,,,,,,
Game #11 - Hawai'i 12-21-23 (FINAL),2151.534999999667,8.0,OPP 3PT Shot,17,,,,,,,,,
Game #11 - Hawai'i 12-21-23 (FINAL),2621.718065442001,8.0,OPP 3PT Shot,18,,,,,,,,,
Game #11 - Hawai'i 12-21-23 (FINAL),2821.3480666670002,8.0,OPP 3PT Shot,19,,,,,,,,,
Game #11 - Hawai'i 12-21-23 (FINAL),2863.1646666666675,8.0,OPP 3PT Shot,20,,,,,,,,,
Game #11 - Hawai'i 12-21-23 (FINAL),2896.8480666666674,8.0,OPP 3PT Shot,21,,,,,,,,,
Game #11 - Hawai'i 12-21-23 (FINAL),3163.036366666667,8.0,OPP 3PT Shot,22,,,,,,,,,
Game #11 - Hawai'i 12-21-23 (FINAL),3604.0977775946667,8.0,OPP 3PT Shot,23,,,,,,,,,
Game #11 - Hawai'i 12-21-23 (FINAL),3908.655466666667,8.0,OPP 3PT Shot,24,,,,,,,,,
Game #11 - Hawai'i 12-21-23 (FINAL),4056.983033333,8.0,OPP 3PT Shot,25,,,,,,,,,
Game #11 - Hawai'i 12-21-23 (FINAL),4299.4909333333335,8.0,OPP 3PT Shot,26,,,,,,,,,
Game #11 - Hawai'i 12-21-23 (FINAL),26.51550528,8.0,FGA - Ndongo #11,1,,,,,,,,,
Game #11 - Hawai'i 12-21-23 (FINAL),216.77089999999998,8.0,FGA - Ndongo #11,2,,,,,,,,,
Game #11 - Hawai'i 12-21-23 (FINAL),337.204233333,8.0,FGA - Ndongo #11,3,,,,,,,,,
Game #11 - Hawai'i 12-21-23 (FINAL),989.504963285,8.0,FGA - Ndongo #11,4,,,,,,,,,
Game #11 - Hawai'i 12-21-23 (FINAL),1372.6437666663335,8.0,FGA - Ndongo #11,5,,,,,,,,,
Game #11 - Hawai'i 12-21-23 (FINAL),1464.4975939726671,8.0,FGA - Ndongo #11,6,,,,,,,,,
Game #11 - Hawai'i 12-21-23 (FINAL),1618.534615682667,8.0,FGA - Ndongo #11,7,,,,,,,,,
Game #11 - Hawai'i 12-21-23 (FINAL),1895.7149333333334,8.0,FGA - Ndongo #11,8,,,,,,,,,
Game #11 - Hawai'i 12-21-23 (FINAL),3523.195540984667,8.0,FGA - Ndongo #11,9,,,,,,,,,
Game #11 - Hawai'i 12-21-23 (FINAL),3560.003066666667,8.0,FGA - Ndongo #11,10,,,,,,,,,
Game #11 - Hawai'i 12-21-23 (FINAL),3657.315831658667,8.0,FGA - Ndongo #11,11,,,,,,,,,
Game #11 - Hawai'i 12-21-23 (FINAL),3879.4810291836666,8.0,FGA - Ndongo #11,12,,,,,,,,,
Game #11 - Hawai'i 12-21-23 (FINAL),69.122520777,8.0,FGA - George #2,1,,,,,,,,,
Game #11 - Hawai'i 12-21-23 (FINAL),246.3542,8.0,FGA - George #2,2,,,,,,,,,
Game #11 - Hawai'i 12-21-23 (FINAL),848.2344333333333,8.0,FGA - George #2,3,,,,,,,,,
Game #11 - Hawai'i 12-21-23 (FINAL),1052.647133333,8.0,FGA - George #2,4,,,,,,,,,
Game #11 - Hawai'i 12-21-23 (FINAL),1160.9771000003334,8.0,FGA - George #2,5,,,,,,,,,
Game #11 - Hawai'i 12-21-23 (FINAL),1257.4604333333334,8.0,FGA - George #2,6,,,,,,,,,
Game #11 - Hawai'i 12-21-23 (FINAL),1741.7483000003338,8.0,FGA - George #2,7,,,,,,,,,
Game #11 - Hawai'i 12-21-23 (FINAL),1894.1983000000002,8.0,FGA - George #2,8,,,,,,,,,
Game #11 - Hawai'i 12-21-23 (FINAL),2052.522250486334,8.0,FGA - George #2,9,,,,,,,,,
Game #11 - Hawai'i 12-21-23 (FINAL),2417.0980506513333,8.0,FGA - George #2,10,,,,,,,,,
Game #11 - Hawai'i 12-21-23 (FINAL),2482.452133333333,8.0,FGA - George #2,11,,,,,,,,,
Game #11 - Hawai'i 12-21-23 (FINAL),2658.8617453080005,8.0,FGA - George #2,12,,,,,,,,,
Game #11 - Hawai'i 12-21-23 (FINAL),2921.1898003490005,8.0,FGA - George #2,13,,,,,,,,,
Game #11 - Hawai'i 12-21-23 (FINAL),3521.3937123996666,8.0,FGA - George #2,14,,,,,,,,,
Game #11 - Hawai'i 12-21-23 (FINAL),3735.6721666666663,8.0,FGA - George #2,15,,,,,,,,,
Game #11 - Hawai'i 12-21-23 (FINAL),97.754233333,8.0,FGA - Gapare #5,1,,,,,,,,,
Game #11 - Hawai'i 12-21-23 (FINAL),386.19843333366674,8.0,FGA - Gapare #5,2,,,,,,,,,
Game #11 - Hawai'i 12-21-23 (FINAL),566.8817666666666,8.0,FGA - Gapare #5,3,,,,,,,,,
Game #11 - Hawai'i 12-21-23 (FINAL),1111.1771,8.0,FGA - Gapare #5,4,,,,,,,,,
Game #11 - Hawai'i 12-21-23 (FINAL),1342.8104333333333,8.0,FGA - Gapare #5,5,,,,,,,,,
Game #11 - Hawai'i 12-21-23 (FINAL),1828.1921821093335,8.0,FGA - Gapare #5,6,,,,,,,,,
Game #11 - Hawai'i 12-21-23 (FINAL),1958.2483000003338,8.0,FGA - Gapare #5,7,,,,,,,,,
Game #11 - Hawai'i 12-21-23 (FINAL),3439.186366666667,8.0,FGA - Gapare #5,8,,,,,,,,,
Game #11 - Hawai'i 12-21-23 (FINAL),3918.8514624476666,8.0,FGA - Gapare #5,9,,,,,,,,,
Game #11 - Hawai'i 12-21-23 (FINAL),415.2984333333333,8.0,FGA - Sturdivant #1,1,,,,,,,,,
Game #11 - Hawai'i 12-21-23 (FINAL),766.3573788163333,8.0,FGA - Sturdivant #1,2,,,,,,,,,
Game #11 - Hawai'i 12-21-23 (FINAL),824.1171555183332,8.0,FGA - Sturdivant #1,3,,,,,,,,,
Game #11 - Hawai'i 12-21-23 (FINAL),1551.1347333336669,8.0,FGA - Sturdivant #1,4,,,,,,,,,
Game #11 - Hawai'i 12-21-23 (FINAL),2227.353283692333,8.0,FGA - Sturdivant #1,5,,,,,,,,,
Game #11 - Hawai'i 12-21-23 (FINAL),2795.5980666666674,8.0,FGA - Sturdivant #1,6,,,,,,,,,
Game #11 - Hawai'i 12-21-23 (FINAL),2890.2312927830008,8.0,FGA - Sturdivant #1,7,,,,,,,,,
Game #11 - Hawai'i 12-21-23 (FINAL),457.15136861366665,8.0,FGA - Kelly #13,1,,,,,,,,,
Game #11 - Hawai'i 12-21-23 (FINAL),520.9150999996666,8.0,FGA - Kelly #13,2,,,,,,,,,
Game #11 - Hawai'i 12-21-23 (FINAL),1401.0847333333338,8.0,FGA - Kelly #13,3,,,,,,,,,
Game #11 - Hawai'i 12-21-23 (FINAL),1571.3229604776668,8.0,FGA - Kelly #13,4,,,,,,,,,
Game #11 - Hawai'i 12-21-23 (FINAL),1797.5592835943337,8.0,FGA - Kelly #13,5,,,,,,,,,
Game #11 - Hawai'i 12-21-23 (FINAL),1860.6983000000002,8.0,FGA - Kelly #13,6,,,,,,,,,
Game #11 - Hawai'i 12-21-23 (FINAL),2112.8516666666674,8.0,FGA - Kelly #13,7,,,,,,,,,
Game #11 - Hawai'i 12-21-23 (FINAL),2172.8485194016666,8.0,FGA - Kelly #13,8,,,,,,,,,
Game #11 - Hawai'i 12-21-23 (FINAL),3091.6363999996665,8.0,FGA - Kelly #13,9,,,,,,,,,
Game #11 - Hawai'i 12-21-23 (FINAL),3345.4214862786666,8.0,FGA - Kelly #13,10,,,,,,,,,
Game #11 - Hawai'i 12-21-23 (FINAL),3937.1413222576666,8.0,FGA - Kelly #13,11,,,,,,,,,
Game #11 - Hawai'i 12-21-23 (FINAL),4046.0830333329995,8.0,FGA - Kelly #13,12,,,,,,,,,
Game #11 - Hawai'i 12-21-23 (FINAL),534.9984333333334,8.0,FGA - Coleman #3,1,,,,,,,,,
Game #11 - Hawai'i 12-21-23 (FINAL),2266.8021333333336,8.0,FGA - Coleman #3,2,,,,,,,,,
Game #11 - Hawai'i 12-21-23 (FINAL),2689.0091317290007,8.0,FGA - Coleman #3,3,,,,,,,,,
Game #11 - Hawai'i 12-21-23 (FINAL),3081.5197333333335,8.0,FGA - Coleman #3,4,,,,,,,,,
Game #11 - Hawai'i 12-21-23 (FINAL),860.4844666663332,8.0,FGA - Claude #12,1,,,,,,,,,
Game #11 - Hawai'i 12-21-23 (FINAL),1023.7804666666668,8.0,FGA - Claude #12,2,,,,,,,,,
Game #11 - Hawai'i 12-21-23 (FINAL),984.511937964,8.0,FGA - Reeves #14,1,,,,,,,,,
Game #11 - Hawai'i 12-21-23 (FINAL),1021.2138,8.0,FGA - Reeves #14,2,,,,,,,,,
Game #11 - Hawai'i 12-21-23 (FINAL),1305.0604333333333,8.0,FGA - Reeves #14,3,,,,,,,,,
Game #11 - Hawai'i 12-21-23 (FINAL),1596.3680666666671,8.0,FGA - Reeves #14,4,,,,,,,,,
Game #11 - Hawai'i 12-21-23 (FINAL),3226.8504885076673,8.0,FGA - Reeves #14,5,,,,,,,,,
Game #11 - Hawai'i 12-21-23 (FINAL),3228.986366666667,8.0,FGA - Reeves #14,6,,,,,,,,,
Game #11 - Hawai'i 12-21-23 (FINAL),3231.1530666666667,8.0,FGA - Reeves #14,7,,,,,,,,,
Game #11 - Hawai'i 12-21-23 (FINAL),3331.1197333336668,8.0,FGA - Reeves #14,8,,,,,,,,,