Timeline,Start time,Duration,Row,Instance number,DEFENSE,HALF COURT OFFENSE,OFFENSE,ON COURT,Result,TRANSITION,Ungrouped,Notes,Flags
Game #7 - UGA 12-5-23 (FINAL),89.73553429133334,26.54396570866666,OFFENSE,1,,P/R,,"#13 Kelly, #11 Ndongo, #2 George, #14 Reeves, #10 Dowuona",X3,,,,
Game #7 - UGA 12-5-23 (FINAL),150.3132,21.36693333333335,OFFENSE,2,,P/R,,"#13 Kelly, #11 Ndongo, #2 George, #14 Reeves, #10 Dowuona",TO,,,,
Game #7 - UGA 12-5-23 (FINAL),212.64733333433333,16.883466665666674,OFFENSE,3,,P/R,,"#13 Kelly, #11 Ndongo, #2 George, #14 Reeves, #10 Dowuona",O2,,,,
Game #7 - UGA 12-5-23 (FINAL),294.29816666666665,24.050299999999993,OFFENSE,4,,POST,,"#13 Kelly, #11 Ndongo, #2 George, #14 Reeves, #10 Dowuona",X2,,,,
Game #7 - UGA 12-5-23 (FINAL),353.9819,19.500499999999988,OFFENSE,5,,P/R,,"#13 Kelly, #11 Ndongo, #2 George, #14 Reeves, #3 Coleman",O3,,,,
Game #7 - UGA 12-5-23 (FINAL),387.7492666673333,15.600166666999996,OFFENSE,6,,OFF BALL SCREEN,,"#13 Kelly, #11 Ndongo, #2 George, #14 Reeves, #3 Coleman",X3,,,,
Game #7 - UGA 12-5-23 (FINAL),415.8995666666667,4.100066667666624,OFFENSE,7,,,Transition O,"#13 Kelly, #11 Ndongo, #2 George, #14 Reeves, #3 Coleman",TO,TRANSITION,,,
Game #7 - UGA 12-5-23 (FINAL),431.14976666666666,15.779166666666697,OFFENSE,8,,P/R,,"#13 Kelly, #11 Ndongo, #2 George, #14 Reeves, #3 Coleman",X2,,,,
Game #7 - UGA 12-5-23 (FINAL),454.8333666673333,12.083500000000072,OFFENSE,9,,DK/MVMT,,"#13 Kelly, #11 Ndongo, #2 George, #14 Reeves, #3 Coleman",X2,,,,
Game #7 - UGA 12-5-23 (FINAL),500.00393333400007,22.33349999899997,OFFENSE,10,,P/R,,"#13 Kelly, #12 Claude, #1 Sturdivant, #23 Sacko, #3 Coleman",O3,,,,
Game #7 - UGA 12-5-23 (FINAL),583.6215333340001,10.46673333299998,OFFENSE,11,,P/R,,"#13 Kelly, #12 Claude, #1 Sturdivant, #23 Sacko, #3 Coleman",X2,,,,
Game #7 - UGA 12-5-23 (FINAL),615.038533334,15.000133333000008,OFFENSE,12,,P/R,,"#13 Kelly, #12 Claude, #1 Sturdivant, #23 Sacko, #3 Coleman",X2,,,,
Game #7 - UGA 12-5-23 (FINAL),637.7689999996667,7.453200000000038,OFFENSE,13,,,Transition O,"#13 Kelly, #12 Claude, #1 Sturdivant, #23 Sacko, #3 Coleman",TO,TRANSITION,,,
Game #7 - UGA 12-5-23 (FINAL),715.4895999996667,18.566933334333385,OFFENSE,14,,P/R,GT Off Reb,"#13 Kelly, #11 Ndongo, #1 Sturdivant, #23 Sacko, #3 Coleman",X3,,,,
Game #7 - UGA 12-5-23 (FINAL),734.056533334,11.193099998999969,OFFENSE,15,,DK/MVMT,,"#13 Kelly, #11 Ndongo, #1 Sturdivant, #23 Sacko, #3 Coleman",O2,,,,
Game #7 - UGA 12-5-23 (FINAL),757.590133334,10.683899999000005,OFFENSE,16,,P/R,Forced Foul,"#13 Kelly, #11 Ndongo, #1 Sturdivant, #23 Sacko, #3 Coleman",,,,,
Game #7 - UGA 12-5-23 (FINAL),773.4990666663334,19.533600000666638,OFFENSE,17,,P/R,SLOB Off,"#4 Murphy, #11 Ndongo, #1 Sturdivant, #23 Sacko, #3 Coleman",X2,,,,
Game #7 - UGA 12-5-23 (FINAL),814.3162000000002,21.441133332999925,OFFENSE,18,,POST,,"#4 Murphy, #11 Ndongo, #1 Sturdivant, #23 Sacko, #3 Coleman",TO,,,,
Game #7 - UGA 12-5-23 (FINAL),863.7001,8.016766667000184,OFFENSE,19,,,Transition O,"#4 Murphy, #11 Ndongo, #1 Sturdivant, #23 Sacko, #3 Coleman",X2,TRANSITION,,,
Game #7 - UGA 12-5-23 (FINAL),899.2235860830001,19.64378058400007,OFFENSE,20,,P/R,GT Off Reb,"#4 Murphy, #11 Ndongo, #1 Sturdivant, #23 Sacko, #3 Coleman",X2,,,,
Game #7 - UGA 12-5-23 (FINAL),937.1009000000001,32.25036666699998,OFFENSE,21,,P/R,BLOB Off,"#13 Kelly, #11 Ndongo, #2 George, #14 Reeves, #3 Coleman",X3,,,,
Game #7 - UGA 12-5-23 (FINAL),980.3680000000002,17.033566666333172,OFFENSE,22,,P/R,GT Off Reb,"#13 Kelly, #11 Ndongo, #2 George, #14 Reeves, #3 Coleman",X2,,,,
Game #7 - UGA 12-5-23 (FINAL),997.4015666663333,2.266733333666707,OFFENSE,23,,OREB,,"#13 Kelly, #11 Ndongo, #2 George, #14 Reeves, #3 Coleman",X2,,,,
Game #7 - UGA 12-5-23 (FINAL),1013.5517333340001,10.000066666000066,OFFENSE,24,,,Transition O,"#13 Kelly, #11 Ndongo, #2 George, #14 Reeves, #3 Coleman",X3,TRANSITION,,,
Game #7 - UGA 12-5-23 (FINAL),1035.2352999996667,8.500100000333305,OFFENSE,25,,,Transition O,"#13 Kelly, #11 Ndongo, #2 George, #14 Reeves, #3 Coleman",X3,TRANSITION,,,
Game #7 - UGA 12-5-23 (FINAL),1075.0232545833333,27.209478750333346,OFFENSE,26,,DK/MVMT,,"#13 Kelly, #10 Dowuona, #2 George, #14 Reeves, #23 Sacko",X2,,,,
Game #7 - UGA 12-5-23 (FINAL),1114.1828666666668,17.650199999999813,OFFENSE,27,,P/R,,"#13 Kelly, #10 Dowuona, #2 George, #14 Reeves, #23 Sacko",X3,,,,
Game #7 - UGA 12-5-23 (FINAL),1150.7166333336668,18.000166665999814,OFFENSE,28,,,,"#13 Kelly, #10 Dowuona, #2 George, #14 Reeves, #23 Sacko",,,,,
Game #7 - UGA 12-5-23 (FINAL),1178.719782999,18.160383667333235,OFFENSE,29,,ISO,SLOB Off,"#13 Kelly, #10 Dowuona, #2 George, #14 Reeves, #5 Gapare",O2,,,,
Game #7 - UGA 12-5-23 (FINAL),1226.7674666666667,24.95029999966664,OFFENSE,30,,DK/MVMT,GT Off Reb,"#13 Kelly, #10 Dowuona, #2 George, #14 Reeves, #5 Gapare",X3,,,,
Game #7 - UGA 12-5-23 (FINAL),1251.7177666663333,4.433333333333394,OFFENSE,31,,OREB,,"#13 Kelly, #10 Dowuona, #2 George, #14 Reeves, #5 Gapare",O2,,,,
Game #7 - UGA 12-5-23 (FINAL),1307.9015999996666,6.816766666666808,OFFENSE,32,,,,,,,,,
Game #7 - UGA 12-5-23 (FINAL),1357.1222936236666,17.81343971000001,OFFENSE,33,,P/R,GT Off Reb,"#13 Kelly, #10 Dowuona, #2 George, #14 Reeves, #5 Gapare",X2,,,,
Game #7 - UGA 12-5-23 (FINAL),1374.9357333336666,2.6333333330001096,OFFENSE,34,,OREB,,"#13 Kelly, #10 Dowuona, #2 George, #14 Reeves, #5 Gapare",X2,,,,
Game #7 - UGA 12-5-23 (FINAL),1419.7731824173336,16.933566666999923,OFFENSE,35,,OFF BALL SCREEN,,"#13 Kelly, #10 Dowuona, #1 Sturdivant, #14 Reeves, #5 Gapare",TO,,,,
Game #7 - UGA 12-5-23 (FINAL),1490.7572824173333,17.717599999667073,OFFENSE,36,,DK/MVMT,,"#13 Kelly, #12 Claude, #1 Sturdivant, #14 Reeves, #5 Gapare",O2,,,,
Game #7 - UGA 12-5-23 (FINAL),1529.0910490843337,14.500166666999576,OFFENSE,37,,P/R,,"#13 Kelly, #12 Claude, #1 Sturdivant, #14 Reeves, #5 Gapare",X2,,,,
Game #7 - UGA 12-5-23 (FINAL),1575.9916157503333,24.633566667000196,OFFENSE,38,,DK/MVMT,GT Off Reb,"#13 Kelly, #12 Claude, #1 Sturdivant, #3 Coleman, #5 Gapare",X2,,,,
Game #7 - UGA 12-5-23 (FINAL),1600.6251824173335,5.483400000000074,OFFENSE,39,,CUT,,"#13 Kelly, #12 Claude, #1 Sturdivant, #3 Coleman, #5 Gapare",O2,,,,
Game #7 - UGA 12-5-23 (FINAL),1616.4086490843335,7.066766667000138,OFFENSE,40,,,Transition O,"#13 Kelly, #12 Claude, #1 Sturdivant, #3 Coleman, #5 Gapare",X3,TRANSITION,,,
Game #7 - UGA 12-5-23 (FINAL),1709.6096824170002,14.646900000000187,OFFENSE,41,,CUT,,"#13 Kelly, #12 Claude, #2 George, #5 Gapare, #3 Coleman",O2,,,,
Game #7 - UGA 12-5-23 (FINAL),1807.7570054996665,19.262843584000166,OFFENSE,42,,ISO,,"#13 Kelly, #12 Claude, #2 George, #3 Coleman, #5 Gapare",TO,,,,
Game #7 - UGA 12-5-23 (FINAL),1859.3844157503333,9.366766667666525,OFFENSE,43,,,Transition O,"#13 Kelly, #12 Claude, #2 George, #3 Coleman, #5 Gapare",X3,TRANSITION,,,
Game #7 - UGA 12-5-23 (FINAL),1881.0657157503335,30.371700000333476,OFFENSE,44,,DK/MVMT,,"#13 Kelly, #10 Dowuona, #2 George, #14 Reeves, #11 Ndongo",X2,,,,
Game #7 - UGA 12-5-23 (FINAL),1941.2044157506668,10.655633332999969,OFFENSE,45,,P/R,,"#13 Kelly, #10 Dowuona, #2 George, #14 Reeves, #11 Ndongo",X2,,,,
Game #7 - UGA 12-5-23 (FINAL),1965.587982417,14.050133333333633,OFFENSE,46,,BLOB,BLOB Off,"#13 Kelly, #3 Coleman, #2 George, #14 Reeves, #11 Ndongo",,,,,
Game #7 - UGA 12-5-23 (FINAL),1987.1381157503336,15.233600000333354,OFFENSE,47,,P/R,SLOB Off,"#13 Kelly, #3 Coleman, #2 George, #14 Reeves, #11 Ndongo",X2,,,,
Game #7 - UGA 12-5-23 (FINAL),2013.6218490836666,11.250133334000111,OFFENSE,48,,DK/MVMT,GT Off Reb,"#13 Kelly, #3 Coleman, #2 George, #14 Reeves, #11 Ndongo",X2,,,,
Game #7 - UGA 12-5-23 (FINAL),2024.8719824176667,1.583333333000155,OFFENSE,49,,OREB,,"#13 Kelly, #3 Coleman, #2 George, #14 Reeves, #11 Ndongo",O2,,,,
Game #7 - UGA 12-5-23 (FINAL),2042.1221490836667,8.366766667000093,OFFENSE,50,,,Transition O,"#13 Kelly, #3 Coleman, #2 George, #14 Reeves, #11 Ndongo",TO,TRANSITION,,,
Game #7 - UGA 12-5-23 (FINAL),2084.6392824176664,20.933533332666684,OFFENSE,51,,P/R,,"#13 Kelly, #3 Coleman, #2 George, #14 Reeves, #11 Ndongo",O3,,,,
Game #7 - UGA 12-5-23 (FINAL),2145.7730490836666,16.60039999999981,OFFENSE,52,,,Forced Foul,"#13 Kelly, #3 Coleman, #2 George, #14 Reeves, #11 Ndongo",,,,,
Game #7 - UGA 12-5-23 (FINAL),2181.523649083667,13.766799999999876,OFFENSE,53,,OFF BALL SCREEN,SLOB Off,"#13 Kelly, #3 Coleman, #2 George, #14 Reeves, #11 Ndongo",X3,,,,
Game #7 - UGA 12-5-23 (FINAL),2209.8659157503334,12.10819999999967,OFFENSE,54,,P/R,GT Off Reb,"#13 Kelly, #3 Coleman, #2 George, #14 Reeves, #11 Ndongo",X2,,,,
Game #7 - UGA 12-5-23 (FINAL),2221.974115750333,2.0833666673333937,OFFENSE,55,,OREB,,"#13 Kelly, #3 Coleman, #2 George, #14 Reeves, #11 Ndongo",O2,,,,
Game #7 - UGA 12-5-23 (FINAL),2235.4075824170004,5.491607374666728,OFFENSE,56,,,Transition O,"#13 Kelly, #3 Coleman, #2 George, #14 Reeves, #11 Ndongo",TO,TRANSITION,,,
Game #7 - UGA 12-5-23 (FINAL),2247.7077490836664,16.200133334000384,OFFENSE,57,,POST,GT Off Reb,"#13 Kelly, #3 Coleman, #2 George, #14 Reeves, #11 Ndongo",X3,,,,
Game #7 - UGA 12-5-23 (FINAL),2263.9078824176668,1.9244664579996424,OFFENSE,58,,OREB,GT Off Reb,"#13 Kelly, #3 Coleman, #2 George, #14 Reeves, #11 Ndongo",X2,,,,
Game #7 - UGA 12-5-23 (FINAL),2265.832348875667,2.5256002080000144,OFFENSE,59,,OREB,,"#13 Kelly, #3 Coleman, #2 George, #14 Reeves, #11 Ndongo",X2,,,,
Game #7 - UGA 12-5-23 (FINAL),2282.691449083667,17.519793875000232,OFFENSE,60,,P/R,,"#13 Kelly, #3 Coleman, #2 George, #14 Reeves, #11 Ndongo",X2,,,,
Game #7 - UGA 12-5-23 (FINAL),2307.3750157506665,9.383433333000085,OFFENSE,61,,,Transition O,"#13 Kelly, #3 Coleman, #2 George, #14 Reeves, #11 Ndongo",O3,TRANSITION,,,
Game #7 - UGA 12-5-23 (FINAL),2336.322782417001,21.371966666666594,OFFENSE,62,,CUT,,"#1 Sturdivant, #3 Coleman, #23 Sacko, #5 Gapare, #11 Ndongo",O2,,,,
Game #7 - UGA 12-5-23 (FINAL),2378.237992583333,40.28528983433398,OFFENSE,63,,POST,Press O,"#1 Sturdivant, #3 Coleman, #23 Sacko, #5 Gapare, #11 Ndongo",X2,,,,
Game #7 - UGA 12-5-23 (FINAL),2465.873815750667,20.500233333000324,OFFENSE,64,,DK/MVMT,,"#1 Sturdivant, #3 Coleman, #23 Sacko, #5 Gapare, #11 Ndongo",X3,,,,
Game #7 - UGA 12-5-23 (FINAL),2522.074415750667,9.13343333299963,OFFENSE,65,,,Transition O,"#2 George, #3 Coleman, #14 Reeves, #13 Kelly, #11 Ndongo",X2,TRANSITION,,,
Game #7 - UGA 12-5-23 (FINAL),2649.7757490836666,17.01686666666683,OFFENSE,66,,CUT,GT Off Reb,"#2 George, #3 Coleman, #23 Sacko, #13 Kelly, #12 Claude",X2,,,,
Game #7 - UGA 12-5-23 (FINAL),2666.7926157503334,4.000066667333158,OFFENSE,67,,,Forced Foul,"#2 George, #3 Coleman, #23 Sacko, #13 Kelly, #12 Claude",,,,,
Game #7 - UGA 12-5-23 (FINAL),2681.203800792332,5.89494037566692,OFFENSE,68,,OREB,,"#2 George, #3 Coleman, #23 Sacko, #13 Kelly, #12 Claude",FT - MI,,,,
Game #7 - UGA 12-5-23 (FINAL),2695.301991542,4.698359583998354,OFFENSE,69,,OREB,,"#2 George, #3 Coleman, #23 Sacko, #13 Kelly, #12 Claude",FT - MI,,,,
Game #7 - UGA 12-5-23 (FINAL),2722.0701157503327,8.337600000333623,OFFENSE,70,,,"Transition O, GT Off Reb","#2 George, #3 Coleman, #23 Sacko, #13 Kelly, #5 Gapare",X3,TRANSITION,,,
Game #7 - UGA 12-5-23 (FINAL),2730.4077157506663,3.916666666999845,OFFENSE,71,,OREB,Forced Foul,"#2 George, #3 Coleman, #23 Sacko, #13 Kelly, #5 Gapare",X2F,,,,
Game #7 - UGA 12-5-23 (FINAL),2763.4414157503334,4.266666666666424,OFFENSE,72,,OREB,,"#2 George, #3 Coleman, #23 Sacko, #13 Kelly, #5 Gapare",FT - MK,,,,
Game #7 - UGA 12-5-23 (FINAL),2776.601957873999,9.001299834333622,OFFENSE,73,,OREB,,"#2 George, #3 Coleman, #23 Sacko, #13 Kelly, #5 Gapare",FT - MI,,,,
Game #7 - UGA 12-5-23 (FINAL),2808.0418157503327,17.127708416333917,OFFENSE,74,,P/R,Forced Foul,"#2 George, #3 Coleman, #23 Sacko, #13 Kelly, #5 Gapare",,,,,
Game #7 - UGA 12-5-23 (FINAL),2856.2018017076653,21.540814043000864,OFFENSE,75,,P/R,BLOB Off,"#2 George, #3 Coleman, #13 Kelly, #5 Gapare, #11 Ndongo",X3,,,,
Game #7 - UGA 12-5-23 (FINAL),2892.992782417,24.150233333332835,OFFENSE,76,,P/R,,"#2 George, #3 Coleman, #13 Kelly, #5 Gapare, #11 Ndongo",O3,,,,
Game #7 - UGA 12-5-23 (FINAL),2976.5012139576656,21.309335126000406,OFFENSE,77,,P/R,"GT Off Reb, Forced Foul","#2 George, #3 Coleman, #11 Ndongo, #13 Kelly, #5 Gapare",X2,,,,
Game #7 - UGA 12-5-23 (FINAL),3023.8106157503325,7.7502333333341085,OFFENSE,78,,OREB,,"#2 George, #3 Coleman, #11 Ndongo, #13 Kelly, #5 Gapare",FT - MK,,,,
Game #7 - UGA 12-5-23 (FINAL),3039.194449083666,3.9999000000007072,OFFENSE,79,,OREB,,"#2 George, #3 Coleman, #11 Ndongo, #13 Kelly, #5 Gapare",FT - MK,,,,
Game #7 - UGA 12-5-23 (FINAL),3071.611315750666,10.20013333299994,OFFENSE,80,,ISO,,"#2 George, #14 Reeves, #11 Ndongo, #13 Kelly, #5 Gapare",O2,,,,
Game #7 - UGA 12-5-23 (FINAL),3101.378315750667,9.600066666333078,OFFENSE,81,,,Transition O,"#2 George, #14 Reeves, #11 Ndongo, #13 Kelly, #5 Gapare",X3,TRANSITION,,,
Game #7 - UGA 12-5-23 (FINAL),3154.1787824169996,19.53363333366724,OFFENSE,82,,DK/MVMT,,"#2 George, #14 Reeves, #11 Ndongo, #13 Kelly, #3 Coleman",O3,,,,
Game #7 - UGA 12-5-23 (FINAL),3193.062615750333,6.434466666666594,OFFENSE,83,,,Transition O,"#2 George, #14 Reeves, #11 Ndongo, #13 Kelly, #3 Coleman",O2,TRANSITION,,,
Game #7 - UGA 12-5-23 (FINAL),3248.3867490840003,21.15020000000004,OFFENSE,84,,DK/MVMT,GT Off Reb,"#2 George, #14 Reeves, #11 Ndongo, #13 Kelly, #5 Gapare",X2,,,,
Game #7 - UGA 12-5-23 (FINAL),3269.5369490840003,2.5500666669995553,OFFENSE,85,,OREB,,"#2 George, #14 Reeves, #11 Ndongo, #13 Kelly, #5 Gapare",O2,,,,
Game #7 - UGA 12-5-23 (FINAL),3285.7371157509997,8.800099999999475,OFFENSE,86,,P/R,,"#2 George, #14 Reeves, #11 Ndongo, #13 Kelly, #5 Gapare",X2,,,,
Game #7 - UGA 12-5-23 (FINAL),3369.624398875667,20.863883542333497,OFFENSE,87,,ISO,,"#2 George, #14 Reeves, #11 Ndongo, #13 Kelly, #5 Gapare",X2,,,,
Game #7 - UGA 12-5-23 (FINAL),3442.888782418,18.683533333000014,OFFENSE,88,,ISO,,"#2 George, #14 Reeves, #11 Ndongo, #13 Kelly, #3 Coleman",X3,,,,
Game #7 - UGA 12-5-23 (FINAL),3503.7727490839998,13.266833333999784,OFFENSE,89,,P/R,,"#2 George, #14 Reeves, #5 Gapare, #12 Claude, #3 Coleman",X3,,,,
Game #7 - UGA 12-5-23 (FINAL),3539.4064824180005,18.63396666599874,OFFENSE,90,,P/R,,"#2 George, #14 Reeves, #5 Gapare, #12 Claude, #3 Coleman",X2,,,,
Game #7 - UGA 12-5-23 (FINAL),3613.4708038753333,12.905814792667115,OFFENSE,91,,P/R,,"#1 Sturdivant, #14 Reeves, #5 Gapare, #12 Claude, #3 Coleman",O2,,,,
Game #7 - UGA 12-5-23 (FINAL),3646.3730186680004,13.332666666667137,OFFENSE,92,,POST,,"#1 Sturdivant, #14 Reeves, #5 Gapare, #12 Claude, #3 Coleman",O3,,,,
Game #7 - UGA 12-5-23 (FINAL),3679.156652001334,13.08349999999973,OFFENSE,93,,P/R,Forced Foul,"#1 Sturdivant, #14 Reeves, #5 Gapare, #12 Claude, #3 Coleman",X2F,,,,
Game #7 - UGA 12-5-23 (FINAL),3712.271839876,3.5972516256670133,OFFENSE,94,,P/R,,"#1 Sturdivant, #14 Reeves, #5 Gapare, #12 Claude, #3 Coleman",FT - MI,,,,
Game #7 - UGA 12-5-23 (FINAL),3732.672533293333,2.9992435000012847,OFFENSE,95,,P/R,,"#1 Sturdivant, #14 Reeves, #5 Gapare, #12 Claude, #3 Coleman",FT - MI,,,,
Game #7 - UGA 12-5-23 (FINAL),3762.307618668001,9.650066666667044,OFFENSE,96,,DK/MVMT,Forced Foul,"#1 Sturdivant, #14 Reeves, #5 Gapare, #12 Claude, #3 Coleman",,,,,
Game #7 - UGA 12-5-23 (FINAL),3792.224385334667,12.166933333332963,OFFENSE,97,,DK/MVMT,GT Off Reb,"#1 Sturdivant, #14 Reeves, #5 Gapare, #12 Claude, #3 Coleman",FT - MI,,,,
Game #7 - UGA 12-5-23 (FINAL),3804.391318668,6.266733333333832,OFFENSE,98,,OREB,,"#1 Sturdivant, #14 Reeves, #5 Gapare, #12 Claude, #3 Coleman",O3,,,,
Game #7 - UGA 12-5-23 (FINAL),3863.3085853346674,22.150299999999334,OFFENSE,99,,,"Transition O, GT Off Reb","#1 Sturdivant, #14 Reeves, #5 Gapare, #12 Claude, #3 Coleman",X3,TRANSITION,,,
Game #7 - UGA 12-5-23 (FINAL),3885.458885334667,3.3999666666677513,OFFENSE,100,,OREB,,"#1 Sturdivant, #14 Reeves, #5 Gapare, #12 Claude, #3 Coleman",X2F,,,,
Game #7 - UGA 12-5-23 (FINAL),3909.8588520013345,5.766999999999825,OFFENSE,101,,OREB,,"#1 Sturdivant, #14 Reeves, #5 Gapare, #12 Claude, #3 Coleman",FT - MK,,,,
Game #7 - UGA 12-5-23 (FINAL),3946.792852001334,2.8166666666675155,OFFENSE,102,,OREB,GT Off Reb,"#1 Sturdivant, #14 Reeves, #5 Gapare, #12 Claude, #3 Coleman",FT - MI,,,,
Game #7 - UGA 12-5-23 (FINAL),3949.6095186680013,2.016666666666424,OFFENSE,103,,OREB,,"#1 Sturdivant, #14 Reeves, #5 Gapare, #12 Claude, #3 Coleman",O2,,,,
Game #7 - UGA 12-5-23 (FINAL),4027.67218521,10.45496679200096,OFFENSE,104,,P/R,GT Off Reb,"#1 Sturdivant, #14 Reeves, #5 Gapare, #12 Claude, #3 Coleman",X2,,,,
Game #7 - UGA 12-5-23 (FINAL),4038.127152002001,6.3333333326663706,OFFENSE,105,,OREB,Forced Foul,"#1 Sturdivant, #14 Reeves, #5 Gapare, #12 Claude, #3 Coleman",X2F,,,,
Game #7 - UGA 12-5-23 (FINAL),4067.9608186680007,5.016599999999926,OFFENSE,106,,OREB,,"#1 Sturdivant, #14 Reeves, #5 Gapare, #12 Claude, #3 Coleman",FT - MK,,,,
Game #7 - UGA 12-5-23 (FINAL),4077.9609853346674,5.306960125665682,OFFENSE,107,,OREB,,"#1 Sturdivant, #14 Reeves, #5 Gapare, #12 Claude, #3 Coleman",FT - MK,,,,
Game #7 - UGA 12-5-23 (FINAL),4240.5710353760005,19.675016626000797,OFFENSE,108,,DK/MVMT,,"#1 Sturdivant, #14 Reeves, #5 Gapare, #12 Claude, #3 Coleman",O2,,,,
Game #7 - UGA 12-5-23 (FINAL),0.7338732489999273,17.809660085333405,DEFENSE,1,D Foul,P/R,,"#2 George, #14 Reeves, #13 Kelly, #11 Ndongo, #10 Dowuona",X2F,,,,
Game #7 - UGA 12-5-23 (FINAL),38.995099999999994,9.265433334333352,DEFENSE,2,,P/R,,"#2 George, #14 Reeves, #13 Kelly, #11 Ndongo, #10 Dowuona",FT - MK,,,,
Game #7 - UGA 12-5-23 (FINAL),56.13671166666653,8.07415500066682,DEFENSE,3,,P/R,,"#14 Reeves, #2 George, #13 Kelly, #11 Ndongo, #10 Dowuona",FT - MI,,,,
Game #7 - UGA 12-5-23 (FINAL),122.79620000000001,24.26699999999998,DEFENSE,4,Opp Off Reb,P/R,,"#2 George, #14 Reeves, #13 Kelly, #11 Ndongo, #10 Dowuona",X2,,,,
Game #7 - UGA 12-5-23 (FINAL),147.0632,3.25,DEFENSE,5,,OREB,,"#2 George, #14 Reeves, #13 Kelly, #11 Ndongo, #10 Dowuona",O2,,,,
Game #7 - UGA 12-5-23 (FINAL),181.64696666666669,31.00036666766664,DEFENSE,6,,POST,,"#2 George, #14 Reeves, #13 Kelly, #11 Ndongo, #10 Dowuona",X3,,,,
Game #7 - UGA 12-5-23 (FINAL),229.5308,28.483666667333353,DEFENSE,7,Opp Off Reb,"ISO, DK/MVMT",,"#2 George, #14 Reeves, #13 Kelly, #11 Ndongo, #10 Dowuona",X2,,,,
Game #7 - UGA 12-5-23 (FINAL),279.53133333333335,10.633500000999959,DEFENSE,8,"SLOB Def, Opp Off Reb",SLOB,,"#2 George, #14 Reeves, #13 Kelly, #11 Ndongo, #10 Dowuona",X3,,,,
Game #7 - UGA 12-5-23 (FINAL),290.1648333343333,4.133333332333336,DEFENSE,9,,OREB,,"#2 George, #14 Reeves, #13 Kelly, #11 Ndongo, #10 Dowuona",O2,,,,
Game #7 - UGA 12-5-23 (FINAL),318.34846666666664,9.116800000666672,DEFENSE,10,Transition D,,,"#2 George, #14 Reeves, #13 Kelly, #11 Ndongo, #10 Dowuona",TO,TRANSITION,,,
Game #7 - UGA 12-5-23 (FINAL),373.4824,14.266866667333318,DEFENSE,11,,CUT,,"#2 George, #14 Reeves, #13 Kelly, #11 Ndongo, #3 Coleman",O2,,,,
Game #7 - UGA 12-5-23 (FINAL),403.3494333343333,12.550133332333417,DEFENSE,12,,DK/MVMT,,"#2 George, #14 Reeves, #13 Kelly, #11 Ndongo, #3 Coleman",X2,,,,
Game #7 - UGA 12-5-23 (FINAL),419.99963333433334,11.150133332333326,DEFENSE,13,,ISO,,"#2 George, #14 Reeves, #13 Kelly, #11 Ndongo, #3 Coleman",O2,,,,
Game #7 - UGA 12-5-23 (FINAL),446.92893333333336,7.904433333999918,DEFENSE,14,Transition D,,,"#2 George, #14 Reeves, #13 Kelly, #11 Ndongo, #3 Coleman",X3,TRANSITION,,,
Game #7 - UGA 12-5-23 (FINAL),466.91686666733335,7.766733332666604,DEFENSE,15,"D Foul, Transition D",,,"#2 George, #14 Reeves, #13 Kelly, #11 Ndongo, #3 Coleman",,TRANSITION,,,
Game #7 - UGA 12-5-23 (FINAL),477.6703,22.33363333400007,DEFENSE,16,SLOB Def,P/R,,"#1 Sturdivant, #23 Sacko, #13 Kelly, #12 Claude, #3 Coleman",X3,,,,
Game #7 - UGA 12-5-23 (FINAL),522.337433333,22.166933333333304,DEFENSE,17,,CUT,,"#1 Sturdivant, #23 Sacko, #13 Kelly, #12 Claude, #3 Coleman",,,,,
Game #7 - UGA 12-5-23 (FINAL),563.6536666663334,19.967866667666726,DEFENSE,18,SLOB Def,P/R,,"#1 Sturdivant, #23 Sacko, #13 Kelly, #12 Claude, #3 Coleman",TO,,,,
Game #7 - UGA 12-5-23 (FINAL),594.0882666670001,20.950266666999937,DEFENSE,19,,DK/MVMT,,"#1 Sturdivant, #23 Sacko, #13 Kelly, #12 Claude, #3 Coleman",X3,,,,
Game #7 - UGA 12-5-23 (FINAL),630.038666667,7.730333332666646,DEFENSE,20,Transition D,,,"#1 Sturdivant, #23 Sacko, #13 Kelly, #12 Claude, #3 Coleman",X2,TRANSITION,,,
Game #7 - UGA 12-5-23 (FINAL),673.9891666670001,19.516899999333305,DEFENSE,21,D Foul,,,"#1 Sturdivant, #23 Sacko, #13 Kelly, #11 Ndongo, #3 Coleman",,,,,
Game #7 - UGA 12-5-23 (FINAL),702.1728333330001,13.316766666666581,DEFENSE,22,BLOB Def,BLOB,,"#1 Sturdivant, #23 Sacko, #13 Kelly, #11 Ndongo, #3 Coleman",O3,,,,
Game #7 - UGA 12-5-23 (FINAL),745.249633333,12.34050000100001,DEFENSE,23,,P/R,,"#1 Sturdivant, #23 Sacko, #13 Kelly, #11 Ndongo, #3 Coleman",X3,,,,
Game #7 - UGA 12-5-23 (FINAL),793.0326666670001,21.28353333300015,DEFENSE,24,,OFF BALL SCREEN,,"#1 Sturdivant, #23 Sacko, #4 Murphy, #11 Ndongo, #3 Coleman",O2,,,,
Game #7 - UGA 12-5-23 (FINAL),835.7573333330001,27.942766666999887,DEFENSE,25,,P/R,,"#1 Sturdivant, #23 Sacko, #4 Murphy, #11 Ndongo, #3 Coleman",TO,,,,
Game #7 - UGA 12-5-23 (FINAL),871.7168666670002,27.506719415999896,DEFENSE,26,,P/R,,"#1 Sturdivant, #23 Sacko, #4 Murphy, #11 Ndongo, #3 Coleman",TO,,,,
Game #7 - UGA 12-5-23 (FINAL),969.3512666670001,11.016733333000047,DEFENSE,27,,P/R,,"#2 George, #14 Reeves, #13 Kelly, #11 Ndongo, #3 Coleman",X3,,,,
Game #7 - UGA 12-5-23 (FINAL),999.6683,13.883433334000074,DEFENSE,28,,POST,,"#2 George, #14 Reeves, #13 Kelly, #11 Ndongo, #3 Coleman",X3,,,,
Game #7 - UGA 12-5-23 (FINAL),1023.5518000000002,8.050929709000002,DEFENSE,29,"Transition D, Opp Off Reb",,,"#2 George, #14 Reeves, #13 Kelly, #11 Ndongo, #3 Coleman",X2,TRANSITION,,,
Game #7 - UGA 12-5-23 (FINAL),1031.6027297090002,3.6325702906665356,DEFENSE,30,,OREB,,"#2 George, #14 Reeves, #13 Kelly, #11 Ndongo, #3 Coleman",O2,,,,
Game #7 - UGA 12-5-23 (FINAL),1043.7354,27.20789999966678,DEFENSE,31,,POST,,"#2 George, #14 Reeves, #13 Kelly, #11 Ndongo, #3 Coleman",O3,,,,
Game #7 - UGA 12-5-23 (FINAL),1102.2327333336666,11.950133333000167,DEFENSE,32,Transition D,,,"#2 George, #14 Reeves, #13 Kelly, #23 Sacko, #10 Dowuona",X3,TRANSITION,,,
Game #7 - UGA 12-5-23 (FINAL),1131.8330666666666,18.883566667000196,DEFENSE,33,,POST,,"#2 George, #14 Reeves, #13 Kelly, #23 Sacko, #10 Dowuona",O2,,,,
Game #7 - UGA 12-5-23 (FINAL),1196.8801666663333,29.887300000333425,DEFENSE,34,,P/R,,"#2 George, #14 Reeves, #13 Kelly, #5 Gapare, #10 Dowuona",O2,,,,
Game #7 - UGA 12-5-23 (FINAL),1256.1510999996667,16.25,DEFENSE,35,,,,"#2 George, #14 Reeves, #13 Kelly, #5 Gapare, #10 Dowuona",,,,,
Game #7 - UGA 12-5-23 (FINAL),1290.724042958333,17.177557041333557,DEFENSE,36,SLOB Def,P/R,,"#2 George, #14 Reeves, #13 Kelly, #5 Gapare, #10 Dowuona",O3,,,,
Game #7 - UGA 12-5-23 (FINAL),1377.5690666666667,24.165333333000035,DEFENSE,37,,DK/MVMT,,"#2 George, #14 Reeves, #13 Kelly, #5 Gapare, #10 Dowuona",X2,,,,
Game #7 - UGA 12-5-23 (FINAL),1403.4919999996666,15.797915751667006,DEFENSE,38,BLOB Def,DK/MVMT,,"#1 Sturdivant, #14 Reeves, #13 Kelly, #5 Gapare, #11 Ndongo",X3,,,,
Game #7 - UGA 12-5-23 (FINAL),1450.973382417,21.450366667333583,DEFENSE,39,Opp Off Reb,P/R,,"#1 Sturdivant, #14 Reeves, #13 Kelly, #5 Gapare, #12 Claude",X2,,,,
Game #7 - UGA 12-5-23 (FINAL),1479.9404157503334,7.983566667000105,DEFENSE,40,"BLOB Def, Opp Off Reb",BLOB,,"#1 Sturdivant, #14 Reeves, #13 Kelly, #5 Gapare, #12 Claude",X3,,,,
Game #7 - UGA 12-5-23 (FINAL),1487.9239824173335,2.833299999999781,DEFENSE,41,,OREB,,"#1 Sturdivant, #14 Reeves, #13 Kelly, #5 Gapare, #12 Claude",O2,,,,
Game #7 - UGA 12-5-23 (FINAL),1508.4748824170003,20.616166667333346,DEFENSE,42,,P/R,,"#1 Sturdivant, #14 Reeves, #13 Kelly, #5 Gapare, #12 Claude",X3,,,,
Game #7 - UGA 12-5-23 (FINAL),1543.5912157513333,12.916800000000421,DEFENSE,43,Transition D,,,"#1 Sturdivant, #14 Reeves, #13 Kelly, #5 Gapare, #12 Claude",X2,TRANSITION,,,
Game #7 - UGA 12-5-23 (FINAL),1606.1085824173335,10.30006666700001,DEFENSE,44,,P/R,,"#1 Sturdivant, #3 Coleman, #13 Kelly, #5 Gapare, #12 Claude",O2,,,,
Game #7 - UGA 12-5-23 (FINAL),1623.4754157513337,9.350066665999748,DEFENSE,45,"Transition D, D Foul",,,"#1 Sturdivant, #3 Coleman, #13 Kelly, #5 Gapare, #12 Claude",X2F,TRANSITION,,,
Game #7 - UGA 12-5-23 (FINAL),1657.825749083667,9.5,DEFENSE,46,,,,"#1 Sturdivant, #3 Coleman, #13 Kelly, #5 Gapare, #12 Claude",FT - MK,TRANSITION,,,
Game #7 - UGA 12-5-23 (FINAL),1677.325749083667,6.500300000666357,DEFENSE,47,,,,"#1 Sturdivant, #3 Coleman, #13 Kelly, #5 Gapare, #12 Claude",,,,,
Game #7 - UGA 12-5-23 (FINAL),1701.859582417,7.750100000000202,DEFENSE,48,,,,"#1 Sturdivant, #3 Coleman, #13 Kelly, #5 Gapare, #12 Claude",FT - MK,TRANSITION,,,
Game #7 - UGA 12-5-23 (FINAL),1724.2565824170003,18.436733333332995,DEFENSE,49,D Foul,P/R,,"#2 George, #3 Coleman, #13 Kelly, #5 Gapare, #12 Claude",X2F,,,,
Game #7 - UGA 12-5-23 (FINAL),1767.1867247909997,8.60916408433377,DEFENSE,50,,P/R,,"#2 George, #3 Coleman, #13 Kelly, #5 Gapare, #12 Claude",FT - MI,,,,
Game #7 - UGA 12-5-23 (FINAL),1788.593949083667,7.266666666666424,DEFENSE,51,,P/R,,"#2 George, #3 Coleman, #13 Kelly, #5 Gapare, #12 Claude",FT - MK,,,,
Game #7 - UGA 12-5-23 (FINAL),1827.0198490836667,11.197700000333498,DEFENSE,52,"Opp Off Reb, Transition D",,,"#2 George, #3 Coleman, #13 Kelly, #5 Gapare, #12 Claude",X3,TRANSITION,,,
Game #7 - UGA 12-5-23 (FINAL),1838.2175490840002,21.166866666333135,DEFENSE,53,,ISO,,"#2 George, #3 Coleman, #13 Kelly, #5 Gapare, #12 Claude",O3,,,,
Game #7 - UGA 12-5-23 (FINAL),1911.437415750667,29.766999999999825,DEFENSE,54,,DK/MVMT,,"#2 George, #14 Reeves, #13 Kelly, #11 Ndongo, #10 Dowuona",TO,,,,
Game #7 - UGA 12-5-23 (FINAL),2002.371715750667,11.250133332999667,DEFENSE,55,,DK/MVMT,,"#2 George, #14 Reeves, #13 Kelly, #11 Ndongo, #3 Coleman",X2,,,,
Game #7 - UGA 12-5-23 (FINAL),2026.4553157506668,15.666833332999886,DEFENSE,56,,POST,,"#2 George, #14 Reeves, #13 Kelly, #11 Ndongo, #3 Coleman",X3,,,,
Game #7 - UGA 12-5-23 (FINAL),2056.2555824170004,28.383700000666522,DEFENSE,57,,POST,,"#2 George, #14 Reeves, #13 Kelly, #11 Ndongo, #3 Coleman",O3,,,,
Game #7 - UGA 12-5-23 (FINAL),2105.5728157503336,17.68527745933352,DEFENSE,58,,POST,,"#2 George, #14 Reeves, #13 Kelly, #11 Ndongo, #3 Coleman",X2,,,,
Game #7 - UGA 12-5-23 (FINAL),2195.2904490836663,14.575466666667126,DEFENSE,59,,CUT,,"#2 George, #14 Reeves, #13 Kelly, #11 Ndongo, #3 Coleman",O3,,,,
Game #7 - UGA 12-5-23 (FINAL),2224.0574824176665,11.350099999333452,DEFENSE,60,,POST,,"#2 George, #14 Reeves, #13 Kelly, #11 Ndongo, #3 Coleman",TO,,,,
Game #7 - UGA 12-5-23 (FINAL),2240.8991897916667,6.8085592919997,DEFENSE,61,Transition D,,,"#2 George, #14 Reeves, #13 Kelly, #11 Ndongo, #3 Coleman",X2,TRANSITION,,,
Game #7 - UGA 12-5-23 (FINAL),2268.3579490836664,8.61676666700032,DEFENSE,62,"Transition D, Opp Off Reb",,,"#2 George, #14 Reeves, #13 Kelly, #11 Ndongo, #3 Coleman",X3,TRANSITION,,,
Game #7 - UGA 12-5-23 (FINAL),2276.974715750667,5.7167333329998655,DEFENSE,63,,OREB,,"#2 George, #14 Reeves, #13 Kelly, #11 Ndongo, #3 Coleman",X3,,,,
Game #7 - UGA 12-5-23 (FINAL),2300.211242958667,7.1637727919996905,DEFENSE,64,Transition D,,,"#2 George, #14 Reeves, #13 Kelly, #11 Ndongo, #3 Coleman",TO,TRANSITION,,,
Game #7 - UGA 12-5-23 (FINAL),2320.049073458,16.273708959000487,DEFENSE,65,,OFF BALL SCREEN,,"#1 Sturdivant, #23 Sacko, #5 Gapare, #11 Ndongo, #3 Coleman",O3,,,,
Game #7 - UGA 12-5-23 (FINAL),2357.4781490836667,14.383366666666461,DEFENSE,66,,P/R,,"#1 Sturdivant, #23 Sacko, #5 Gapare, #11 Ndongo, #3 Coleman",X3,,,,
Game #7 - UGA 12-5-23 (FINAL),2418.5232824176674,8.433399999999892,DEFENSE,67,Transition D,,,"#1 Sturdivant, #23 Sacko, #5 Gapare, #11 Ndongo, #3 Coleman",X2,TRANSITION,,,
Game #7 - UGA 12-5-23 (FINAL),2443.323549083667,22.55026666699996,DEFENSE,68,BLOB Def,DK/MVMT,,"#1 Sturdivant, #5 Gapare, #11 Ndongo, #3 Coleman, #13 Kelly",O2,,,,
Game #7 - UGA 12-5-23 (FINAL),2486.374049083667,5.08333333399969,DEFENSE,69,"Transition D, D Foul",,,"#1 Sturdivant, #5 Gapare, #11 Ndongo, #3 Coleman, #13 Kelly",,TRANSITION,,,
Game #7 - UGA 12-5-23 (FINAL),2512.2240490836666,9.850366667000344,DEFENSE,70,BLOB Def,BLOB,,"#2 George, #14 Reeves, #13 Kelly, #11 Ndongo, #3 Coleman",O3,,,,
Game #7 - UGA 12-5-23 (FINAL),2531.2078490836666,16.615133333333688,DEFENSE,71,D Foul,ISO,,"#2 George, #14 Reeves, #13 Kelly, #11 Ndongo, #3 Coleman",,,,,
Game #7 - UGA 12-5-23 (FINAL),2564.824849083667,16.266833333999784,DEFENSE,72,BLOB Def,BLOB,,"#2 George, #12 Claude, #13 Kelly, #23 Sacko, #3 Coleman",,,,,
Game #7 - UGA 12-5-23 (FINAL),2594.341682417,11.11693333333369,DEFENSE,73,"BLOB Def, D Foul",BLOB,,"#2 George, #12 Claude, #13 Kelly, #23 Sacko, #3 Coleman",X2F,,,,
Game #7 - UGA 12-5-23 (FINAL),2627.958815750334,6.0001333333334514,DEFENSE,74,,BLOB,,"#2 George, #12 Claude, #13 Kelly, #23 Sacko, #3 Coleman",FT - MK,,,,
Game #7 - UGA 12-5-23 (FINAL),2642.7089824170007,7.066766666666354,DEFENSE,75,,BLOB,,"#2 George, #12 Claude, #13 Kelly, #23 Sacko, #3 Coleman",FT - MI,,,,
Game #7 - UGA 12-5-23 (FINAL),2700.0003511259983,12.722635124668159,DEFENSE,76,,CUT,,"#2 George, #5 Gapare, #13 Kelly, #23 Sacko, #3 Coleman",TO,,,,
Game #7 - UGA 12-5-23 (FINAL),2785.6032577083324,22.438558042000295,DEFENSE,77,,P/R,,"#2 George, #5 Gapare, #13 Kelly, #23 Sacko, #3 Coleman",O3,,,,
Game #7 - UGA 12-5-23 (FINAL),2877.742615750666,15.250166666333826,DEFENSE,78,,ISO,,"#2 George, #5 Gapare, #13 Kelly, #11 Ndongo, #3 Coleman",O2,,,,
Game #7 - UGA 12-5-23 (FINAL),2917.143015750333,19.100166666667064,DEFENSE,79,D Foul,CUT,,"#2 George, #5 Gapare, #13 Kelly, #11 Ndongo, #3 Coleman",O2F,,,,
Game #7 - UGA 12-5-23 (FINAL),2961.099858749333,4.200307625666028,DEFENSE,80,,CUT,,"#2 George, #5 Gapare, #13 Kelly, #11 Ndongo, #3 Coleman",FT - MK,,,,
Game #7 - UGA 12-5-23 (FINAL),3043.1943490836666,22.483566666665865,DEFENSE,81,Opp Off Reb,P/R,,"#2 George, #5 Gapare, #13 Kelly, #11 Ndongo, #14 Reeves",X3,,,,
Game #7 - UGA 12-5-23 (FINAL),3065.6779157503324,5.933400000333677,DEFENSE,82,,ISO,,"#2 George, #5 Gapare, #13 Kelly, #11 Ndongo, #14 Reeves",X2,,,,
Game #7 - UGA 12-5-23 (FINAL),3081.811449083666,19.566866667000795,DEFENSE,83,,P/R,,"#2 George, #5 Gapare, #13 Kelly, #11 Ndongo, #14 Reeves",X2,,,,
Game #7 - UGA 12-5-23 (FINAL),3110.978382417,13.425202417332912,DEFENSE,84,,CUT,,"#2 George, #5 Gapare, #13 Kelly, #11 Ndongo, #14 Reeves",X2,,,,
Game #7 - UGA 12-5-23 (FINAL),3173.712415750667,19.350199999666074,DEFENSE,85,,OFF BALL SCREEN,,"#2 George, #3 Coleman, #13 Kelly, #11 Ndongo, #14 Reeves",X3,,,,
Game #7 - UGA 12-5-23 (FINAL),3199.4970824169995,29.999300000666153,DEFENSE,86,,,,"#2 George, #3 Coleman, #13 Kelly, #11 Ndongo, #14 Reeves",,,,,
Game #7 - UGA 12-5-23 (FINAL),3234.6259381263326,13.760810957667672,DEFENSE,87,SLOB Def,SLOB,,"#2 George, #3 Coleman, #13 Kelly, #11 Ndongo, #14 Reeves",O3,,,,
Game #7 - UGA 12-5-23 (FINAL),3272.087015751,13.650099999999838,DEFENSE,88,,ISO,,"#2 George, #5 Gapare, #13 Kelly, #11 Ndongo, #14 Reeves",X2,,,,
Game #7 - UGA 12-5-23 (FINAL),3294.537215750999,15.733533333001105,DEFENSE,89,D Foul,POST,,"#2 George, #5 Gapare, #13 Kelly, #11 Ndongo, #14 Reeves",X2F,,,,
Game #7 - UGA 12-5-23 (FINAL),3334.5207490840003,5.0,DEFENSE,90,,POST,,"#2 George, #5 Gapare, #13 Kelly, #11 Ndongo, #14 Reeves",FT - MI,,,,
Game #7 - UGA 12-5-23 (FINAL),3365.222828542999,4.4015703326676885,DEFENSE,91,,POST,,"#2 George, #5 Gapare, #13 Kelly, #11 Ndongo, #14 Reeves",FT - MK,,,,
Game #7 - UGA 12-5-23 (FINAL),3390.4882824180004,20.732330708332483,DEFENSE,92,D Foul,ISO,,"#2 George, #3 Coleman, #13 Kelly, #11 Ndongo, #14 Reeves",,,,,
Game #7 - UGA 12-5-23 (FINAL),3426.920727042666,15.968055375334188,DEFENSE,93,SLOB Def,ISO,,"#2 George, #3 Coleman, #13 Kelly, #11 Ndongo, #14 Reeves",O2,,,,
Game #7 - UGA 12-5-23 (FINAL),3461.572315751,4.50003333299901,DEFENSE,94,"Transition D, D Foul",,,"#2 George, #3 Coleman, #13 Kelly, #11 Ndongo, #14 Reeves",,TRANSITION,,,
Game #7 - UGA 12-5-23 (FINAL),3488.1249031673324,15.647845916667393,DEFENSE,95,,,,"#2 George, #3 Coleman, #13 Kelly, #11 Ndongo, #14 Reeves",FT - MI,TRANSITION,,,
Game #7 - UGA 12-5-23 (FINAL),3517.0395824179996,22.366900000000896,DEFENSE,96,,DK/MVMT,,"#2 George, #14 Reeves, #5 Gapare, #12 Claude, #3 Coleman",O2,,,,
Game #7 - UGA 12-5-23 (FINAL),3558.040449083999,18.439666666667108,DEFENSE,97,D Foul,DK/MVMT,,"#2 George, #14 Reeves, #5 Gapare, #12 Claude, #3 Coleman",X2F,,,,
Game #7 - UGA 12-5-23 (FINAL),3582.5717824173335,10.900192666667863,DEFENSE,98,,DK/MVMT,,"#2 George, #14 Reeves, #5 Gapare, #12 Claude, #3 Coleman",FT - MI,,,,
Game #7 - UGA 12-5-23 (FINAL),3606.068376875667,7.402426999666204,DEFENSE,99,,DK/MVMT,,"#2 George, #14 Reeves, #5 Gapare, #12 Claude, #3 Coleman",FT - MK,,,,
Game #7 - UGA 12-5-23 (FINAL),3626.3766186680004,19.996399999999994,DEFENSE,100,,P/R,,"#1 Sturdivant, #14 Reeves, #5 Gapare, #12 Claude, #3 Coleman",X3,,,,
Game #7 - UGA 12-5-23 (FINAL),3659.7056853346676,19.450966666666318,DEFENSE,101,,CUT,,"#1 Sturdivant, #14 Reeves, #5 Gapare, #12 Claude, #3 Coleman",O2,,,,
Game #7 - UGA 12-5-23 (FINAL),3735.671776793334,26.635841874666767,DEFENSE,102,,OFF BALL SCREEN,,"#1 Sturdivant, #14 Reeves, #5 Gapare, #12 Claude, #3 Coleman",X3,,,,
Game #7 - UGA 12-5-23 (FINAL),3810.658052001334,10.116833333333489,DEFENSE,103,"D Foul, Transition D",,,"#1 Sturdivant, #14 Reeves, #5 Gapare, #12 Claude, #3 Coleman",,TRANSITION,,,
Game #7 - UGA 12-5-23 (FINAL),3842.068083835001,6.498781956998755,DEFENSE,104,,,,"#1 Sturdivant, #14 Reeves, #5 Gapare, #12 Claude, #3 Coleman",FT - MK,TRANSITION,,,
Game #7 - UGA 12-5-23 (FINAL),3855.275185334667,5.266700000000128,DEFENSE,105,,,,"#1 Sturdivant, #14 Reeves, #5 Gapare, #12 Claude, #3 Coleman",FT - MK,TRANSITION,,,
Game #7 - UGA 12-5-23 (FINAL),3951.6261853346678,23.283600000333536,DEFENSE,106,,OFF BALL SCREEN,,"#1 Sturdivant, #14 Reeves, #5 Gapare, #12 Claude, #3 Coleman",X3F,,,,
Game #7 - UGA 12-5-23 (FINAL),3998.872958418,4.394959708000897,DEFENSE,107,,OFF BALL SCREEN,,"#1 Sturdivant, #14 Reeves, #5 Gapare, #12 Claude, #3 Coleman",FT - MI,,,,
Game #7 - UGA 12-5-23 (FINAL),4009.270762127,4.798381458000222,DEFENSE,108,,OFF BALL SCREEN,,"#14 Reeves, #1 Sturdivant, #5 Gapare, #12 Claude, #3 Coleman",FT - MK,,,,
Game #7 - UGA 12-5-23 (FINAL),4022.4713747100013,5.200810499998624,DEFENSE,109,,OFF BALL SCREEN,,"#1 Sturdivant, #14 Reeves, #5 Gapare, #12 Claude, #3 Coleman",FT - MK,,,,
Game #7 - UGA 12-5-23 (FINAL),4083.267945460333,28.759939874667907,DEFENSE,110,"Press D, Opp Off Reb",P/R,,"#1 Sturdivant, #14 Reeves, #5 Gapare, #12 Claude, #3 Coleman",X3,,,,
Game #7 - UGA 12-5-23 (FINAL),4112.027885335001,18.33353333299965,DEFENSE,111,,P/R,,"#1 Sturdivant, #14 Reeves, #5 Gapare, #12 Claude, #3 Coleman",X3,,,,
Game #7 - UGA 12-5-23 (FINAL),4215.267494959334,11.602819750333765,DEFENSE,112,,OTHER,,"#1 Sturdivant, #14 Reeves, #5 Gapare, #12 Claude, #3 Coleman",FT - MK,,,,
Game #7 - UGA 12-5-23 (FINAL),4232.170157876,8.400877500000206,DEFENSE,113,,OTHER,,"#1 Sturdivant, #14 Reeves, #5 Gapare, #12 Claude, #3 Coleman",FT - MK,,,,
Game #7 - UGA 12-5-23 (FINAL),4260.246052002001,10.749999999332431,DEFENSE,114,,,,"#1 Sturdivant, #14 Reeves, #5 Gapare, #12 Claude, #3 Coleman",,,,,
Game #7 - UGA 12-5-23 (FINAL),10.793500000000009,8.0,OPP 2PT Shot,1,,,,,,,,,
Game #7 - UGA 12-5-23 (FINAL),141.09653333333335,8.0,OPP 2PT Shot,2,,,,,,,,,
Game #7 - UGA 12-5-23 (FINAL),142.0632,8.0,OPP 2PT Shot,3,,,,,,,,,
Game #7 - UGA 12-5-23 (FINAL),248.03106666733333,8.0,OPP 2PT Shot,4,,,,,,,,,
Game #7 - UGA 12-5-23 (FINAL),286.28153333433335,8.0,OPP 2PT Shot,5,,,,,,,,,
Game #7 - UGA 12-5-23 (FINAL),380.24709383333334,8.0,OPP 2PT Shot,6,,,,,,,,,
Game #7 - UGA 12-5-23 (FINAL),408.7495666673333,8.0,OPP 2PT Shot,7,,,,,,,,,
Game #7 - UGA 12-5-23 (FINAL),423.0830666666667,8.0,OPP 2PT Shot,8,,,,,,,,,
Game #7 - UGA 12-5-23 (FINAL),630.642471,8.0,OPP 2PT Shot,9,,,,,,,,,
Game #7 - UGA 12-5-23 (FINAL),807.0495000000001,8.0,OPP 2PT Shot,10,,,,,,,,,
Game #7 - UGA 12-5-23 (FINAL),857.050066667,8.0,OPP 2PT Shot,11,,,,,,,,,
Game #7 - UGA 12-5-23 (FINAL),1023.485233334,8.0,OPP 2PT Shot,12,,,,,,,,,
Game #7 - UGA 12-5-23 (FINAL),1027.158747917,8.0,OPP 2PT Shot,13,,,,,,,,,
Game #7 - UGA 12-5-23 (FINAL),1143.4558187496666,8.0,OPP 2PT Shot,14,,,,,,,,,
Game #7 - UGA 12-5-23 (FINAL),1218.7674000006666,8.0,OPP 2PT Shot,15,,,,,,,,,
Game #7 - UGA 12-5-23 (FINAL),1393.4844112076667,8.0,OPP 2PT Shot,16,,,,,,,,,
Game #7 - UGA 12-5-23 (FINAL),1463.0181450833336,8.0,OPP 2PT Shot,17,,,,,,,,,
Game #7 - UGA 12-5-23 (FINAL),1482.9239824173335,8.0,OPP 2PT Shot,18,,,,,,,,,
Game #7 - UGA 12-5-23 (FINAL),1545.7616909583332,8.0,OPP 2PT Shot,19,,,,,,,,,
Game #7 - UGA 12-5-23 (FINAL),1608.6253157503336,8.0,OPP 2PT Shot,20,,,,,,,,,
Game #7 - UGA 12-5-23 (FINAL),1623.7587824170002,8.0,OPP 2PT Shot,21,,,,,,,,,
Game #7 - UGA 12-5-23 (FINAL),1734.6821490836667,8.0,OPP 2PT Shot,22,,,,,,,,,
Game #7 - UGA 12-5-23 (FINAL),2006.5218157506667,8.0,OPP 2PT Shot,23,,,,,,,,,
Game #7 - UGA 12-5-23 (FINAL),2116.4924396256665,8.0,OPP 2PT Shot,24,,,,,,,,,
Game #7 - UGA 12-5-23 (FINAL),2240.2608831256666,8.0,OPP 2PT Shot,25,,,,,,,,,
Game #7 - UGA 12-5-23 (FINAL),2419.8066824176667,8.0,OPP 2PT Shot,26,,,,,,,,,
Game #7 - UGA 12-5-23 (FINAL),2458.8527777926674,8.0,OPP 2PT Shot,27,,,,,,,,,
Game #7 - UGA 12-5-23 (FINAL),2537.073010207667,8.0,OPP 2PT Shot,28,,,,,,,,,
Game #7 - UGA 12-5-23 (FINAL),2598.358582417667,8.0,OPP 2PT Shot,29,,,,,,,,,
Game #7 - UGA 12-5-23 (FINAL),2885.476082417,8.0,OPP 2PT Shot,30,,,,,,,,,
Game #7 - UGA 12-5-23 (FINAL),2926.1476427926664,8.0,OPP 2PT Shot,31,,,,,,,,,
Game #7 - UGA 12-5-23 (FINAL),3064.511315750333,8.0,OPP 2PT Shot,32,,,,,,,,,
Game #7 - UGA 12-5-23 (FINAL),3116.6376126256664,8.0,OPP 2PT Shot,33,,,,,,,,,
Game #7 - UGA 12-5-23 (FINAL),3278.9371157509995,8.0,OPP 2PT Shot,34,,,,,,,,,
Game #7 - UGA 12-5-23 (FINAL),3302.3706824173332,8.0,OPP 2PT Shot,35,,,,,,,,,
Game #7 - UGA 12-5-23 (FINAL),3435.8832710839997,8.0,OPP 2PT Shot,36,,,,,,,,,
Game #7 - UGA 12-5-23 (FINAL),3532.1434510420004,8.0,OPP 2PT Shot,37,,,,,,,,,
Game #7 - UGA 12-5-23 (FINAL),3567.2301200009997,8.0,OPP 2PT Shot,38,,,,,,,,,
Game #7 - UGA 12-5-23 (FINAL),3671.644507377001,8.0,OPP 2PT Shot,39,,,,,,,,,
Game #7 - UGA 12-5-23 (FINAL),204.8375335833333,8.0,OPP 3PT Shot,1,,,,,,,,,
Game #7 - UGA 12-5-23 (FINAL),282.4814666666667,8.0,OPP 3PT Shot,2,,,,,,,,,
Game #7 - UGA 12-5-23 (FINAL),446.45000000000005,8.0,OPP 3PT Shot,3,,,,,,,,,
Game #7 - UGA 12-5-23 (FINAL),492.4128790010001,8.0,OPP 3PT Shot,4,,,,,,,,,
Game #7 - UGA 12-5-23 (FINAL),607.215118541,8.0,OPP 3PT Shot,5,,,,,,,,,
Game #7 - UGA 12-5-23 (FINAL),707.2396,8.0,OPP 3PT Shot,6,,,,,,,,,
Game #7 - UGA 12-5-23 (FINAL),749.1494666663334,8.0,OPP 3PT Shot,7,,,,,,,,,
Game #7 - UGA 12-5-23 (FINAL),972.084733333,8.0,OPP 3PT Shot,8,,,,,,,,,
Game #7 - UGA 12-5-23 (FINAL),1005.9516999996667,8.0,OPP 3PT Shot,9,,,,,,,,,
Game #7 - UGA 12-5-23 (FINAL),1059.9433101670002,8.0,OPP 3PT Shot,10,,,,,,,,,
Game #7 - UGA 12-5-23 (FINAL),1106.1161999996666,8.0,OPP 3PT Shot,11,,,,,,,,,
Game #7 - UGA 12-5-23 (FINAL),1299.6448941246667,8.0,OPP 3PT Shot,12,,,,,,,,,
Game #7 - UGA 12-5-23 (FINAL),1410.8231490836667,8.0,OPP 3PT Shot,13,,,,,,,,,
Game #7 - UGA 12-5-23 (FINAL),1480.3906157513336,8.0,OPP 3PT Shot,14,,,,,,,,,
Game #7 - UGA 12-5-23 (FINAL),1521.0243490836667,8.0,OPP 3PT Shot,15,,,,,,,,,
Game #7 - UGA 12-5-23 (FINAL),1829.120956251,8.0,OPP 3PT Shot,16,,,,,,,,,
Game #7 - UGA 12-5-23 (FINAL),1851.1177490840003,8.0,OPP 3PT Shot,17,,,,,,,,,
Game #7 - UGA 12-5-23 (FINAL),2034.5721157506666,8.0,OPP 3PT Shot,18,,,,,,,,,
Game #7 - UGA 12-5-23 (FINAL),2076.622582417667,8.0,OPP 3PT Shot,19,,,,,,,,,
Game #7 - UGA 12-5-23 (FINAL),2201.6159322916665,8.0,OPP 3PT Shot,20,,,,,,,,,
Game #7 - UGA 12-5-23 (FINAL),2269.0746490836664,8.0,OPP 3PT Shot,21,,,,,,,,,
Game #7 - UGA 12-5-23 (FINAL),2274.8247490836666,8.0,OPP 3PT Shot,22,,,,,,,,,
Game #7 - UGA 12-5-23 (FINAL),2328.072790166667,8.0,OPP 3PT Shot,23,,,,,,,,,
Game #7 - UGA 12-5-23 (FINAL),2361.3448157506673,8.0,OPP 3PT Shot,24,,,,,,,,,
Game #7 - UGA 12-5-23 (FINAL),2361.528149083667,8.0,OPP 3PT Shot,25,,,,,,,,,
Game #7 - UGA 12-5-23 (FINAL),2512.5243490836674,8.0,OPP 3PT Shot,26,,,,,,,,,
Game #7 - UGA 12-5-23 (FINAL),2799.7918157506665,8.0,OPP 3PT Shot,27,,,,,,,,,
Game #7 - UGA 12-5-23 (FINAL),3056.8629493746666,8.0,OPP 3PT Shot,28,,,,,,,,,
Game #7 - UGA 12-5-23 (FINAL),3094.069886000666,8.0,OPP 3PT Shot,29,,,,,,,,,
Game #7 - UGA 12-5-23 (FINAL),3183.841015750333,8.0,OPP 3PT Shot,30,,,,,,,,,
Game #7 - UGA 12-5-23 (FINAL),3239.6307406260003,8.0,OPP 3PT Shot,31,,,,,,,,,
Game #7 - UGA 12-5-23 (FINAL),3637.8494542510007,8.0,OPP 3PT Shot,32,,,,,,,,,
Game #7 - UGA 12-5-23 (FINAL),3651.9556853346676,8.0,OPP 3PT Shot,33,,,,,,,,,
Game #7 - UGA 12-5-23 (FINAL),3754.278376376001,8.0,OPP 3PT Shot,34,,,,,,,,,
Game #7 - UGA 12-5-23 (FINAL),3967.0600353770005,8.0,OPP 3PT Shot,35,,,,,,,,,
Game #7 - UGA 12-5-23 (FINAL),4102.862826543001,8.0,OPP 3PT Shot,36,,,,,,,,,
Game #7 - UGA 12-5-23 (FINAL),4121.840413918,8.0,OPP 3PT Shot,37,,,,,,,,,
Game #7 - UGA 12-5-23 (FINAL),0.0,477.6703,GAME,1,,,,,,,,,
Game #7 - UGA 12-5-23 (FINAL),478.71643333300005,291.54526666666663,GAME,2,,,,,,,,,
Game #7 - UGA 12-5-23 (FINAL),770.2616999996667,304.4240666666667,GAME,3,,,,,,,,,
Game #7 - UGA 12-5-23 (FINAL),1074.6857666663334,328.80623333333324,GAME,4,,,,,,,,,
Game #7 - UGA 12-5-23 (FINAL),1404.427682417,393.40036666666674,GAME,5,,,,,,,,,
Game #7 - UGA 12-5-23 (FINAL),1797.8280490836667,81.5911000000001,GAME,6,,,,,,,,,
Game #7 - UGA 12-5-23 (FINAL),1879.4191490836668,439.5094999999999,GAME,7,,,,,,,,,
Game #7 - UGA 12-5-23 (FINAL),2318.9286490836666,54.87943333333351,GAME,8,,,,,,,,,
Game #7 - UGA 12-5-23 (FINAL),2373.808082417,301.71579999999994,GAME,9,,,,,,,,,
Game #7 - UGA 12-5-23 (FINAL),2675.523882417,556.4225333336663,GAME,10,,,,,,,,,
Game #7 - UGA 12-5-23 (FINAL),3231.9464157506663,350.6253666666671,GAME,11,,,,,,,,,
Game #7 - UGA 12-5-23 (FINAL),3585.477385334667,692.8877333333339,GAME,12,,,,,,,,,
Game #7 - UGA 12-5-23 (FINAL),105.26283333333335,8.0,FGA - Reeves #14,1,,,,,,,,,
Game #7 - UGA 12-5-23 (FINAL),222.0308,8.0,FGA - Reeves #14,2,,,,,,,,,
Game #7 - UGA 12-5-23 (FINAL),365.2324000003333,8.0,FGA - Reeves #14,3,,,,,,,,,
Game #7 - UGA 12-5-23 (FINAL),961.3512000000001,8.0,FGA - Reeves #14,4,,,,,,,,,
Game #7 - UGA 12-5-23 (FINAL),1247.6177666666667,8.0,FGA - Reeves #14,5,,,,,,,,,
Game #7 - UGA 12-5-23 (FINAL),2097.056149083667,8.0,FGA - Reeves #14,6,,,,,,,,,
Game #7 - UGA 12-5-23 (FINAL),2215.4241157506667,8.0,FGA - Reeves #14,7,,,,,,,,,
Game #7 - UGA 12-5-23 (FINAL),2256.3412157506664,8.0,FGA - Reeves #14,8,,,,,,,,,
Game #7 - UGA 12-5-23 (FINAL),2524.1911490836674,8.0,FGA - Reeves #14,9,,,,,,,,,
Game #7 - UGA 12-5-23 (FINAL),3191.9971185426666,8.0,FGA - Reeves #14,10,,,,,,,,,
Game #7 - UGA 12-5-23 (FINAL),310.8484666673333,8.0,FGA - Ndongo #11,1,,,,,,,,,
Game #7 - UGA 12-5-23 (FINAL),439.99990000033335,8.0,FGA - Ndongo #11,2,,,,,,,,,
Game #7 - UGA 12-5-23 (FINAL),737.6609820000001,8.0,FGA - Ndongo #11,3,,,,,,,,,
Game #7 - UGA 12-5-23 (FINAL),865.092473291,8.0,FGA - Ndongo #11,4,,,,,,,,,
Game #7 - UGA 12-5-23 (FINAL),992.4015666663333,8.0,FGA - Ndongo #11,5,,,,,,,,,
Game #7 - UGA 12-5-23 (FINAL),2019.8719824176667,8.0,FGA - Ndongo #11,6,,,,,,,,,
Game #7 - UGA 12-5-23 (FINAL),2216.974115750333,8.0,FGA - Ndongo #11,7,,,,,,,,,
Game #7 - UGA 12-5-23 (FINAL),2259.3936576256665,8.0,FGA - Ndongo #11,8,,,,,,,,,
Game #7 - UGA 12-5-23 (FINAL),2411.100313458667,8.0,FGA - Ndongo #11,9,,,,,,,,,
Game #7 - UGA 12-5-23 (FINAL),3263.470249084,8.0,FGA - Ndongo #11,10,,,,,,,,,
Game #7 - UGA 12-5-23 (FINAL),3264.5369490840003,8.0,FGA - Ndongo #11,11,,,,,,,,,
Game #7 - UGA 12-5-23 (FINAL),3287.687182418,8.0,FGA - Ndongo #11,12,,,,,,,,,
Game #7 - UGA 12-5-23 (FINAL),395.2493666666667,8.0,FGA - Kelly #13,1,,,,,,,,,
Game #7 - UGA 12-5-23 (FINAL),459.6168,8.0,FGA - Kelly #13,2,,,,,,,,,
Game #7 - UGA 12-5-23 (FINAL),514.337433334,8.0,FGA - Kelly #13,3,,,,,,,,,
Game #7 - UGA 12-5-23 (FINAL),1013.4080255830002,8.0,FGA - Kelly #13,4,,,,,,,,,
Game #7 - UGA 12-5-23 (FINAL),1094.9061983326667,8.0,FGA - Kelly #13,5,,,,,,,,,
Game #7 - UGA 12-5-23 (FINAL),1244.3343666663334,8.0,FGA - Kelly #13,6,,,,,,,,,
Game #7 - UGA 12-5-23 (FINAL),1599.1085490843336,8.0,FGA - Kelly #13,7,,,,,,,,,
Game #7 - UGA 12-5-23 (FINAL),1903.3327832926668,8.0,FGA - Kelly #13,8,,,,,,,,,
Game #7 - UGA 12-5-23 (FINAL),1943.8600847916666,8.0,FGA - Kelly #13,9,,,,,,,,,
Game #7 - UGA 12-5-23 (FINAL),2186.7873635426668,8.0,FGA - Kelly #13,10,,,,,,,,,
Game #7 - UGA 12-5-23 (FINAL),2260.832348875667,8.0,FGA - Kelly #13,11,,,,,,,,,
Game #7 - UGA 12-5-23 (FINAL),2906.8763157506664,8.0,FGA - Kelly #13,12,,,,,,,,,
Game #7 - UGA 12-5-23 (FINAL),3074.294749083666,8.0,FGA - Kelly #13,13,,,,,,,,,
Game #7 - UGA 12-5-23 (FINAL),3102.9617157503335,8.0,FGA - Kelly #13,14,,,,,,,,,
Game #7 - UGA 12-5-23 (FINAL),3454.055615751,8.0,FGA - Kelly #13,15,,,,,,,,,
Game #7 - UGA 12-5-23 (FINAL),587.410464208,8.0,FGA - Claude #12,1,,,,,,,,,
Game #7 - UGA 12-5-23 (FINAL),622.996218375,8.0,FGA - Claude #12,2,,,,,,,,,
Game #7 - UGA 12-5-23 (FINAL),1717.0065912923335,8.0,FGA - Claude #12,3,,,,,,,,,
Game #7 - UGA 12-5-23 (FINAL),3683.9664093750007,8.0,FGA - Claude #12,4,,,,,,,,,
Game #7 - UGA 12-5-23 (FINAL),3880.842185335001,8.0,FGA - Claude #12,5,,,,,,,,,
Game #7 - UGA 12-5-23 (FINAL),4035.814743209001,8.0,FGA - Claude #12,6,,,,,,,,,
Game #7 - UGA 12-5-23 (FINAL),724.9731666670001,8.0,FGA - Coleman #3,1,,,,,,,,,
Game #7 - UGA 12-5-23 (FINAL),990.118233333,8.0,FGA - Coleman #3,2,,,,,,,,,
Game #7 - UGA 12-5-23 (FINAL),1592.7584490843335,8.0,FGA - Coleman #3,3,,,,,,,,,
Game #7 - UGA 12-5-23 (FINAL),1615.8853157503333,8.0,FGA - Coleman #3,4,,,,,,,,,
Game #7 - UGA 12-5-23 (FINAL),2018.955282417667,8.0,FGA - Coleman #3,5,,,,,,,,,
Game #7 - UGA 12-5-23 (FINAL),2293.058249083667,8.0,FGA - Coleman #3,6,,,,,,,,,
Game #7 - UGA 12-5-23 (FINAL),2306.991749083667,8.0,FGA - Coleman #3,7,,,,,,,,,
Game #7 - UGA 12-5-23 (FINAL),2722.374315750666,8.0,FGA - Coleman #3,8,,,,,,,,,
Game #7 - UGA 12-5-23 (FINAL),2987.2185339576663,8.0,FGA - Coleman #3,9,,,,,,,,,
Game #7 - UGA 12-5-23 (FINAL),3802.4080520020007,8.0,FGA - Coleman #3,10,,,,,,,,,
Game #7 - UGA 12-5-23 (FINAL),3878.1588520020014,8.0,FGA - Coleman #3,11,,,,,,,,,
Game #7 - UGA 12-5-23 (FINAL),3944.6095186680013,8.0,FGA - Coleman #3,12,,,,,,,,,
Game #7 - UGA 12-5-23 (FINAL),787.0493000000001,8.0,FGA - Sacko #23,1,,,,,,,,,
Game #7 - UGA 12-5-23 (FINAL),1123.5330666663333,8.0,FGA - Sacko #23,2,,,,,,,,,
Game #7 - UGA 12-5-23 (FINAL),2350.966874499667,8.0,FGA - Sacko #23,3,,,,,,,,,
Game #7 - UGA 12-5-23 (FINAL),2660.5692888346666,8.0,FGA - Sacko #23,4,,,,,,,,,
Game #7 - UGA 12-5-23 (FINAL),909.450633334,8.0,FGA - Sturdivant #1,1,,,,,,,,,
Game #7 - UGA 12-5-23 (FINAL),1536.2578490843337,8.0,FGA - Sturdivant #1,2,,,,,,,,,
Game #7 - UGA 12-5-23 (FINAL),4030.393268543001,8.0,FGA - Sturdivant #1,3,,,,,,,,,
Game #7 - UGA 12-5-23 (FINAL),1034.785366667,8.0,FGA - George #2,1,,,,,,,,,
Game #7 - UGA 12-5-23 (FINAL),1189.3801676246667,8.0,FGA - George #2,2,,,,,,,,,
Game #7 - UGA 12-5-23 (FINAL),1367.169033333,8.0,FGA - George #2,3,,,,,,,,,
Game #7 - UGA 12-5-23 (FINAL),1859.7011824170002,8.0,FGA - George #2,4,,,,,,,,,
Game #7 - UGA 12-5-23 (FINAL),1995.3216824176668,8.0,FGA - George #2,5,,,,,,,,,
Game #7 - UGA 12-5-23 (FINAL),2870.1350490836658,8.0,FGA - George #2,6,,,,,,,,,
Game #7 - UGA 12-5-23 (FINAL),3166.055019417666,8.0,FGA - George #2,7,,,,,,,,,
Game #7 - UGA 12-5-23 (FINAL),3383.208321626,8.0,FGA - George #2,8,,,,,,,,,
Game #7 - UGA 12-5-23 (FINAL),3508.498381126,8.0,FGA - George #2,9,,,,,,,,,
Game #7 - UGA 12-5-23 (FINAL),1370.8357333336667,8.0,FGA - Dowuona #10,1,,,,,,,,,
Game #7 - UGA 12-5-23 (FINAL),1501.7248824170003,8.0,FGA - Gapare #5,1,,,,,,,,,
Game #7 - UGA 12-5-23 (FINAL),2478.6356566256673,8.0,FGA - Gapare #5,2,,,,,,,,,
Game #7 - UGA 12-5-23 (FINAL),2726.8133327916667,8.0,FGA - Gapare #5,3,,,,,,,,,
Game #7 - UGA 12-5-23 (FINAL),3550.790468792,8.0,FGA - Gapare #5,4,,,,,,,,,
Game #7 - UGA 12-5-23 (FINAL),3617.8766436680007,8.0,FGA - Gapare #5,5,,,,,,,,,
Game #7 - UGA 12-5-23 (FINAL),4251.962685335001,8.0,FGA - Gapare #5,6,,,,,,,,,